QUADNAME,TAG,STEMTAG,SPCODE,QX,QY,BREAKDOWNSTATUS.2014,BDS.2021,PIECE.2014,PIECE.2021,INTEG.2021,DECAYCLASSORIG,DECAYCLASS.2021,GC.2021,HEIGHT.2014,HEIGHT.2021,TOPDIAM.2014,TOPDIAM.2021,DBH,DBH.2021,LENGTH.2014,LENGTH.2021,ANGLE,DIRECTION,NOTES.2014
114,10121,,,,,live buds,,A,,,1,,,,,,,29.6,,8.7,,,,live buds
114,10117,,,,,live buds,,A,,,1,,,,,,,23.8,,8.7,,,,live buds
116,no tag,,,,,lying whole,,A,,,3,,,,,,,53.1,,28.3,,,,
118,no tag,,,,,stump,,A,,,3,,,,,,,,,,,,,
119,10199,,,,,lying broken,,A,,,2,,,,,,,16.2,,8.4,,,,
122,no tag,,,,,lying whole,,A,,,3,,,,,,,47,,11.4,,,,
126,no tag,,,,,lying whole,,A,,,3,,,,,,,41.3,,16,,,,
127,10069,,,,,standing dead,,A,,,3,,,,,,,61.2,,,,,,
127,no tag,,,,,lying whole,,A,,,3,,,,,,,21,,6.7,,,,
127,no tag,,,,,lying whole,,A,,,3,,,,,,,39,,10.4,,,,
129,10277,,,,,standing broken,,B,,,2,,,,,,,5.3,,1.6,,,,
129,10199,,,,,lying broken,,B,,,2,,,,,,,12.2,,1.4,,,,
129,10199,,,,,lying broken,,C,,,2,,,,,,,11.7,,2,,,,
133,10213,,,,,standing dead,,A,,,2,,,,,,,30.9,,,,,,
134,10216,,,,,standing dead,,A,,,2,,,,,,,15.7,,,,,,
135,10220,,,,,standing broken,,A,,,3,,,2.5,,16.3,,20.7,,,,,,
135,10220,,,,,standing broken,,B,,,3,,,,,,,16.3,,5.4,,,,
136,no tag,,,,,lying whole,,A,,,3,,,,,,,12.5,,2.5,,,,
138,no tag,,,,,lying whole,,A,,,3,,,,,,,43.6,,21.5,,,,
138,no tag,,,,,lying whole,,A,,,3,,,,,,,35,,17.9,,,,
138,no tag,,,,,lying whole,,A,,,3,,,,,,,27.7,,12.4,,,,
138,no tag,,,,,lying whole,,A,,,3,,,,,,,34.9,,19.5,,,,
139,no tag,,,,,stump,,A,,,3,,,,,,,,,,,,,
139,no tag,,,,,lying whole,,A,,,2,,,,,,,7.6,,5.9,,,,
141,10302,,,,,standing broken,,A,,,3,,,6.1,,25.3,,39.4,,,,,,
141,10302,,,,,standing broken,,B,,,3,,,,,,,25.3,,7.8,,,,
141,10304,,,,,standing dead,,A,,,3,,,,,,,41,,,,,,
142,no tag,,,,,stump,,A,,,3,,,,,,,,,,,,,
142,10312,,,,,standing broken,,A,,,3,,,7.3,,24.1,,38,,,,,,
142,10312,,,,,standing broken,,B,,,3,,,,,,,24.1,,7.7,,,,
144,10323,,,,,lying whole,,A,,,2,,,,,,,12.6,,3.2,,,,
145,10337,,,,,stump,,A,,,3,,,,,,,,,,,,,
146,no tag,,,,,lying whole,,A,,,3,,,,,,,18,,7.4,,,,
147,no tag,,,,,lying whole,,A,,,3,,,,,,,38.8,,19,,,,
147,10353,,,,,standing broken,,A,,,2,,,2.5,,12.1,,13.5,,,,,,
147,10353,,,,,standing broken,,B,,,2,,,,,,,12.1,,7.4,,,,
147,no tag,,,,,stump,,A,,,3,,,,,,,,,,,,,
147,no tag,,,,,stump,,A,,,3,,,,,,,,,,,,,
148,no tag,,,,,lying whole,,A,,,3,,,,,,,22.7,,11,,,,
149,no tag,,,,,stump,,A,,,3,,,,,,,,,,,,,
149,no tag,,,,,lying whole,,A,,,3,,,,,,,34.4,,17.2,,,,
149,no tag,,,,,lying whole,,A,,,3,,,,,,,32.6,,22.9,,,,
149,no tag,,,,,lying whole,,A,,,3,,,,,,,55.4,,22.4,,,,
149,10384,,,,,standing dead,,A,,,2,,,,,,,2.7,,,,,,
149,10688,,,,,standing dead,,A,,,2,,,,,,,1.7,,,,,,
151,10408,,,,,standing broken,,A,,,3,,,4.6,,28,,30,,,,,,
151,10408,,,,,standing broken,,B,,,3,,,,,,,28,,17.1,,,,
153,10430,,,,,live buds,,A,,,1,,,,,,,30,,18.7,,,,live buds
153,no tag,,,,,stump,,A,,,3,,,,,,,,,,,,,
153,10426,,,,,live buds,,A,,,1,,,,,,,,,,,,,
153,10425,,,,,lying whole,,A,,,3,,,,,,,59.3,,9.4,,,,
155,10453,,,,,standing broken,,A,,,3,,,3,,27,,31.5,,,,,,
155,10453,,,,,standing broken,,B,,,3,,,,,,,27,,9.4,,,,
156,10454,,,,,stump,,A,,,3,,,,,,,,,,,,,
156,10455,,,,,standing broken,,A,,,2,,,2.5,,,,13.1,,,,,,no top
159,10470,,,,,live buds,,A,,,1,,,,,,,,,,,,,
159,no tag,,,,,lying whole,,A,,,3,,,,,,,52.2,,13,,,,
162,10610,,,,,standing broken,,A,,,3,,,15,,43.3,,68.9,,,,,,
162,10610,,,,,standing broken,,B,,,3,,,,,,,43.3,,2.5,,,,"end very decayed, using only 1 dbh"
163,no tag,,,,,lying whole,,A,,,3,,,,,,,35.3,,14.3,,,,
164,10628,,,,,standing broken,,A,,,3,,,2.8,,20.8,,24.7,,,,,,
164,10628,,,,,standing broken,,B,,,3,,,,,,,20.8,,6.2,,,,
164,10627,,,,,standing dead,,A,,,2,,,,,,,1.4,,,,,,
168,10647,,,,,live buds,,A,,,2,,,,,,,19.1,,,,,,
169,10656,,,,,lying whole,,A,,,2,,,,,,,35.6,,17,,,,
169,no tag,,,,,stump,,A,,,3,,,,,,,,,,,,,
173,10555,,,,,standing broken,,A,,,1,,,17,,38.6,,55.8,,,,,,
173,10555,,,,,standing broken,,B,,,1,,,,,,,38.6,,10.9,,,,
173,10554,,,,,standing broken,,A,,,2,,,1.7,,,,9.2,,,,,,no top
175,10572,,,,,standing broken,,A,,,3,,,9.1,,31.8,,39.8,,,,,,
175,10572,,,,,standing broken,,B,,,3,,,,,,,31.8,,2.5,,,,
175,10570,,,,,standing dead,,A,,,2,,,,,,,16.2,,,,,,
178,10585,,,,,standing broken,,B,,,3,,,,,,,25.7,,4.4,,,,
179,10585,,,,,standing broken,,A,,,3,,,13.7,,25.7,,33.4,,,,,,
184,no tag,,,,,lying whole,,A,,,3,,,,,,,39.7,,9.1,,,,
184,no tag,,,,,lying whole,,A,,,3,,,,,,,13.4,,10.7,,,,
184,11014,,,,,standing dead,,A,,,3,,,,,,,31.8,,,,,,
184,11015,,,,,standing broken,,A,,,2,,,4,,,,17.6,,,,,,no top
187,11051,,,,,lying whole,,A,,,3,,,,,,,16.5,,2.6,,,,
188,11064,,,,,standing broken,,A,,,2,,,2,,9.5,,32,,,,,,"stump split, dbh measured at second piece"
189,no tag,,,,,lying whole,,A,,,3,,,,,,,8.9,,4.4,,,,
189,no tag,,,,,lying whole,,A,,,3,,,,,,,16.3,,14.4,,,,
189,no tag,,,,,lying whole,,A,,,3,,,,,,,55.5,,24.6,,,,
191,10801,,,,,standing broken,,A,,,3,,,2.1,,29.6,,36.9,,,,,,
191,10801,,,,,standing broken,,B,,,3,,,,,,,29.6,,15.6,,,,
194,no tag,,,,,stump,,A,,,3,,,,,,,,,,,,,
194,10871,,,,,standing broken,,A,,,3,,,1.3,,,,13.3,,,,,,no top
196,11207,,,,,standing dead,,A,,,3,,,,,,,10,,,,,,
197,no tag,,,,,stump,,A,,,3,,,,,,,,,,,,,
198,no tag,,,,,lying whole,,A,,,2,,,,,,,47.5,,17.7,,,,
198,no tag,,,,,stump,,A,,,2,,,,,,,,,,,,,
198,no tag,,,,,lying whole,,A,,,2,,,,,,,29,,4.4,,,,
199,no tag,,,,,lying whole,,A,,,3,,,,,,,36,,8.5,,,,
211,20006,,,,,lying whole,,A,,,2,,,,,,,12.5,,9.1,,,,
215,no tag,,,,,lying whole,,A,,,3,,,,,,,21,,18.8,,,,
219,20207,,,,,lying whole,,A,,,2,,,,,,,9.7,,2.7,,,,
222,20109,,,,,lying whole,,A,,,2,,,,,,,11.7,,10.4,,,,
224,20132,,,,,standing broken,,A,,,2,,,2.5,,,,9.8,,,,,,
224,20132,,,,,standing broken,,B,,,2,,,,,,,9.7,,3.2,,,,
226,20145,,,,,standing broken,,A,,,1,,,7,,32.3,,49.2,,,,,,
226,20145,,,,,standing broken,,B,,,1,,,,,,,32.3,,16.2,,,,
229,20180,,,,,standing broken,,A,,,2,,,1.3,,7.5,,8.3,,,,,,
229,20180,,,,,standing broken,,B,,,2,,,,,,,7.5,,3.3,,,,
229,no tag,,,,,stump,,A,,,3,,,,,,,,,,,,,
231,20306,,,,,lying whole,,A,,,2,,,,,,,24.8,,12,,,,
232,21529,,,,,lying whole,,A,,,2,,,,,,,7.6,,6.9,,,,
232,20321,,,,,lying whole,,A,,,3,,,,,,,15.8,,13.8,,,,
233,no tag,,,,,stump,,A,,,3,,,,,,,,,,,,,
233,no tag,,,,,lying whole,,A,,,3,,,,,,,16.7,,10.5,,,,
233,no tag,,,,,lying whole,,A,,,2,,,,,,,14.6,,11.1,,,,
236,20342,,,,,lying whole,,A,,,2,,,,,,,5.4,,6.6,,,,
238,no tag,,,,,lying whole,,A,,,2,,,,,,,5,,5.5,,,,
238,no tag,,,,,lying whole,,A,,,2,,,,,,,3.3,,4,,,,
242,20239,,,,,standing dead,,A,,,2,,,,,,,70.4,,,,,,
244,no tag,,,,,stump,,A,,,3,,,,,,,,,,,,,
244,21541,,,,,standing dead,,A,,,2,,,,,,,39.7,,,,,,
246,20288,,,,,lying whole,,A,,,2,,,,,,,21.8,,7.9,,,,
248,20516,,,,,lying whole,,A,,,2,,,,,,,5.9,,6.2,,,,
249,20527,,,,,lying whole,,A,,,2,,,,,,,11.3,,3.4,,,,
252,20718,,,,,standing broken,,C,,,2,,,,,,,5.5,,1.9,,,,
255,20450,,,,,lying whole,,A,,,2,,,,,,,7.9,,4.5,,,,
255,no tag,,,,,lying whole,,A,,,3,,,,,,,10.5,,6.9,,,,
256,20462,,,,,lying whole,,A,,,2,,,,,,,18.4,,11.6,,,,
258,20488,,,,,standing dead,,A,,,1,,,,,,,13,,,,,,
261,no tag,,,,,lying whole,,A,,,2,,,,,,,8.8,,4,,,,
262,20708,,,,,standing dead,,A,,,2,,,,,,,33.2,,,,,,
263,20718,,,,,standing broken,,A,,,2,,,4,,9.6,,12.9,,,,,,
263,20718,,,,,standing broken,,B,,,2,,,,,,,9.6,,6.4,,,,
264,20743,,,,,lying whole,,A,,,2,,,,,,,4.7,,4.4,,,,
264,no tag,,,,,lying whole,,A,,,3,,,,,,,71.4,,14.5,,,,
265,20759,,,,,lying whole,,A,,,2,,,,,,,4.3,,2.2,,,,
265,20756,,,,,standing dead,,A,,,2,,,,,,,4.9,,,,,,
265,no tag,,,,,stump,,A,,,3,,,,,,,,,,,,,
272,20625,,,,,lying broken,,A,,,2,,,,,,,6.2,,2,,,,
272,20625,,,,,lying broken,,B,,,2,,,,,,,4.8,,1.3,,,,
272,no tag,,,,,lying whole,,A,,,3,,,,,,,23.5,,6.2,,,,
273,20635,,,,,lying whole,,A,,,2,,,,,,,5,,4.2,,,,
274,20645,,,,,lying whole,,A,,,2,,,,,,,6.4,,2,,,,leaning
274,21555,,,,,standing broken,,A,,,2,,,3,,7.6,,10.5,,,,,,
274,21555,,,,,standing broken,,B,,,2,,,,,,,7.6,,3.2,,,,
276,no tag,,,,,lying whole,,A,,,3,,,,,,,68.9,,4.7,,,,
277,no tag,,,,,stump,,A,,,3,,,,,,,,,,,,,
278,20690,,,,,lying broken,,A,,,2,,,,,,,24,,19.7,,,,
281,no tag,,,,,lying whole,,A,,,2,,,,,,,25.8,,13,,,,
281,20808,,,,,lying whole,,A,,,1,,,,,,,6,,5.6,,,,
281,no tag,,,,,stump,,A,,,3,,,,,,,,,,,,,
281,20803,,,,,standing dead,,A,,,2,,,,,,,12.9,,,,,,
282,20827,,,,,standing dead,,A,,,2,,,,,,,54.7,,,,,,
282,20820,,,,,standing broken,,A,,,2,,,4,,17.8,,21.7,,,,,,
282,20820,,,,,standing broken,,B,,,2,,,,,,,17.8,,12.3,,,,
283,20835,,,,,lying whole,,A,,,2,,,,,,,14.1,,6,,,,
284,21558,,,,,lying whole,,A,,,2,,,,,,,5.7,,4.8,,,,
286,no tag,,,,,lying whole,,A,,,3,,,,,,,12.5,,9.8,,,,
287,20875,,,,,stump,,A,,,2,,,,,,,,,,,,,
287,20887,,,,,standing broken,,C,,,2,,,,,,,20.8,,3,,,,
287,20887,,,,,standing broken,,D,,,2,,,,,,,15.7,,3.1,,,,
288,20878,,,,,standing broken,,A,,,2,,,1.5,,5.5,,5.6,,,,,,
288,20878,,,,,standing broken,,B,,,2,,,,,,,5.5,,3.8,,,,
288,20887,,,,,standing broken,,A,,,2,,,14,,31.7,,42.3,,,,,,
288,20887,,,,,standing broken,,B,,,2,,,,,,,31.7,,11.2,,,,
289,no tag,,,,,lying whole,,A,,,3,,,,,,,36.7,,23.1,,,,
289,no tag,,,,,stump,,A,,,3,,,,,,,,,,,,,
289,21119,,,,,lying whole,,A,,,3,,,,,,,15.9,,7.3,,,,
291,20927,,,,,standing dead,,A,,,2,,,,,,,20.9,,,,,,
291,no tag,,,,,lying whole,,A,,,3,,,,,,,35.6,,,,,,
293,20954,,,,,lying whole,,A,,,2,,,,,,,3.8,,3.5,,,,
293,20988,,,,,standing broken,,A,,,2,,,,,,,,,,,,,live buds
294,20964,,,,,lying whole,,A,,,2,,,,,,,9.3,,5.1,,,,
294,21566,,,,,lying whole,,A,,,2,,,,,,,6.1,,2.9,,,,
294,20962,,,,,standing dead,,A,,,2,,,,,,,9,,,,,,
294,20970,,,,,standing dead,,A,,,2,,,,,,,6,,,,,,
295,20980,,,,,standing broken,,A,,,2,,,2.4,,19.6,,25.7,,,,,,
295,20980,,,,,standing broken,,B,,,2,,,,,,,19.6,,10.8,,,,
297,20690,,,,,lying broken,,B,,,2,,,,,,,14.8,,2.5,,,,
297,21005,,,,,lying whole,,A,,,2,,,,,,,9.8,,2.9,,,,
298,21253,,,,,standing broken,,C,,,2,,,,,,,14.8,,6.1,,,,
312,no tag,,,,,lying whole,,A,,,3,,,,,,,24.2,,10.9,,,,
315,30050,,,,,lying whole,,A,,,2,,,,,,,34.7,,10,,,,
316,30073,,,,,lying whole,,A,,,1,,,,,,,42.5,,9.24,,,,
316,30066,,,,,lying whole,,A,,,1,,,,,,,35.3,,4.2,,,,
318,no tag,,,,,lying whole,,A,,,3,,,,,,,23.8,,14.9,,,,
323,no tag,,,,,standing broken,,A,,,3,,,,,19.1,,,,,,,,stump
323,no tag,,,,,standing broken,,B,,,3,,,,,,,19.1,,3.3,,,,
323,no tag,,,,,standing broken,,C,,,3,,,,,,,16,,1.9,,,,
324,no tag,,,,,lying whole,,A,,,3,,,,,,,32.7,,11.9,,,,
325,30145,,,,,standing dead,,A,,,3,,,,,,,26.5,,,,,,leaning on 030142
325,30154,,,,,standing broken,,A,,,3,,,,,15.5,,20.8,,,,,,
325,30154,,,,,standing broken,,B,,,3,,,,,,,15.5,,3.8,,,,
325,30154,,,,,standing broken,,C,,,3,,,,,,,12.8,,1.8,,,,
328,no tag,,,,,stump,,A,,,3,,,,,,,,,,,,,
329,30198,,,,,lying whole,,A,,,3,,,,,,,21.2,,8.8,,,,
331,30201,,,,,lying whole,,A,,,2,,,,,,,7.7,,3.6,,,,
331,30209,,,,,lying broken,,A,,,3,,,,,,,16.7,,2.8,,,,
331,30209,,,,,lying broken,,B,,,3,,,,,,,16.5,,10.6,,,,
332,no tag,,,,,lying whole,,A,,,3,,,,,,,30.8,,19.4,,,,
335,30243,,,,,lying whole,,A,,,3,,,,,,,50.9,,6.5,,,,
335,no tag,,,,,lying whole,,A,,,3,,,,,,,22.2,,17.6,,,,
335,no tag,,,,,lying whole,,A,,,3,,,,,,,27,,14.4,,,,
336,no tag,,,,,stump,,A,,,3,,,,,,,,,,,,,
336,no tag,,,,,stump,,A,,,3,,,,,,,,,,,,,
336,30259,,,,,live buds,,A,,,1,,,,,,,,,,,,,
342,no tag,,,,,lying whole,,A,,,3,,,,,,,59,,18.6,,,,
344,no tag,,,,,lying whole,,A,,,2,,,,,,,16.8,,9.6,,,,
347,no tag,,,,,lying whole,,A,,,2,,,,,,,12.2,,11.4,,,,
347,30911,,,,,lying whole,,A,,,3,,,,,,,22.8,,7.4,,,,
347,30915,,,,,standing broken,,A,,,2,,,,,,,8.5,,6.2,,,,connected
348,30941,,,,,lying broken,,A,,,3,,,,,,,12.4,,3.4,,,,
348,30941,,,,,lying broken,,B,,,3,,,,,,,12.3,,2.9,,,,
349,30498,,,,,lying broken,,A,,,3,,,,,,,14.2,,4.4,,,,
349,30498,,,,,lying broken,,B,,,3,,,,,,,13.5,,1.3,,,,
349,30498,,,,,lying broken,,C,,,3,,,,,,,12.9,,1.2,,,,
351,30424,,,,,lying whole,,A,,,1,,,,,,,93.4,,6.4,,,,
353,no tag,,,,,lying whole,,A,,,3,,,,,,,19.3,,8.3,,,,
356,30822,,,,,lying whole,,A,,,2,,,,,,,33.2,,11.6,,,,
356,30832,,,,,lying whole,,A,,,2,,,,,,,11.6,,12.8,,,,
357,30837,,,,,lying whole,,A,,,2,,,,,,,7.9,,7.3,,,,
357,no tag,,,,,stump,,A,,,3,,,,,,,,,,,,,
358,30871,,,,,lying whole,,A,,,2,,,,,,,35.7,,13.3,,,,
361,30618,,,,,lying whole,,A,,,1,,,,,,,45.3,,28,,,,leaning
361,30622,,,,,lying whole,,A,,,1,,,,,,,33,,20,,,,leaning
361,30624,,,,,standing broken,,A,,,1,,,4,,25.7,,32.4,,,,,,
361,30624,,,,,standing broken,,B,,,1,,,,,,,25.7,,14.8,,,,
366,no tag,,,,,lying whole,,A,,,3,,,,,,,12.2,,4.8,,,,
371,30528,,,,,standing broken,,A,,,1,,,3,,30.7,,37.1,,,,,,
371,30528,,,,,standing broken,,B,,,1,,,,,,,30.7,,10.8,,,,
376,no tag,,,,,lying whole,,A,,,3,,,,,,,30.7,,7.5,,,,
377,31120,,,,,standing broken,,A,,,2,,,1.5,,9,,9,,,,,,
377,31120,,,,,standing broken,,B,,,2,,,,,,,9,,2.2,,,,
377,31129,,,,,standing broken,,A,,,2,,,2,,6.6,,8,,,,,,
377,31129,,,,,standing broken,,B,,,2,,,,,,,6.6,,3.9,,,,
378,no tag,,,,,lying whole,,A,,,3,,,,,,,8.5,,6.6,,,,
378,31137,,,,,lying whole,,A,,,2,,,,,,,8.9,,3.8,,,,
381,31077,,,,,lying broken,,D,,,3,,,,,,,37.4,,1.2,,,,
382,31077,,,,,lying broken,,B,,,3,,,,,,,60.5,,3.6,,,,
382,31077,,,,,lying broken,,C,,,3,,,,,,,38.6,,3.5,,,,
387,31303,,,,,stump,,A,,,3,,,,,,,,,,,,,
388,31303,,,,,lying broken,,B,,,3,,,,,,,9.8,,3.8,,,,
389,31340,,,,,standing dead,,A,,,2,,,,,,,20.9,,,,,,
391,31077,,,,,lying broken,,E,,,3,,,,,,,36.3,,2.4,,,,
394,no tag,,,,,lying whole,,A,,,3,,,,,,,55.9,,2.5,,,,
394,31077,,,,,lying broken,,A,,,3,,,,,,,97,,17.5,,,,
416,40093,,,,,standing dead,,A,,,2,,,10.7,,33.7,,45.8,,,,,,
416,40501,,,,,lying whole,,B,,,2,,,,,,,24.7,,1.5,,,,
416,40501,,,,,lying whole,,C,,,2,,,,,,,26,,0.7,,,,
416,40501,,,,,lying whole,,D,,,2,,,,,,,22.2,,1.2,,,,
416,40501,,,,,lying whole,,E,,,2,,,,,,,21.6,,0.9,,,,
416,no tag,,,,,stump,,A,,,3,,,,,,,,,,,,,
417,40511,,,,,lying broken,,A,,,2,,,,,,,38.3,,15.2,,,,
417,40501,,,,,lying whole,,A,,,2,,,,,,,32.8,,9,,,,
418,no tag,,,,,lying whole,,A,,,3,,,,,,,17.2,,3.2,,,,
421,40203,,,,,lying cut,,C,,,1,,,,,,,43.8,,2.5,,,,
426,40511,,,,,lying whole,,B,,,2,,,,,,,22.3,,1.8,,,,
426,40093,,,,,standing broken,,B,,,2,,,,,,,33.7,,1.5,,,,
426,40093,,,,,standing broken,,C,,,2,,,,,,,28.9,,5.2,,,,
426,40327,,,,,lying whole,Log,A,A,C,3,4,G,,,,8,12.5,12.1,8.7,8.7,,NE,MISSED IN2017
429,40626,,,,,standing broken,,A,,,2,,,2.3,,19.3,,20.1,,,,,,
429,40626,,,,,standing broken,,B,,,2,,,,,,,19.3,,14.3,,,,
431,40203,,,,,lying cut,,A,,,1,,,1.3,,,,46.5,,,,,,
431,40203,,,,,lying cut,,B,,,1,,,,,,,46.5,,2.3,,,,
431,40203,,,,,lying cut,,D,,,1,,,,,,,39.1,,2,,,,
431,40203,,,,,lying cut,,E,,,1,,,,,,,39.1,,2,,,,
431,40203,,,,,lying cut,,F,,,1,,,,,,,38.9,,2,,,,
431,40203,,,,,lying cut,,G,,,1,,,,,,,38.2,,1.5,,,,
431,40203,,,,,lying cut,,H,,,1,,,,,,,36.1,,10.4,,,,
434,40263,,,,,stump,,A,,,3,,,,,,,,,,,,,
443,40772,,,,,standing broken,,A,,,2,,,13,,31.9,,66,,,,,,
443,40772,,,,,standing broken,,B,,,2,,,,,,,31.9,,4.2,,,,
443,40772,,,,,standing broken,,C,,,2,,,,,,,31.9,,1.2,,,,
444,no tag,,,,,lying whole,,A,,,2,,,,,,,32.6,,5.6,,,,
444,40782,,,,,standing broken,,A,,,2,,,2.5,,,,3.5,,,,,,no top
448,41230,,,,,lying whole,,A,,,2,,,,,,,12.2,,5.5,,,,
456,no tag,,,,,lying whole,,A,,,3,,,,,,,10.9,,2.7,,,,
457,40990,,,,,lying whole,,A,,,3,,,,,,,31.6,,10.3,,,,
458,40997,,,,,standing dead,,A,,,3,,,,,,,17.7,,,,,,
458,41306,,,,,stump,,A,,,3,,,,,,,,,,,,,
458,no tag,,,,,lying whole,,A,,,3,,,,,,,20.2,,10.4,,,,
459,41135,,,,,standing broken,,D,,,2,,,,,,,23.2,,1.3,,,,
461,no tag,,,,,lying whole,,A,,,3,,,,,,,55.8,,18.3,,,,
461,40857,,,,,standing broken,,A,,,1,,,,,,,20,,9.1,,,,
462,40862,,,,,standing broken,,A,,,1,,,,,,,34.6,,16.1,,,,
463,41657,,,,,standing broken,,C,,,2,,,,,,,33.4,,2.7,,,,
463,40866,,,,,standing broken,,A,,,1,,,,,,,58.8,,16.5,,,,
464,no tag,,,,,lying whole,,A,,,3,,,,,,,49,,12,,,,
465,41106,,,,,standing dead,,A,,,3,,,2.4,,,,21.8,,,,,,no top
467,no tag,,,,,lying whole,,A,,,3,,,,,,,21.3,,15.2,,,,
468,41135,,,,,standing broken,,A,,,2,,,5,,35.8,,45.6,,,,,,
468,41135,,,,,standing broken,,B,,,2,,,,,,,35.8,,4.3,,,,
469,no tag,,,,,lying whole,,A,,,3,,,,,,,43,,10.7,,,,
469,no tag,,,,,lying whole,,A,,,3,,,,,,,37,,24.5,,,,
469,41135,,,,,standing broken,,C,,,2,,,,,,,29,,5,,,,
473,41017,,,,,lying whole,,A,,,2,,,,,,,31.6,,23.2,,,,
474,no tag,,,,,lying whole,,A,,,2,,,,,,,10,,6.3,,,,
475,no tag,,,,,stump,,A,,,3,,,,,,,,,,,,,
476,41067,,,,,lying whole,,A,,,2,,,,,,,24.3,,12.5,,,,
477,41077,,,,,lying whole,,A,,,3,,,,,,,28.3,,5.4,,,,
477,41075,,,,,lying whole,,A,,,3,,,,,,,32.2,,11.8,,,,
478,no tag,,,,,lying whole,,A,,,3,,,,,,,20,,7.1,,,,
478,41083,,,,,standing broken,,A,,,1,,,,,,,3.5,,3.5,,,,
478,no tag,,,,,stump,,A,,,3,,,,,,,,,,,,,
482,41634,,,,,standing broken,,A,,,2,,,12,,18.1,,26.1,,,,,,
482,41634,,,,,standing broken,,B,,,2,,,,,,,18.1,,7.1,,,,
483,41646,,,,,lying whole,,A,,,2,,,,,,,4.6,,4.6,,,,
484,41657,,,,,standing broken,,A,,,2,,,5,,44.2,,54,,,,,,
484,41657,,,,,standing broken,,B,,,2,,,,,,,44.2,,15.3,,,,
487,41901,,,,,standing dead,,A,,,2,,,,,,,35.5,,,,,,
487,41906,,,,,lying whole,,A,,,2,,,,,,,35.2,,19.5,,,,
487,41686,,,,,standing broken,,A,,,2,,,3.5,,,,4,,,,,,
492,41548,,,,,lying whole,,A,,,3,,,,,,,21.7,,6.9,,,,
498,no tag,,,,,stump,,A,,,3,,,,,,,,,,,,,
511,no tag,,,,,lying whole,,A,,,3,,,,,,,7.3,,7.7,,,,
511,50007,,,,,lying whole,,A,,,1,,,,,,,5.3,,4.2,,,,stump sprouts
515,50193,,,,,standing dead,,A,,,2,,,,,,,2.4,,,,,,
515,50194,,,,,standing dead,,A,,,2,,,,,,,3.2,,,,,,
521,50103,,,,,standing dead,,A,,,2,,,,,,,4.4,,,,,,
529,50343,,,,,stump,,A,,,3,,,,,,,,,,,,,
535,50071,,,,,lying whole,,A,,,2,,,,,,,5,,2.8,,,,
539,no tag,,,,,lying whole,,A,,,3,,,,,,,5.7,,2.4,,,,
544,no tag,,,,,stump,,A,,,3,,,,,,,,,,,,,
545,50651,,,,,standing dead,,A,,,2,,,,,,,1.7,,,,,,
545,50652,,,,,standing dead,,A,,,2,,,,,,,1.4,,,,,,
546,no tag,,,,,lying whole,,A,,,3,,,,,,,31.1,,7.6,,,,
551,50401,,,,,lying whole,,A,,,2,,,,,,,8.1,,4.6,,,,
551,50402,,,,,standing dead,,A,,,3,,,,,,,48.3,,,,,,
555,no tag,,,,,lying broken,,B,,,3,,,,,,,22.6,,2.4,,,,
558,no tag,,,,,lying whole,,A,,,3,,,,,,,58.4,,13,,,,
558,no tag,,,,,lying whole,,A,,,3,,,,,,,59.6,,15.1,,,,
561,50495,,,,,standing broken,,A,,,3,,,,,,,69.4,,,,,,no top
564,no tag,,,,,standing broken,,A,,,3,,,1.3,,,,36.7,,,,,,no top
565,no tag,,,,,lying broken,,A,,,3,,,,,,,31.5,,9.6,,,,
566,no tag,,,,,lying whole,,A,,,3,,,,,,,43.6,,2,,,,
567,53952,,,,,standing dead,,A,,,2,,,,,,,11.5,,,,,,
568,no tag,,,,,lying whole,,A,,,3,,,,,,,45.4,,15.6,,,,
569,no tag,,,,,lying whole,,A,,,3,,,,,,,31.5,,8.3,,,,
571,50804,,,,,lying whole,,A,,,3,,,,,,,7.5,,5.4,,,,
571,50807,,,,,stump,,A,,,3,,,2,,,,44.5,,,,,,
573,no tag,,,,,lying whole,,A,,,3,,,,,,,33.8,,6.3,,,,
574,50871,,,,,lying whole,,A,,,2,,,,,,,12.2,,8.8,,,,
578,no tag,,,,,stump,,A,,,3,,,,,,,,,,,,,
581,51127,,,,,standing dead,,A,,,2,,,,,,,9.5,,,,,,
584,53663,,,,,standing dead,,A,,,2,,,,,,,10.5,,,,,,
585,no tag,,,,,lying whole,,A,,,3,,,,,,,18,,,,,,
587,51361,,,,,lying whole,,A,,,2,,,,,,,19.8,,13.9,,,,
589,51258,,,,,standing dead,,A,,,2,,,,,,,20.5,,,,,,
591,51208,,,,,standing dead,,A,,,2,,,,,,,4.3,,,,,,
592,no tag,,,,,lying whole,,A,,,3,,,,,,,37.1,,16.1,,,,
593,51161,,,,,stump,,A,,,2,,,,,,,,,,,,,
594,no tag,,,,,lying whole,,A,,,3,,,,,,,14,,5.6,,,,
594,53840,,,,,standing dead,,A,,,2,,,,,,,3,,,,,,
594,53841,,,,,standing dead,,A,,,2,,,,,,,7.3,,,,,,
594,53842,,,,,standing dead,,A,,,2,,,,,,,22,,,,,,
596,53882,,,,,lying whole,,A,,,2,,,,,,,19,,11.6,,,,
599,51031,,,,,standing broken,,A,,,3,,,5,,24.7,,49.5,,,,,,
599,51031,,,,,standing broken,,B,,,3,,,,,,,24.7,,12.6,,,,
612,no tag,,,,,stump,,A,,,3,,,,,,,,,,,,,
613,no tag,,,,,lying broken,,A,,,2,,,,,,,17.8,,2.9,,,,
614,60054,,,,,standing broken,,A ,,,3,,,3,,,,20,,,,,,no top
615,60060,,,,,standing dead,,A,,,2,,,,,,,8.9,,,,,,
615,no tag,,,,,lying whole,,A,,,2,,,,,,,77.9,,19.4,,,,
616,60173,,,,,lying broken,,C,,,2,,,,,,,15,,1.2,,,,
616,60173,,,,,lying broken,,D,,,2,,,,,,,14.2,,1.8,,,,
616,60173,,,,,lying broken,,E,,,2,,,,,,,13.5,,1.3,,,,
616,60173,,,,,lying broken,,F,,,2,,,,,,,10.8,,1.4,,,,
617,60207,,,,,standing dead,,A,,,1,,,,,,,2.2,,,,,,leaning
617,60227,,,,,lying whole,Log,A,A,,1,2,,,,,,74.9,,22.3,,,,
618,60243,,,,,lying whole,,A,,,1,,,,,,,10.5,,4.9,,,,leaning
618,60233,,,,,lying whole,,A,,,1,,,,,,,6.5,,5.6,,,,
619,60282,,,,,standing broken,,C,,,2,,,,,,,32.1,,10.7,,,,
619,60261,,,,,lying whole,,A,,,1,,,,,,,5.5,,5,,,,
619,60255,,,,,lying whole,,A,,,1,,,,,,,4.6,,3.2,,,,
622,no tag,,,,,lying whole,,A,,,3,,,,,,,23.4,,15.3,,,,
623,no tag,,,,,lying broken,,B,,,2,,,,,,,17.7,,8.8,,,,
624,no tag,,,,,lying whole,,A,,,2,,,,,,,15.6,,9.5,,,,
624,60138,,,,,lying whole,,A,,,2,,,,,,,4.6,,4.6,,,,
625,60173,,,,,lying broken,,A,,,2,,,,,,,22.5,,4.8,,,,
626,60173,,,,,lying broken,,B,,,2,,,,,,,17.3,,1.9,,,,
627,60179,,,,,lying whole,,A,,,2,,,,,,,53.5,,11.6,,,,
629,60321,,,,,lying broken,,A,,,2,,,,,,,11.1,,4.4,,,,
633,60430,,,,,stump,,A,,,2,,,,,,,,,,,,,
635,60453,,,,,lying whole,,A,,,3,,,,,,,9.1,,4.2,,,,
637,no tag,,,,,lying whole,,A,,,3,,,,,,,15.8,,10.1,,,,
639,60321,,,,,lying broken,,B,,,2,,,,,,,10.1,,2.9,,,,
645,60390,,,,,lying whole,,A,,,3,,,,,,,17.2,,11.8,,,,
645,60393,,,,,standing dead,,A,,,2,,,,,,,16.2,,,,,,
646,60604,,,,,lying whole,,A,,,2,,,,,,,11.6,,8.5,,,,
647,60617,,,,,lying whole,,A,,,2,,,,,,,11,,4.6,,,,
647,60613,,,,,standing broken,,A,,,2,,,2,,11,,13.3,,,,,,
647,60613,,,,,standing broken,,B,,,2,,,,,,,11,,4.6,,,,
651,no tag,,,,,stump,,A,,,3,,,,,,,,,,,,,
658,60782,,,,,lying whole,,A,,,2,,,,,,,13.2,,8.4,,,,
662,60686,,,,,standing dead,,A,,,2,,,,,,,13.1,,,,,,
662,60683,,,,,standing dead,,A,,,2,,,,,,,18.9,,,,,,
662,60671,,,,,lying whole,,A,,,2,,,,,,,92.1,,13,,,,
664,no tag,,,,,lying whole,,A,,,3,,,,,,,9.6,,3.9,,,,
666,60830,,,,,standing broken,,B,,,2,,,,,,,8.8,,7.3,,,,
666,60826,,,,,lying whole,,A,,,2,,,,,,,13.6,,4.3,,,,
667,60830,,,,,standing broken,,A,,,2,,,3,,8.8,,10.6,,,,,,
671,no tag,,,,,lying whole,,A,,,3,,,,,,,12,,3.4,,,,
674,no tag,,,,,lying whole,,A,,,3,,,,,,,28.2,,11.4,,,,
674,no tag,,,,,lying broken,,A,,,3,,,,,,,39.1,,8.6,,,,
675,60958,,,,,lying whole,,A,,,2,,,,,,,11.5,,5.5,,,,
675,60950,,,,,lying whole,,A,,,3,,,,,,,18.8,,4.9,,,,
676,no tag,,,,,stump,,A,,,3,,,,,,,,,,,,,
676,60971,,,,,lying whole,,A,,,2,,,,,,,8.2,,3.5,,,,
678,no tag,,,,,lying whole,,A,,,3,,,,,,,15.3,,7.1,,,,
681,61015,,,,,standing dead,,A,,,2,,,,,,,29.3,,,,,,
681,61010,,,,,stump,,A,,,2,,,,,,,,,,,,,
681,61011,,,,,stump,,A,,,2,,,,,,,,,,,,,
681,61008,,,,,standing broken,,A,,,2,,,,,48.2,,76.9,,,,,,top?
682,no tag,,,,,stump,,A,,,3,,,,,,,,,,,,,
683,61032,,,,,standing dead,,A,,,2,,,,,,,17.6,,,,,,
684,61044,,,,,lying whole,,A,,,2,,,,,,,4,,4.2,,,,
687,61095,,,,,lying broken,,A,,,2,,,,,,,7.5,,3.4,,,,
687,61095,,,,,lying broken,,B,,,2,,,,,,,7.1,,2.3,,,,
693,no tag,,,,,lying broken,,B,,,3,,,,,,,37.2,,5.4,,,,
693,61174,,,,,lying whole,,A,,,3,,,,,,,7.2,,1.8,,,,
693,no tag,,,,,stump,,A,,,3,,,,,,,,,,,,,
694,no tag,,,,,lying whole,,A,,,3,,,,,,,8.3,,3.8,,,,
694,61179,,,,,standing dead,,A,,,2,,,,,,,6.5,,,,,,
695,61185,,,,,lying whole,,A,,,2,,,,,,,18.3,,14.6,,,,
695,no tag,,,,,lying whole,,A,,,3,,,,,,,11,,3.4,,,,
695,no tag,,,,,lying whole,,A,,,3,,,,,,,20.1,,6.3,,,,
697,no tag,,,,,stump,,A,,,3,,,,,,,,,,,,,
697,61321,,,,,lying whole,,A,,,2,,,,,,,10,,5.6,,,,
698,no tag,,,,,lying whole,,A,,,3,,,,,,,15.5,,6.7,,,,
699,61348,,,,,lying whole,,A,,,3,,,,,,,13.9,,2.4,,,,
699,no tag,,,,,lying whole,,A,,,3,,,,,,,11.6,,5.2,,,,
711,70002,,,,,standing broken,,A,,,2,,,8,,,,35.7,,,,,,
713,no tag,,,,,lying broken,,A,,,3,,,,,,,97,,16.7,,,,
718,70430,,,,,standing dead,,A,,,2,,,,,,,4,,,,,,
729,70378,,,,,standing broken,,A,,,1,,,,,,,5.3,,4.8,,,,connected
731,70202,,,,,lying broken,,A,,,2,,,,,,,22.5,,8.4,,,,
731,70202,,,,,lying broken,,B,,,2,,,,,,,14.5,,3.9,,,,
731,no tag,,,,,lying whole,,A,,,2,,,,,,,4.8,,1.6,,,,
734,70256,,,,,lying broken,,A,,,3,,,,,,,47.6,,14.9,,,,
734,no tag,,,,,lying whole,,A,,,3,,,,,,,11.1,,3.8,,,,
735,70256,,,,,lying broken,,B,,,3,,,,,,,44.3,,1.2,,,,
735,70256,,,,,lying broken,,C,,,3,,,,,,,33,,2.2,,,,
735,70277,,,,,standing dead,,A,,,2,,,,,,,2.9,,,,,,
736,70300,,,,,standing broken,,A,,,1,,,,,,,13.8,,8.7,,,,connected
736,no tag,,,,,lying whole,,A,,,3,,,,,,,9.8,,8.1,,,,
738,no tag,,,,,lying whole,,A,,,3,,,,,,,16,,6.5,,,,
739,no tag,,,,,lying whole,,A,,,2,,,,,,,7.7,,4.5,,,,branch?
739,70563,,,,,lying whole,,A,,,2,,,,,,,11,,9.4,,,,
739,70558,,,,,standing broken,,A,,,2,,,2,,,,6.1,,,,,,no top
741,70610,,,,,lying whole,,A,,,2,,,,,,,9.7,,4.2,,,,
741,no tag,,,,,lying whole,,A,,,3,,,,,,,43.9,,17.7,,,,
742,70626,,,,,lying whole,,A,,,3,,,,,,,53.5,,17.7,,,,
742,70619,,,,,lying whole,,A,,,2,,,,,,,7.8,,3.9,,,,
744,no tag,,,,,lying whole,,A,,,3,,,,,,,38,,17.2,,,,
745,70670,,,,,lying whole,,A,,,2,,,,,,,10.3,,6.6,,,,leaning on 070678
753,no tag,,,,,,,,,,,,,,,,,,,,,,,
754,no tag,,,,,lying whole,,A,,,2,,,,,,,62.5,,22.1,,,,
755,no tag,,,,,lying whole,,A,,,2,,,,,,,66.6,,24.3,,,,
755,70755,,,,,lying whole,,A,,,3,,,,,,,57.7,,13.5,,,,end cut due to road
761,no tag,,,,,lying whole,,A,,,3,,,,,,,20.8,,11.5,,,,
764,no tag,,,,,lying whole,,A,,,2,,,,,,,12.7,,5,,,,
764,70840,,,,,standing dead,,A,,,2,,,,,,,10.6,,,,,,
764,no tag,,,,,lying whole,,A,,,3,,,,,,,14,,3.9,,,,
764,no tag,,,,,lying whole,,A,,,3,,,,,,,50.6,,25.8,,,,
764,no tag,,,,,lying whole,,A,,,3,,,,,,,63.7,,8,,,,
765,no tag,,,,,lying whole,,A,,,2,,,,,,,76.9,,12.1,,,,LITU
766,no tag,,,,,lying whole,,A,,,2,,,,,,,,,23.5,,,,
767,no tag,,,,,lying whole,,A,,,3,,,,,,,38.2,,4,,,,
767,no tag,,,,,lying whole,,A,,,2,,,,,,,27.4,,24.5,,,,
773,71044,,,,,standing dead,,A,,,2,,,,,,,9.2,,,,,,
776,no tag,,,,,lying whole,,A,,,2,,,,,,,73.5,,20.4,,,,
778,no tag,,,,,lying whole,,A,,,2,,,,,,,35.6,,24.6,,,,
782,no tag,,,,,lying whole,,A,,,2,,,,,,,18.2,,21.8,,,,
783,71138,,,,,standing broken,,A,,,2,,,6,,,,55.3,,,,,,
783,71138,,,,,standing broken,,B,,,2,,,,,,,34.7,,9.2,,,,
788,no tag,,,,,lying broken,,A,,,2,,,,,,,51.7,,14.4,,,,
789,71313,,,,,standing broken,,A,,,3,,,,,,,45.3,,,,,,fragments cut
791,no tag,,,,,lying whole,,A,,,2,,,,,,,5.5,,4.1,,,,
792,71219,,,,,lying whole,,A,,,3,,,,,,,9.5,,5.2,,,,
795,no tag,,,,,lying whole,,A,,,3,,,,,,,58.6,,35.1,,,,
798,no tag,,,,,lying broken,,B,,,2,,,,,,,37,,6.5,,,,
799,no tag,,,,,lying broken,,A,,,2,,,,,,,53.3,,16.5,,,,
814,no tag,,,,,lying broken,,A,,,2,,,,,,,69.1,,6.3,,,,
814,no tag,,,,,lying whole,,A,,,2,,,,,,,14.3,,9.9,,,,
815,no tag,,,,,lying whole,,A,,,1,,,,,,,11,,4.6,,,,
815,no tag,,,,,lying whole,,A,,,3,,,,,,,50,,10.5,,,,
819,80339,,,,,standing broken,,A,,,1,,,7,,59.4,,59.6,,,,,,
822,no tag,,,,,lying whole,,A,,,3,,,,,,,95,,24.8,,,,
824,no tag,,,,,lying broken,,B,,,2,,,,,,,79.7,,14.8,,,,
824,no tag,,,,,lying broken,,C,,,2,,,,,,,45.4,,2.8,,,,
824,no tag,,,,,lying broken,,D,,,2,,,,,,,42.9,,3.7,,,,
824,no tag,,,,,lying broken,,E,,,2,,,,,,,79.7,,3.9,,,,
828,80528,,,,,lying whole,,A,,,2,,,,,,,29,,13.5,,,,
831,no tag,,,,,lying broken,,A,,,3,,,,,,,34.7,,7.4,,,,
831,no tag,,,,,lying broken,,B,,,3,,,,,,,28.4,,4.6,,,,
832,no tag,,,,,lying whole,,A,,,3,,,,,,,25,,8.7,,,,
833,no tag,,,,,lying whole,,A,,,2,,,,,,,19,,8,,,,
835,80267,,,,,standing dead,,A,,,2,,,,,,,14,,,,,,
837,80436,,,,,standing broken,,A,,,2,,,4,,100,,110.8,,,,,,
837,80436,,,,,standing broken,,B,,,2,,,,,,,100,,7.7,,,,
841,no tag,,,,,lying whole,,A,,,3,,,,,,,20.5,,1.6,,,,
841,no tag,,,,,lying whole,,A,,,3,,,,,,,13.8,,6.4,,,,
853,no tag,,,,,lying whole,,A,,,3,,,,,,,19,,9.8,,,,
854,80650,,,,,lying broken,,A,,,3,,,,,,,32,,12.6,,,,
855,80671,,,,,standing broken,,A,,,2,,,,,11,,13,,,,,,
855,80671,,,,,standing broken,,B,,,2,,,,,,,11,,4.3,,,,
855,no tag,,,,,stump,,A,,,3,,,,,,,,,,,,,
856,no tag,,,,,lying whole,,A,,,3,,,,,,,53,,7.6,,,,
861,80701,,,,,lying whole,,A,,,1,,,,,,,54.9,,30.7,,,,
866,80749,,,,,standing broken,,A,,,2,,,1.5,,10.9,,11,,,,,,
866,80749,,,,,standing broken,,B,,,2,,,,,,,10.9,,,,,,
868,no tag,,,,,lying whole,,A,,,3,,,,,,,31.2,,15.9,,,,
868,no tag,,,,,lying whole,,A,,,3,,,,,,,22.8,,12.9,,,,
872,80971,,,,,standing dead,,A,,,3,,,2,,,,2.1,,,,,,
873,no tag,,,,,lying whole,,A,,,3,,,,,,,12,,5.9,,,,
875,80999,,,,,standing dead,,A,,,3,,,1.5,,,,9.5,,,,,,
879,no tag,,,,,lying whole,,A,,,3,,,,,,,18.3,,10.8,,,,
881,no tag,,,,,lying whole,,A,,,3,,,,,,,28.7,,19.2,,,,
881,81021,,,,,standing dead,,A,,,2,,,,,,,10.5,,,,,,
887,no tag,,,,,lying whole,,A,,,3,,,,,,,19.7,,19.2,,,,
892,81264,,,,,lying whole,,A,,,3,,,,,,,12.6,,4.7,,,,
892,no tag,,,,,lying whole,,A,,,3,,,,,,,30.3,,15.8,,,,
894,no tag,,,,,lying whole,,A,,,3,,,,,,,23.5,,9.7,,,,
895,no tag,,,,,lying whole,,A,,,3,,,,,,,19,,2.5,,,,no top
912,91707,,,,,lying whole,,A,,,3,,,,,,,25.8,,17.6,,,,
913,91731,,,,,standing broken,,A,,,2,,,1.5,,,,5,,,,,,no top
914,91770,,,,,standing dead,,A,,,2,,,,,,,8.2,,,,,,
914,no tag,,,,,lying whole,,A,,,3,,,,,,,22.7,,15.7,,,,
915,no tag,,,,,lying whole,,A,,,3,,,,,,,56.6,,24.7,,,,
915,no tag,,,,,lying whole,,A,,,3,,,,,,,46.2,,2.1,,,,
915,no tag,,,,,lying broken,,A,,,3,,,,,,,50.6,,,,,,
915,no tag,,,,,lying broken,,A,,,3,,,,,,,50.6,,5.9,,,,
917,92545,,,,,standing broken,,A,,,2,,,6,,18.3,,26.8,,,,,,
917,92545,,,,,standing broken,,B,,,2,,,,,,,18.3,,7.7,,,,
918,no tag,,,,,lying whole,,A,,,3,,,,,,,65,,10,,,,
918,no tag,,,,,lying whole,,A,,,3,,,,,,,37,,9,,,,
919,92767,,,,,standing dead,,A,,,2,,,,,,,12,,,,,,
921,92378,,,,,lying whole,,A,,,2,,,,,,,5,,5.5,,,,
923,no tag,,,,,lying whole,,A,,,2,,,,,,,4.5,,3.9,,,,
924,no tag,,,,,lying whole,,A,,,2,,,,,,,6.4,,4.1,,,,
924,no tag,,,,,stump,,A,,,2,,,,,,,,,,,,,
924,no tag,,,,,lying whole,,A,,,3,,,,,,,32.3,,4.4,,,,
925,91812,,,,,lying whole,,A,,,2,,,,,,,11.6,,7.6,,,,
925,no tag,,,,,lying whole,,A,,,3,,,,,,,16.4,,14.1,,,,
936,no tag,,,,,lying whole,,A,,,2,,,,,,,15.6,,5.6,,,,
939,90994,,,,,standing dead,,A,,,2,,,,,,,51.9,,,,,,live buds
942,no tag,,,,,lying whole,,A,,,3,,,,,,,23.4,,10.4,,,,
944,91409,,,,,lying broken,,B,,,2,,,,,,,21.3,,2.1,,,,
944,91409,,,,,lying broken,,C,,,2,,,,,,,19.2,,1.7,,,,
945,no tag,,,,,stump,,A,,,3,,,,,,,,,,,,,
945,92132,,,,,lying whole,,A,,,3,,,,,,,42.8,,11.9,,,,
946,no tag,,,,,lying whole,,A,,,3,,,,,,,42.7,,7.4,,,,
946,no tag,,,,,lying whole,,A,,,3,,,,,,,40.4,,9.1,,,,
946,no tag,,,,,lying whole,,A,,,2,,,,,,,70.2,,19.3,,,,
946,no tag,,,,,lying whole,,A,,,2,,,,,,,10.3,,12.1,,,,
946,no tag,,,,,lying whole,,A,,,3,,,,,,,57.2,,14.7,,,,
952,91874,,,,,lying whole,,A,,,2,,,,,,,10,,3.5,,,,
952,90880,,,,,lying whole,,A,,,3,,,,,,,16.8,,4.9,,,,
953,91409,,,,,lying broken,,A,,,2,,,,,,,23.1,,5.8,,,,
958,no tag,,,,,lying whole,,A,,,1,,,,,,,15,,6.1,,,,
962,no tag,,,,,lying whole,,A,,,3,,,,,,,19.6,,8.9,,,,
962,90930,,,,,standing broken,,A,,,2,,,7,,18.4,,24.2,,,,,,
962,90930,,,,,standing broken,,B,,,2,,,,,,,18.4,,2.1,,,,
962,90930,,,,,standing broken,,C,,,2,,,,,,,15.8,,3.8,,,,
962,90930,,,,,standing broken,,D,,,2,,,,,,,15.3,,2.1,,,,
963,no tag,,,,,lying whole,,A,,,3,,,,,,,12.6,,3.5,,,,
963,no tag,,,,,lying whole,,A,,,3,,,,,,,13.6,,8,,,,
963,90942,,,,,standing dead,,A,,,2,,,,,,,16.8,,,,,,
964,no tag,,,,,lying whole,,A,,,2,,,,,,,17.8,,11.1,,,,PRAV or Betula
969,no tag,,,,,lying whole,,A,,,3,,,,,,,22.1,,12.1,,,,
971,90658,,,,,standing dead,,A,,,2,,,,,,,15.8,,,,,,
971,no tag,,,,,lying whole,,A,,,3,,,,,,,11.7,,7.5,,,,
972,no tag,,,,,lying whole,,A,,,3,,,,,,,14.5,,10.4,,,,
973,90683,,,,,standing broken,,A,,,3,,,2.5,,,,16.9,,,,,,no top
973,no tag,,,,,stump,,A,,,3,,,,,,,,,,,,,
974,no tag,,,,,lying whole,,A,,,3,,,,,,,17.6,,5.1,,,,
974,no tag,,,,,lying broken,,A,,,3,,,,,,,17.8,,7.2,,,,
978,91011,,,,,standing broken,,A,,,1,,,2,,29.5,,40.2,,,,,,live buds
978,91011,,,,,standing broken,,B,,,1,,,,,,,29.5,,25.4,,,,live buds
979,no tag,,,,,stump,,A,,,3,,,,,,,,,,,,,
979,91023,,,,,standing dead,,A,,,2,,,,,,,11.1,,,,,,
981,90201,,,,,lying whole,,A,,,3,,,,,,,12,,6.8,,,,
984,90257,,,,,lying whole,,A,,,3,,,,,,,16.9,,12.4,,,,
984,no tag,,,,,lying whole,,A,,,3,,,,,,,10.7,,6.5,,,,
984,no tag,,,,,lying whole,,A,,,3,,,,,,,8.5,,7.8,,,,
984,no tag,,,,,lying broken,,B,,,3,,,,,,,9.2,,4,,,,
986,no tag,,,,,lying whole,,A,,,3,,,,,,,57.7,,16.7,,,,
986,no tag,,,,,lying whole,,A,,,3,,,,,,,75.2,,19.7,,,,
988,no tag,,,,,lying whole,,A,,,3,,,,,,,35.9,,19.6,,,,
991,90105,,,,,lying whole,,A,,,3,,,,,,,18.3,,2.7,,,,
991,90108,,,,,standing dead,,A,,,2,,,,,,,18.5,,,,,,
991,no tag,,,,,stump,,A,,,3,,,,,,,,,,,,,
992,no tag,,,,,stump,,A,,,3,,,,,,,,,,,,,
993,90140,,,,,standing dead,,A,,,3,,,,,,,25.6,,,,,,leaning
1014,no tag,,,,,lying whole,,A,,,3,,,,,,,41,,5.8,,,,
1017,no tag,,,,,lying whole,,A,,,2,,,,,,,37.7,,11.5,,,,
1017,no tag,,,,,lying whole,,A,,,2,,,,,,,13.7,,2.6,,,,
1019,no tag,,,,,stump,,A,,,3,,,,,,,,,,,,,
1021,no tag,,,,,standing dead,,A,,,3,,,,,,,6.9,,,,,,leaning
1022,100128,,,,,lying whole,,A,,,2,,,,,,,11.3,,9.5,,,,
1022,no tag,,,,,stump,,A,,,3,,,,,,,,,,,,,
1022,no tag,,,,,lying whole,,A,,,2,,,,,,,7,,5.3,,,,
1023,no tag,,,,,lying whole,,A,,,3,,,,,,,17.7,,10.9,,,,
1025,no tag,,,,,lying whole,,A,,,3,,,,,,,15.3,,5.5,,,,
1029,no tag,,,,,lying whole,,A,,,2,,,,,,,9,,4.9,,,,
1029,no tag,,,,,lying whole,,A,,,3,,,,,,,21,,11.8,,,,
1029,no tag,,,,,lying whole,,A,,,3,,,,,,,23.3,,14.2,,,,
1029,no tag,,,,,lying whole,,A,,,3,,,,,,,21.5,,6.1,,,,
1031,no tag,,,,,lying whole,,A,,,3,,,,,,,8.5,,3.7,,,,
1032,no tag,,,,,lying whole,,A,,,3,,,,,,,10.7,,4.4,,,,
1033,100266,,,,,standing dead,,A,,,2,,,,,,,10.2,,,,,,
1034,100286,,,,,standing dead,,A,,,2,,,,,,,56,,,,,,
1034,no tag,,,,,lying whole,,A,,,2,,,,,,,13.8,,6.8,,,,
1035,100301,,,,,standing broken,,A,,,3,,,21,,54.1,,108.1,,,,,,
1036,no tag,,,,,lying whole,,A,,,3,,,,,,,15,,5.5,,,,
1041,100433,,,,,lying broken,,A,,,3,,,,,,,27.5,,9.2,,,,
1045,100301,,,,,standing broken,,B,,,3,,,,,,,54.1,,6,,,,
1045,100301,,,,,standing broken,,C,,,3,,,,,,,42,,3.5,,,,
1046,no tag,,,,,stump,,A,,,3,,,,,,,,,,,,,
1049,no tag,,,,,lying whole,,A,,,3,,,,,,,17.2,,10,,,,
1051,no tag,,,,,lying whole,,A,,,3,,,,,,,17.6,,5.4,,,,
1051,100544,,,,,standing dead,,A,,,3,,,,,,,6.2,,,,,,
1054,100715,,,,,lying whole,,A,,,3,,,,,,,31.2,,1.5,,,,
1054,no tag,,,,,stump,,A,,,3,,,,,,,,,,,,,
1056,100754,,,,,lying whole,,A,,,2,,,,,,,6.5,,4.1,,,,
1056,no tag,,,,,lying whole,,A,,,3,,,,,,,18.2,,3.9,,,,
1058,100771,,,,,lying whole,,A,,,2,,,,,,,81.6,,7.2,,,,
1059,100781,,,,,lying whole,,A,,,2,,,,,,,8.5,,4.7,,,,
1059,100782,,,,,standing broken,,A,,,2,,,17,,23.3,,44.7,,,,,,
1059,100782,,,,,standing broken,,B,,,2,,,,,,,23.3,,6,,,,
1061,no tag,,,,,lying whole,,A,,,3,,,,,,,35.8,,7.8,,,,
1062,no tag,,,,,standing dead,,A,,,3,,,,,,,12.1,,,,,,
1066,no tag,,,,,lying whole,,A,,,3,,,,,,,29,,5.5,,,,
1066,101029,,,,,standing dead,,A,,,2,,,,,,,,,,,,,
1069,100772,,,,,lying whole,,B,,,2,,,,,,,65.8,,,,,,
1069,100773,,,,,lying whole,,C,,,2,,,,,,,65.8,,,,,,
1069,100774,,,,,lying whole,,D,,,2,,,,,,,65.8,,,,,,
1071,100905,,,,,standing dead,,A,,,2,,,,,,,59,,,,,,
1072,100953,,,,,lying whole,,A,,,2,,,,,,,4.5,,3.2,,,,
1074,101256,,,,,lying whole,,A,,,2,,,,,,,5.8,,5.4,,,,
1077,101445,,,,,lying whole,,A,,,1,,,,,,,18.1,,9.8,,,,live buds
1077,101443,,,,,lying whole,,A,,,1,,,,,,,78.2,,17.1,,,,live buds
1079,101467,,,,,standing dead,,A,,,2,,,,,,,52.7,,,,,,
1085,101626,,,,,lying whole,,A,,,2,,,,,,,8.1,,5.1,,,,
1085,no tag,,,,,stump,,A,,,3,,,,,,,,,,,,,
1086,101646,,,,,lying whole,,A,,,1,,,,,,,42.1,,7.5,,,,
1086,101664,,,,,standing dead,,A,,,2,,,,,,,3,,,,,,
1086,101661,,,,,standing dead,,A,,,2,,,,,,,5.6,,,,,,
1086,101657,,,,,lying whole,,A,,,2,,,,,,,7,,3.5,,,,
1086,no tag,,,,,lying whole,,A,,,3,,,,,,,28.5,,7.8,,,,
1094,101362,,,,,lying whole,,A,,,2,,,,,,,4.1,,3.6,,,,broken
1094,101357,,,,,standing dead,,A,,,2,,,,,,,7.7,,,,,,
1095,101735,,,,,standing dead,,A,,,2,,,,,,,5.8,,,,,,
1095,no tag,,,,,lying whole,,A,,,3,,,,,,,37.9,,12.8,,,,
1095,101732,,,,,lying whole,,A,,,2,,,,,,,5,,3.9,,,,
1096,101761,,,,,standing dead,,A,,,2,,,,,,,16.3,,,,,,
1096,101777,,,,,standing dead,,A,,,2,,,,,,,4.8,,,,,,
1097,101813,,,,,lying whole,,A,,,3,,,,,,,36,,9.9,,,,
1097,101804,,,,,standing dead,,A,,,2,,,,,,,36.4,,,,,,
1103,no tag,,,,,lying whole,,A,,,3,,,,,,,22.4,,4.6,,,,
1109,no tag,,,,,stump,,A,,,3,,,,,,,,,,,,,
1109,no tag,,,,,lying whole,,A,,,3,,,,,,,61.5,,9.9,,,,
1110,no tag,,,,,lying whole,,A,,,3,,,,,,,14.5,,4.1,,,,
1110,no tag,,,,,lying whole,,A,,,3,,,,,,,5.2,,2.2,,,,
1110,no tag,,,,,lying broken,,A,,,3,,,,,,,11.1,,4.2,,,,
1110,no tag,,,,,lying broken,,B,,,3,,,,,,,7.9,,1.8,,,,
1110,10509,,,,,standing dead,,A,,,2,,,,,,,14.8,,,,,,
1111,no tag,,,,,lying whole,,A,,,3,,,,,,,9.2,,7.4,,,,
1113,110022,,,,,lying whole,,A,,,2,,,,,,,9.5,,5.3,,,,
1114,no tag,,,,,lying whole,,A,,,3,,,,,,,29.5,,21.8,,,,
1115,no tag,,,,,lying whole,,A,,,3,,,,,,,29.5,,17.1,,,,
1116,no tag,,,,,lying whole,,A,,,3,,,,,,,36.5,,8.1,,,,
1116,no tag,,,,,lying whole,,A,,,3,,,,,,,16.3,,9.4,,,,
1117,110075,,,,,standing dead,,A,,,1,,,,,,,15,,,,,,
1118,no tag,,,,,stump,,A,,,3,,,,,,,,,,,,,
1119,no tag,,,,,lying whole,,A,,,2,,,,,,,11.5,,6.1,,,,
1122,110124,,,,,lying whole,,A,,,2,,,,,,,4.2,,2.4,,,,
1123,110143,,,,,standing dead,,A,,,1,,,,,,,6.1,,,,,,
1124,110148,,,,,lying whole,,A,,,3,,,,,,,19.6,,3.4,,,,
1126,110165,,,,,standing broken,,A,,,2,,,,,9.7,,12.7,,,,,,
1126,110165,,,,,standing broken,,B,,,2,,,,,,,9.7,,2.6,,,,
1127,110197,,,,,lying whole,,A,,,3,,,,,,,10.7,,4.9,,,,
1129,110614,,,,,standing broken,,F,,,2,,,,,,,24.6,,2.2,,,,rearranged from sketch
1129,110614,,,,,standing broken,,G,,,2,,,,,,,23.5,,1.3,,,,rearranged from sketch
1129,110614,,,,,standing broken,,H,,,2,,,,,,,19.4,,1.5,,,,rearranged from sketch
1129,110614,,,,,standing broken,,I,,,2,,,,,,,19.2,,1.5,,,,rearranged from sketch
1132,no tag,,,,,lying whole,,A,,,2,,,,,,,8.9,,4.5,,,,
1133,110235,,,,,lying whole,,A,,,2,,,,,,,5,,2,,,,
1137,110297,,,,,standing dead,,A,,,2,,,,,,,6.8,,,,,,
1139,no tag,,,,,stump,,A,,,3,,,,,,,,,,,,,
1139,110429,,,,,lying whole,,A,,,3,,,,,,,7.2,,3.1,,,,
1142,110301,,,,,standing dead,,A,,,2,,,,,,,8.8,,,,,,
1144,110353,,,,,standing dead,,A,,,3,,,,,,,21.4,,,,,,
1144,no tag,,,,,lying whole,,A,,,3,,,,,,,39.5,,10.4,,,,
1148,110398,,,,,standing dead,,A,,,2,,,,,,,7.2,,,,,,
1151,no tag,,,,,lying whole,,A,,,3,,,,,,,19,,4.3,,,,
1153,110816,,,,,standing dead,,A,,,2,,,,,,,1.2,,,,,,
1153,110817,,,,,standing dead,,A,,,2,,,,,,,1.3,,,,,,
1153,110818,,,,,standing dead,,A,,,2,,,,,,,1.9,,,,,,
1153,110819,,,,,standing dead,,A,,,2,,,,,,,2,,,,,,
1154,110833,,,,,lying broken,,A,A,,1,5,,,,,,32,,8,,,,
1155,no tag,,,,,lying whole,,A,,,3,,,,,,,30.9,,15.3,,,,
1156,no tag,,,,,lying whole,,A,,,3,,,,,,,20,,5.9,,,,
1156,no tag,,,,,lying whole,,A,,,3,,,,,,,7.5,,4.1,,,,
1156,110855,,,,,standing broken,,A,,,2,,,2,,8.7,,11.6,,,,,,
1156,110855,,,,,standing broken,,B,,,2,,,,,,,8.7,,3,,,,
1157,no tag,,,,,stump,,A,,,3,,,,,,,,,,,,,
1158,110881,,,,,standing dead,,A,,,2,,,,,,,78.5,,,,,,
1158,111115,,,,,lying whole,,A,,,2,,,,,,,2.7,,3.1,,,,
1159,111156,,,,,lying whole,,A,,,2,,,,,,,2.7,,1.7,,,,
1159,111158,,,,,lying whole,,A,,,2,,,,,,,1.5,,3.5,,,,broken
1159,111129,,,,,lying whole,,A,,,2,,,,,,,1.2,,1.4,,,,broken
1162,110574,,,,,lying whole,,A,,,2,,,,,,,10.6,,6.6,,,,
1162,no tag,,,,,lying whole,,A,,,3,,,,,,,8.9,,3.8,,,,
1162,110580,,,,,lying whole,,A,,,2,,,,,,,6,,5.4,,,,
1163,no tag,,,,,lying whole,,A,,,2,,,,,,,6.5,,3.5,,,,
1165,110833,,,,,lying broken,,B,,,1,,,,,,,9.4,,,,,,
1166,111021,,,,,lying whole,,A,,,2,,,,,,,23.7,,,,,,
1166,111030,,,,,standing dead,,A,,,2,,,,,,,10.1,,,,,,leaning
1166,111019,,,,,standing dead,,A,,,2,,,,,,,10.4,,,,,,leaning
1166,111021,,,,,lying whole,,A,,,2,,,,,,,23.7,,11.3,,,,
1167,111035,,,,,lying whole,,A,,,2,,,,,,,10,,6.4,,,,
1168,,,,,,lying whole,,A,,,3,,,,,,,,,3.5,,,,
1168,111066,,,,,lying whole,,A,,,2,,,,,,,10.3,,3.9,,,,
1168,no tag,,,,,stump,,A,,,3,,,,,,,,,,,,,
1168,no tag,,,,,stump,,A,,,3,,,,,,,,,,,,,
1171,110867,,,,,lying whole,,A,,,2,,,,,,,9.6,,4.9,,,,
1172,no tag,,,,,lying whole,,A,,,3,,,,,,,23.2,,15.3,,,,110585?
1172,no tag,,,,,stump,,A,,,3,,,,,,,,,,,,,
1172,no tag,,,,,lying whole,,A,,,2,,,,,,,6.3,,3.8,,,,
1173,no tag,,,,,lying whole,,A,,,2,,,,,,,8,,2.3,,,,
1174,110947,,,,,standing broken,,A,,,2,,,,,22.3,,28.8,,,,,,
1174,110947,,,,,standing broken,,B,,,2,,,,,,,22.3,,1.1,,,,
1174,110947,,,,,standing broken,,C,,,2,,,,,,,22,,9.3,,,,
1176,no tag,,,,,lying whole,,A,,,3,,,,,,,48.3,,11.2,,,,
1177,110985,,,,,lying whole,,A,,,2,,,,,,,5,,4.4,,,,
1184,no tag,,,,,standing broken,,C,,,3,,,,,,,51.8,,5.3,,,,
1184,no tag,,,,,lying whole,,A,,,3,,,,,,,54.1,,21.1,,,,
1184,110947,,,,,standing broken,,D,,,2,,,,,,,17.7,,3.3,,,,
1185,no tag,,,,,standing broken,,A,,,3,,,2,,80.6,,85.5,,,,,,
1185,no tag,,,,,standing broken,,B,,,3,,,,,,,80.6,,11.6,,,,
1187,111628,,,,,lying whole,,A,,,2,,,,,,,14.1,,4.6,,,,
1187,111620,,,,,standing broken,,A,,,2,,,,,,,12.2,,2.8,,,,connected
1188,no tag,,,,,lying whole,,A,,,2,,,,,,,41.9,,23.3,,,,
1189,no tag,,,,,lying whole,,A,,,3,,,,,,,21,,10.7,,,,
1191,111345,,,,,lying whole,,A,,,1,,,,,,,24.5,,14.1,,,,
1194,no tag,,,,,lying whole,,A,,,2,,,,,,,12,,4.6,,,,
1195,no tag,,,,,lying whole,,A,,,3,,,,,,,14.1,,13,,,,
1196,111590,,,,,standing dead,,A,,,1,,,,,,,3.7,,,,,,leaning
1196,111595,,,,,lying whole,,A,,,2,,,,,,,14,,2.7,,,,
1196,111587,,,,,lying whole,,A,,,2,,,,,,,5.5,,2.5,,,,
1197,111727,,,,,lying whole,,A,,,2,,,,,,,13.2,,5.5,,,,
1197,no tag,,,,,lying whole,,A,,,2,,,,,,,81,,13.3,,,,
1197,no tag,,,,,stump,,A,,,3,,,,,,,,,,,,,
1198,no tag,,,,,lying whole,,A,,,3,,,,,,,6.6,,3.1,,,,
1213,no tag,,,,,lying whole,,A,,,3,,,,,,,32.6,,11.9,,,,
1218,122186,,,,,lying whole,,A,,,2,,,,,,,22.7,,18,,,,
1223,122346,,,,,lying whole,,A,,,2,,,,,,,10.8,,2.5,,,,
1224,no tag,,,,,lying whole,,A,,,3,,,,,,,,,,,,,
1225,122365,,,,,lying whole,,A,,,1,,,,,,,2.3,,2.6,,,,broken
1227,no tag,,,,,lying whole,,A,,,3,,,,,,,11.7,,3.1,,,,
1228,no tag,,,,,lying whole,,A,,,3,,,,,,,22.7,,8.5,,,,
1228,no tag,,,,,stump,,A,,,3,,,,,,,,,,,,,
1229,no tag,,,,,lying ,,A,,,3,,,,,,,14,,8.1,,,,
1233,no tag,,,,,lying whole,,A,,,3,,,,,,,12.2,,3.4,,,,
1233,no tag,,,,,standing broken,,A,,,2,,,1.7,,4.5,,4.5,,,,,,
1233,no tag,,,,,standing broken,,B,,,2,,,,,,,4.5,,2.8,,,,
1236,no tag,,,,,lying whole,,A,,,3,,,,,,,7.6,,3,,,,
1237,no tag,,,,,lying whole,,A,,,3,,,,,,,24.3,,14.6,,,,
1241,122426,,,,,standing dead,,A,,,2,,,,,,,6.3,,,,,,
1241,no tag,,,,,stump,,A,,,2,,,,,,,,,,,,,
1243,122439,,,,,standing broken,,A,,,3,,,1.7,,,,15.8,,,,,,no top
1243,122226,,,,,standing dead,,A,,,2,,,,,,,10.7,,,,,,
1243,no tag,,,,,lying cut,,A,,,3,,,,,,,54.9,,1.7,,,,no top
1243,no tag,,,,,lying cut,,A,,,3,,,,,65.6,,62.4,,1.8,,,,
1244,no tag,,,,,stump,,A,,,3,,,,,,,,,,,,,
1244,no tag,,,,,lying cut,,B,,,3,,,,,,,65.6,,15.1,,,,
1247,122706,,,,,standing broken,,A,,,2,,,16,,,,46.5,,,,,,no top
1251,122646,,,,,standing dead,,A,,,2,,,,,,,,,,,,,stump sprouts
1251,122643,,,,,lying whole,,A,,,2,,,,,,,4,,2.2,,,,
1251,122637,,,,,lying whole,,A,,,2,,,,,,,11.1,,8.1,,,,
1252,no tag,,,,,lying cut,,F,,,3,,,,,,,39.7,,12,,,,
1253,no tag,,,,,lying cut,,D,,,3,,,,,,,47.9,,2.3,,,,
1253,no tag,,,,,lying cut,,E,,,3,,,,,,,46.2,,1.9,,,,
1255,no tag,,,,,stump,,A,,,3,,,,,,,,,,,,,
1256,122802,,,,,lying whole,,A,,,2,,,,,,,7.2,,,,,,
1258,122835,,,,,standing broken,,A,,,3,,,1.9,,19.7,,24.8,,,,,,
1258,no tag,,,,,lying whole,,A,,,3,,,,,,,23.8,,15.2,,,,
1261,122549,,,,,standing broken,,A,,,2,,,2.5,,5,,6.3,,,,,,
1261,122549,,,,,standing broken,,B,,,2,,,,,,,5,,1.4,,,,
1261,122549,,,,,standing broken,,C,,,2,,,,,,,4.1,,2.5,,,,
1263,no tag,,,,,lying cut,,A,,,3,,,,,,,51.3,,1.9,,,,
1264,no tag,,,,,lying cut,,A,,,3,,,,,,,55.2,,1.7,,,,
1267,122835,,,,,standing broken,,C,,,3,,,,,,,18.2,,3.1,,,,
1268,122835,,,,,standing broken,,B,,,3,,,,,,,19.7,,2.3,,,,
1268,122929,,,,,lying whole,,A,,,2,,,,,,,6.7,,3.9,,,,
1269,122841,,,,,standing dead,,A,,,3,,,,,,,45,,,,,,
1274,123045,,,,,lying whole,,A,,,2,,,,,,,5.1,,4,,,,
1276,no tag,,,,,lying cut,,A,,,3,,,,,,,13,,9.3,,,,
1279,no tag,,,,,lying whole,,A,,,3,,,,,,,63.8,,22.2,,,,
1282,123110,,,,,lying whole,,A,,,3,,,,,,,3.3,,3.1,,,,
1283,no tag,,,,,lying whole,,A,,,2,,,,,,,5.5,,3.5,,,,leaning on 123254
1285,no tag,,,,,lying whole,,A,,,3,,,,,,,49,,9.4,,,,
1285,no tag,,,,,lying whole,,A,,,3,,,,,,,44.5,,5.3,,,,
1285,no tag,,,,,lying whole,,B,,,3,,,,,,,38.2,,11.9,,,,
1285,no tag,,,,,lying whole,,C,,,3,,,,,,,38.2,,9.7,,,,
1286,no tag,,,,,stump,,A,,,3,,,,,,,,,,,,,
1286,123159,,,,,lying broken,,A,,,2,,,,,,,7.8,,2.2,,,,
1286,123159,,,,,lying broken,,B,,,2,,,,,,,7,,2.6,,,,
1288,no tag,,,,,lying broken,,A,,,2,,,,,,,10.3,,3.5,,,,
1288,no tag,,,,,lying broken,,B,,,2,,,,,,,6.8,,1.9,,,,
1291,123218,,,,,lying whole,,A,,,2,,,,,,,7.5,,2.4,,,,
1291,123223,,,,,standing dead,,A,,,2,,,,,,,4,,,,,,
1291,123231,,,,,standing broken,,A,,,3,,,1.5,,30.4,,46.5,,,,,,
1296,123404,,,,,lying whole,,A,,,2,,,,,,,7.6,,4.3,,,,
1296,123405,,,,,lying whole,,A,,,2,,,,,,,5.2,,4.3,,,,
1299,123427,,,,,lying whole,,A,,,2,,,,,,,6.6,,4.3,,,,
1310,10277,,,,,standing broken,,A,,,2,,,2.3,,5.3,,6.5,,,,,,
1310,no tag,,,,,lying whole,,A,,,3,,,,,,,20.1,,7,,,,
1311,130907,,,,,lying whole,,A,,,3,,,,,,,15,,6.2,,,,
1315,no tag,,,,,lying whole,,A,,,3,,,,,,,21,,4.4,,,,
1315,no tag,,,,,lying whole,,A,,,3,,,,,,,21.5,,10.6,,,,
1318,no tag,,,,,lying whole,,A,,,3,,,,,,,11,,5.1,,,,
1318,no tag,,,,,lying whole,,A,,,3,,,,,,,35.4,,8,,,,
1318,no tag,,,,,lying whole,,A,,,3,,,,,,,30.8,,8.8,,,,
1321,130423,,,,,lying whole,,A,,,3,,,,,,,14.6,,13.1,,,,
1321,130445,,,,,standing broken,,A,,,3,,,1.7,,12.7,,15,,,,,,
1321,130445,,,,,standing broken,,B,,,3,,,,,,,12.7,,8,,,,
1321,130429,,,,,standing dead,,A,,,2,,,,,,,16.4,,,,,,
1324,no tag,,,,,stump,,A,,,3,,,,,,,,,,,,,
1331,no tag,,,,,lying whole,,A,,,3,,,,,,,11.8,,5.6,,,,
1331,130003,,,,,standing dead,,A,,,2,,,,,,,13.2,,,,,,
1332,no tag,,,,,lying whole,,A,,,2,,,,,,,18,,9.8,,,,
1333,no tag,,,,,lying whole,,A,,,3,,,,,,,33.8,,9.6,,,,
1334,no tag,,,,,lying whole,,A,,,3,,,,,,,52.4,,10.6,,,,
1335,130766,,,,,lying whole,,A,,,2,,,,,,,6.1,,2.7,,,,
1336,no tag,,,,,lying whole,,A,,,3,,,,,,,25.7,,4.8,,,,
1336,130560,,,,,lying broken,,B,,,2,,,,,,,31.5,,6.6,,,,
1337,130560,,,,,lying broken,,C,,,2,,,,,,,31.1,,5.3,,,,
1338,130297,,,,,standing dead,,A,,,2,,,,,,,2,,,,,,
1338,130296,,,,,standing dead,,A,,,2,,,,,,,11.3,,,,,,
1338,no tag,,,,,lying whole,,A,,,3,,,,,,,54.5,,15.3,,,,
1341,130807,,,,,lying whole,,A,,,2,,,,,,,10.5,,7.1,,,,
1341,130792,,,,,standing dead,,A,,,2,,,,,,,2.1,,,,,,
1346,130551,,,,,standing dead,,A,,,3,,,,,,,45.7,,,,,,leaning
1346,130559,,,,,lying whole,,A,,,2,,,,,,,6,,2.4,,,,
1346,130560,,,,,lying whole,,A,,,2,,,,,,,46.1,,18.1,,,,
1346,130560,,,,,lying broken,,A,,,2,,,,,,,38.4,,1.7,,,,
1346,130567,,,,,standing dead,,A,,,1,,,,,,,3.6,,,,,,
1348,no tag,,,,,lying whole,,A,,,3,,,,,,,20.8,,11.5,,,,
1349,no tag,,,,,lying whole,,A,,,2,,,,,,,54,,16.8,,,,
1349,130528,,,,,standing broken,,A,,,1,,,3.5,,45,,65,,,,,,
1349,130528,,,,,standing broken,,B,,,1,,,,,,,45,,21.6,,,,
1351,130960,,,,,standing dead,,A,,,1,,,,,,,13.6,,,,,,
1356,131285,,,,,lying whole,,A,,,1,,,,,,,47.3,,14.5,,,,
1357,131292,,,,,lying whole,,A,,,2,,,,,,,27.8,,,,,,broken below dbh
1357,131291,,,,,standing dead,,A,,,2,,,,,,,30.3,,,,,,
1357,no tag,,,,,stump,,A,,,3,,,,,,,,,,,,,
1359,no tag,,,,,lying whole,,A,,,3,,,,,,,62.1,,17.5,,,,
1359,131306,,,,,lying whole,,A,,,3,,,,,,,28.8,,7.7,,,,
1359,131307,,,,,lying whole,,A,,,3,,,,,,,46.8,,14.8,,,,
1361,130655,,,,,standing dead,,A,,,2,,,,,,,2.9,,,,,,
1361,130660,,,,,standing broken,,A,,,2,,,,,,,6.5,,,,,,connected
1362,131134,,,,,standing dead,,A,,,2,,,,,,,5.2,,,,,,
1362,131157,,,,,lying whole,,A,,,2,,,,,,,5.2,,2.6,,,,
1364,no tag,,,,,lying whole,,A,,,2,,,,,,,31.2,,23.8,,,,
1365,no tag,,,,,lying whole,,A,,,3,,,,,,,14.9,,9,,,,
1365,131049,,,,,lying whole,,A,,,1,,,,,,,1.6,,1.7,,,,
1367,no tag,,,,,stump,,A,,,3,,,,,,,,,,,,,
1371,131351,,,,,standing dead,,A,,,2,,,,,,,2.6,,,,,,
1371,131356,,,,,standing dead,,A,,,2,,,,,,,0.8,,,,,,
1374,no tag,,,,,lying whole,,A,,,3,,,,,,,21.9,,6.7,,,,
1375,131987,,,,,standing broken,,B,,,2,,,,,,,12.7,,5.6,,,,
1375,131955,,,,,standing dead,,A,,,2,,,,,,,3,,,,,,
1375,no tag,,,,,stump,,A,,,3,,,,,,,,,,,,,
1376,131987,,,,,standing broken,,A,,,2,,,16.5,,12.7,,25.2,,,,,,
1378,no tag,,,,,lying whole,,A,,,3,,,,,,,8.4,,6.9,,,,
1381,131493,,,,,standing dead,,A,,,2,,,,,,,3.2,,,,,,
1383,no tag,,,,,lying cut,,A,,,3,,,,,,,74.6,,8.5,,,,
1384,132001,,,,,standing dead,,A,,,2,,,,,,,3.2,,,,,,
1384,no tag,,,,,lying cut,,A,,,3,,,,,,,44.5,,6.4,,,,
1384,no tag,,,,,stump,,A,,,3,,,,,,,,,,,,,
1384,no tag,,,,,lying cut,,A,,,3,,,,,,,60.7,,12.5,,,,
1388,no tag,,,,,stump,,A,,,3,,,,,,,,,,,,,
1389,no tag,,,,,standing broken,,C,,,2,,,,,,,45.9,,2.3,,,,
1395,no tag,,,,,lying broken,,B,,,3,,,,,,,34.4,,4.3,,,,
1395,132932,,,,,lying whole,,A,,,2,,,,,,,6.1,,2.6,,,,
1398,no tag,,,,,standing broken,,A,,,2,,,12,,50.9,,86,,,,,,
1398,no tag,,,,,standing broken,,B,,,2,,,,,,,50.9,,9.4,,,,
1411,140101,,,,,standing broken,,A,,,3,,,3,,27.7,,36.4,,,,,,
1411,140101,,,,,standing broken,,A,,,3,,,,,,,27.7,,13.3,,,,
1411,no tag,,,,,lying whole,,A,,,3,,,,,,,28.9,,6.2,,,,
1413,no tag,,,,,lying whole,,A,,,3,,,,,,,14.2,,6.8,,,,
1415,140835,,,,,standing broken,,A,,,3,,,12,,49.3,,75.9,,,,,,
1419,140676,,,,,standing broken,,A,,,2,,,3.2,,11.8,,17.1,,,,,,
1419,140676,,,,,standing broken,,B,,,2,,,,,,,11.8,,6.3,,,,
1428,140355,,,,,standing broken,,A,,,1,,,5,,35.1,,49.3,,,,,,
1428,140355,,,,,standing broken,,B,,,1,,,,,,,35.1,,7.1,,,,
1429,140376,,,,,lying whole,,A,,,1,,,,,,,51,,28,,,,live buds
1431,140209,,,,,standing dead,,A,,,2,,,,,,,25.2,,,,,,
1431,140212,,,,,lying whole,,A,,,2,,,,,,,30,,4.9,,,,
1433,140243,,,,,lying whole,,A,,,3,,,,,,,17.1,,10.8,,,,
1438,140638,,,,,standing broken,,A,,,3,,,11,,44.5,,59.1,,,,,,
1438,140638,,,,,standing broken,,B,,,3,,,,,,,44.5,,6.3,,,,
1439,140534,,,,,standing broken,,A,,,2,,,1.3,,,,2,,,,,,top?
1439,140535,,,,,lying broken,,A,,,3,,,,,,,8.8,,5.7,,,,
1439,140535,,,,,lying broken,,B,,,3,,,,,,,6.8,,1.3,,,,
1447,no tag,,,,,lying whole,,A,,,3,,,,,,,47.3,,15.8,,,,
1448,140638,,,,,standing broken,,C,,,3,,,,,,,33.7,,1.8,,,,
1448,140638,,,,,standing broken,,D,,,3,,,,,,,36,,1.8,,,,
1448,140969,,,,,lying whole,,A,,,3,,,,,,,28.2,,7,,,,
1451,140738,,,,,standing dead,,A,,,2,,,,,,,2.5,,,,,,
1452,no tag,,,,,lying whole,,A,,,3,,,,,,,22.8,,10.2,,,,
1453,141067,,,,,lying whole,,A,,,2,,,,,,,2,,1.9,,,,
1455,141098,,,,,standing broken,,A,,,1,,,,,,,49.6,,14.6,,,,
1455,141224,,,,,standing broken,,A,,,2,,,0.7,,,,1.1,,,,,,
1455,141282,,,,,standing dead,,A,,,2,,,,,,,1.7,,,,,,
1459,141322,,,,,standing broken,,A,,,1,,,,,,,,,,,,,live buds
1462,141979,,,,,standing dead,,A,,,1,,,,,,,4.4,,,,,,
1464,141484,,,,,standing dead,,A,,,2,,,,,,,3.6,,,,,,
1464,141692,,,,,lying whole,,A,,,2,,,,,,,1.1,,2.2,,,,
1465,141098,,,,,standing broken,,B,,,1,,,,,,,39,,1.3,,,,
1465,141098,,,,,standing broken,,C,,,1,,,,,,,37.1,,3.1,,,,
1466,141913,,,,,standing dead,,A,,,2,,,,,,,1.3,,,,,,
1467,141521,,,,,standing broken,,C,,,2,,,,,,,22.3,,3.5,,,,
1467,no tag,,,,,stump,,A,,,3,,,,,,,,,,,,,
1467,141641,,,,,standing dead,,A,,,2,,,,,,,1.3,,,,,,
1468,141521,,,,,standing broken,,A,,,2,,,4,,31.6,,41.5,,,,,,
1468,141521,,,,,standing broken,,B,,,2,,,,,,,31.6,,11.4,,,,
1479,142442,,,,,lying whole,,A,,,1,,,,,,,5.5,,2.8,,,,
1479,142443,,,,,lying cut,,A,,,1,,,,,,,7,,3.5,,,,leaning
1481,no tag,,,,,lying whole,,A,,,3,,,,,,,43.9,,6.1,,,,
1481,141818,,,,,standing dead,,A,,,2,,,,,,,1.4,,,,,,
1481,141817,,,,,standing dead,,A,,,2,,,,,,,3.2,,,,,,
1482,142242,,,,,standing broken,,A,,,2,,,3,,10,,10.5,,,,,,
1482,142242,,,,,standing broken,,B,,,2,,,,,,,10,,1.3,,,,
1482,142246,,,,,standing dead,,A,,,2,,,,,,,3.5,,,,,,
1484,no tag,,,,,lying whole,,A,,,3,,,,,,,53.3,,9.8,,,,
1484,142293,,,,,standing broken,,A,,,3,,,1.8,,,,16.5,,,,,,no top
1486,142324,,,,,standing broken,,A,,,3,,,3,,,,37.4,,,,,,
1487,142335,,,,,lying whole,,A,,,3,,,,,,,22.1,,4.1,,,,
1491,no tag,,,,,lying whole,,A,,,3,,,,,,,22.2,,5.7,,,,
1491,no tag,,,,,lying cut,,A,,,3,,,,,,,48,,7.7,,,,split at base
1491,no tag,,,,,lying cut,,B,,,3,,,,,,,48.7,,1.3,,,,
1491,no tag,,,,,lying cut,,C,,,3,,,,,,,43.3,,2,,,,
1491,no tag,,,,,lying cut,,E,,,3,,,,,,,44.6,,2.2,,,,
1491,no tag,,,,,lying cut,,F,,,3,,,,,,,45.2,,1.6,,,,
1491,no tag,,,,,lying cut,,G,,,3,,,,,,,43.7,,1.1,,,,
1491,no tag,,,,,lying cut,,H,,,3,,,,,,,45.9,,1.7,,,,
1491,no tag,,,,,lying whole,,A,,,3,,,,,,,40,,13.6,,,,
1491,no tag,,,,,lying cut,,A,,,3,,,,,,,84,,8,,,,
1491,no tag,,,,,lying cut,,A,,,3,,,,,,,53.6,,8.5,,,,
1494,142154,,,,,lying whole,,A,,,3,,,,,,,2.2,,,,,,
1494,142153,,,,,standing dead,,A,,,3,,,,,,,1.2,,,,,,
1496,no tag,,,,,stump,,A,,,3,,,,,,,,,,,,,
1498,no tag,,,,,lying broken,,A,,,3,,,,,,,41.3,,9.6,,,,
1499,no tag,,,,,lying whole,,A,,,3,,,,,,,19.5,,8.5,,,,
1499,no tag,,,,,stump,,A,,,3,,,,,,,,,,,,,
1512,no tag,,,,,lying whole,,A,,,3,,,,,,,45.8,,14.5,,,,Betula
1513,152197,,,,,standing dead,,A,,,2,,,,,,,3.6,,,,,,
1513,152187,,,,,standing dead,,A,,,2,,,,,,,4.2,,,,,,
1513,no tag,,,,,lying whole,,A,,,3,,,,,,,32.3,,16.5,,,,
1514,153078,,,,,standing dead,,A,,,2,,,,,,,5.3,,,,,,
1514,153054,,,,,lying whole,,A,,,2,,,,,,,7.2,,4.9,,,,Ulmus?
1516,no tag,,,,,lying whole,,A,,,2,,,,,,,35,,23.9,,,,
1517,no tag,,,,,lying whole,,A,,,3,,,,,,,21.9,,14,,,,
1517,153336,,,,,lying whole,,A,,,2,,,,,,,76.5,,30.7,,,,
1519,153510,,,,,standing dead,,A,,,2,,,,,,,5.5,,,,,,
1521,no tag,,,,,standing dead,,A,,,2,,,,,,,21.2,,,,,,couldn't find tag
1528,no tag,,,,,lying whole,,A,,,3,,,,,,,59.5,,21.3,,,,
1532,152566,,,,,lying broken,,A,,,2,,,,,,,8.7,,1.8,,,,
1532,152566,,,,,lying broken,,B,,,2,,,,,,,7.4,,2.6,,,,
1532,151620,,,,,standing broken,,A,,,2,,,,,,,5,,,,,,no top
1533,151675,,,,,standing dead,,A,,,2,,,,,,,3,,,,,,
1533,151678,,,,,standing dead,,A,,,2,,,,,,,4.4,,,,,,
1533,151669,,,,,standing dead,,A,,,2,,,,,,,2.4,,,,,,
1543,152702,,,,,lying whole,,A,,,3,,,,,,,50,,10.6,,,,
1547,150748,,,,,lying whole,,A,,,2,,,,,,,60.2,,26.1,,,,stump sprouts
1547,no tag,,,,,lying whole,,A,,,3,,,,,,,40.9,,16.1,,,,
1547,150735,,,,,standing dead,,A,,,1,,,,,,,2,,,,,,
1555,151207,,,,,standing broken,,A,,,2,,,,,,,7.5,,1.9,,,,connected
1555,no tag,,,,,lying whole,,A,,,3,,,,,,,63.3,,10,,,,
1558,152654,,,,,lying broken,,A,,,3,,,,,,,14,,7,,,,
1558,152654,,,,,lying broken,,B,,,3,,,,,,,10.3,,3.4,,,,
1561,no tag,,,,,lying whole,,A,,,3,,,,,,,26.4,,6.3,,,,
1561,no tag,,,,,lying broken,,B,,,3,,,,,,,29,,3.1,,,,
1562,150944,,,,,standing broken,,A,,,2,,,2,,38.4,,49.2,,,,,,
1562,150944,,,,,standing broken,,B,,,2,,,,,,,38.4,,22,,,,
1563,150982,,,,,standing dead,,A,,,2,,,,,,,2.6,,,,,,
1563,150986,,,,,standing dead,,A,,,2,,,,,,,2.5,,,,,,
1563,150971,,,,,standing dead,,A,,,2,,,,,,,2.6,,,,,,
1563,150945,,,,,lying whole,,A,,,2,,,,,,,37.2,,22.2,,,,
1563,no tag,,,,,lying whole,,A,,,3,,,,,,,39,,22.2,,,,
1563,no tag,,,,,lying whole,,A,,,1,,,,,,,9.7,,5.2,,,,
1565,no tag,,,,,lying whole,,A,,,3,,,,,,,16.7,,10.2,,,,
1568,152925,,,,,standing broken,,A,,,3,,,2.5,,10.7,,13.5,,,,,,
1568,152925,,,,,standing broken,,B,,,3,,,,,,,10.7,,1.7,,,,
1571,150404,,,,,lying whole,,A,,,1,,,,,,,54.2,,17.1,,,,live buds
1572,no tag,,,,,lying broken,,A,,,3,,,,,,,44.6,,11.3,,,,
1577,no tag,,,,,stump,,A,,,3,,,,,,,,,,,,,
1578,151095,,,,,standing dead,,A,,,2,,,,,,,2.7,,,,,,
1578,151091,,,,,standing dead,,A,,,2,,,,,,,2.8,,,,,,
1579,150489,,,,,standing dead,,A,,,2,,,,,,,1.4,,,,,,
1583,no tag,,,,,lying whole,,A,,,3,,,,,,,30.9,,7.1,,,,
1584,no tag,,,,,lying whole,,A,,,3,,,,,,,30.2,,7.2,,,,
1585,150333,,,,,standing broken,,A,,,1,,,,,,,16,,9.6,,,,connected
1586,150049,,,,,lying whole,,A,,,2,,,,,,,17,,12.7,,,,stump in x9 y6
1588,no tag,,,,,stump,,A,,,3,,,,,,,,,,,,,
1588,no tag,,,,,stump,,A,,,3,,,,,,,,,,,,,
1589,150650,,,,,standing broken,,A,,,2,,,8.2,,20.8,,26.5,,,,,,
1589,150650,,,,,standing broken,,B,,,2,,,,,,,20.8,,4.4,,,,
1591,no tag,,,,,standing broken,,A,,,2,,,2.5,,60.7,,60.7,,,,,,dbh from B
1593,150210,,,,,standing dead,,A,,,1,,,,,,,3.1,,,,,,
1594,150213,,,,,lying whole,,A,,,2,,,,,,,5.1,,5.3,,,,
1596,150253,,,,,lying cut,,B,,,1,,,,,,,39.4,,3.8,,,,
1598,150056,,,,,standing broken,,A,,,2,,,11.3,,,,22.4,,,,,,no top
1610,no tag,,,,,lying whole,,A,,,3,,,,,,,15.3,,6.1,,,,
1610,no tag,,,,,lying whole,,A,,,3,,,,,,,30.8,,20.6,,,,
1612,161938,,,,,standing broken,,B,,,2,,,,,,,12.4,,4.1,,,,
1622,161938,,,,,standing broken,,A,,,2,,,11,,12.4,,19.6,,,,,,
1625,no tag,,,,,lying whole,,A,,,2,,,,,,,15.8,,7.3,,,,
1629,no tag,,,,,lying whole,,A,,,3,,,,,,,66.6,,6.6,,,,
1629,no tag,,,,,stump,,A,,,3,,,,,,,,,,,,,
1632,no tag,,,,,lying whole,,A,,,3,,,,,,,22.7,,10.8,,,,
1636,161567,,,,,standing dead,,A,,,3,,,,,,,117,,,,,,
1639,no tag,,,,,lying cut,,A,,,3,,,,,,,34.9,,1.9,,,,cannot tell origin
1639,no tag,,,,,lying cut,,A,,,3,,,,,,,32,,2.1,,,,cannot tell origin
1639,no tag,,,,,lying cut,,A,,,3,,,,,,,55.1,,3.4,,,,cannot tell origin
1639,no tag,,,,,lying cut,,A,,,3,,,,,,,49.4,,3.9,,,,cannot tell origin
1639,no tag,,,,,stump,,A,,,3,,,,,,,,,,,,,
1641,160961,,,,,lying whole,,A,,,1,,,,,,,13.8,,6.9,,,,
1642,163184,,,,,standing dead,,A,,,2,,,,,,,5.2,,,,,,
1645,160800,,,,,standing broken,,A,,,3,,,13.4,,36.5,,52.4,,,,,,
1645,160800,,,,,standing broken,,B,,,3,,,,,,,36.5,,5.9,,,,
1645,161108,,,,,lying whole,,A,,,3,,,,,,,25,,12,,,,
1648,no tag,,,,,lying whole,,A,,,3,,,,,,,24.5,,9,,,,"beaver, stump split at 1.3"
1649,no tag,,,,,stump,,A,,,3,,,,,,,,,,,,,
1649,no tag,,,,,lying cut,,A,,,3,,,,,,,38.4,,2.8,,,,cannot tell origin
1649,no tag,,,,,lying cut,,A,,,3,,,,,,,43.3,,2.6,,,,cannot tell origin
1649,no tag,,,,,lying cut,,A,,,3,,,,,,,51.3,,3,,,,cannot tell origin
1649,no tag,,,,,lying cut,,A,,,3,,,,,,,63.5,,2.6,,,,cannot tell origin
1649,no tag,,,,,lying cut,,A,,,3,,,,,,,65,,1.7,,,,cannot tell origin
1649,no tag,,,,,lying cut,,A,,,3,,,,,,,64.4,,1.4,,,,cannot tell origin
1651,no tag,,,,,lying whole,,A,,,2,,,,,,,7.8,,7.1,,,,
1652,no tag,,,,,lying whole,,A,,,3,,,,,,,9.9,,10.3,,,,
1653,no tag,,,,,lying whole,,A,,,3,,,,,,,34.6,,7.6,,,,
1653,no tag,,,,,lying whole,,A,,,3,,,,,,,16.4,,6.1,,,,
1658,162633,,,,,lying whole,,A,,,2,,,,,,,19,,9.7,,,,beaver
1658,no tag,,,,,stump,,A,,,3,,,,,,,,,,,,,
1658,no tag,,,,,stump,,A,,,3,,,,,,,,,,,,,
1658,no tag,,,,,stump,,A,,,3,,,,,,,,,,,,,
1658,no tag,,,,,lying cut,,A,,,3,,,,,,,55.2,,2.7,,,,cannot tell origin
1658,no tag,,,,,lying cut,,A,,,3,,,,,,,57.1,,5,,,,cannot tell origin
1658,no tag,,,,,lying cut,,A,,,3,,,,,,,75.7,,1.3,,,,cannot tell origin
1662,no tag,,,,,stump,,A,,,3,,,,,,,,,,,,,
1669,162752,,,,,standing broken,,A,,,3,,,4,,,,74.4,,,,,,no top
1669,no tag,,,,,lying whole,,A,,,3,,,,,,,40.6,,2.5,,,,
1671,no tag,,,,,lying whole,,A,,,3,,,,,,,15.7,,14.7,,,,
1672,160226,,,,,lying cut,,A,,,2,,,,,,,16.6,,7.5,,,,
1672,160226,,,,,lying cut,,B,,,2,,,,,,,10.2,,2.3,,,,
1679,162706,,,,,standing dead,,A,,,2,,,,,,,23.2,,,,,,
1679,no tag,,,,,lying whole,,A,,,3,,,,,,,35.1,,13,,,,
1679,no tag,,,,,lying whole,,A,,,3,,,,,,,46.8,,9.5,,,,
1683,no tag,,,,,stump,,A,,,3,,,,,,,,,,,,,
1683,no tag,,,,,lying whole,,A,,,3,,,,,,,9.1,,2.5,,,,
1684,160400,,,,,lying whole,,A,,,2,,,,,,,15.3,,12.6,,,,Pinus
1684,no tag,,,,,lying broken,,A,,,3,,,,,,,33.5,,15.4,,,,
1687,no tag,,,,,lying broken,,A,,,1,,,,,,,8.7,,4.8,,,,
1687,no tag,,,,,lying broken,,B,,,1,,,,,,,7,,2.1,,,,
1687,160644,,,,,lying cut,,A,,,1,,,,,,,2.3,,,,,,
1687,no tag,,,,,lying whole,,A,,,1,,,,,,,16.2,,13.5,,,,
1689,162684,,,,,standing broken,,A,,,3,,,3,,,,25.3,,,,,,no top
1689,162685,,,,,standing dead,,A,,,2,,,,,,,15.5,,,,,,
1689,162687,,,,,standing dead,,A,,,2,,,,,,,8.2,,,,,,
1689,162689,,,,,standing dead,,A,,,2,,,,,,,,,,,,,
1689,162696,,,,,standing dead,,A,,,2,,,,,,,28.5,,,,,,
1689,162707,,,,,standing dead,,A,,,2,,,,,,,18.3,,,,,,
1689,162691,,,,,standing dead,,A,,,2,,,,,,,6.8,,,,,,
1689,162692,,,,,standing dead,,A,,,2,,,,,,,10,,,,,,
1689,162695,,,,,standing dead,,A,,,2,,,,,,,7.6,,,,,,
1689,162693,,,,,standing dead,,A,,,2,,,,,,,11.9,,,,,,
1689,no tag,,,,,lying whole,,A,,,3,,,,,,,22.9,,5.9,,,,
1691,160113,,,,,standing broken,,A,,,1,,,,,8.2,,12,,,,,,
1691,160113,,,,,standing broken,,B,,,1,,,,,,,8.2,,7.8,,,,
1691,no tag,,,,,lying whole,,A,,,3,,,,,,,12.1,,7.6,,,,Pinus
1691,no tag,,,,,lying whole,,A,,,2,,,,,,,7,,9.7,,,,leaning
1692,no tag,,,,,lying whole,,A,,,3,,,,,,,8.7,,6.9,,,,
1692,160120,,,,,standing broken,,A,,,3,,,1.5,,9,,15.7,,,,,,
1692,160120,,,,,standing broken,,B,,,3,,,,,,,9,,9.9,,,,
1692,no tag,,,,,lying broken,,B,,,3,,,,,,,21.2,,1.9,,,,
1692,no tag,,,,,lying broken,,C,,,3,,,,,,,18.5,,2.2,,,,
1693,no tag,,,,,lying whole,,A,,,3,,,,,,,8,,6.4,,,,
1693,160148,,,,,standing dead,,A,,,2,,,,,,,21.1,,,,,,
1694,160161,,,,,standing dead,,A,,,3,,,,,,,17.7,,,,,,leaning
1694,no tag,,,,,stump,,A,,,3,,,,,,,,,,,,,
1694,no tag,,,,,stump,,A,,,3,,,,,,,,,,,,,
1694,160407,,,,,standing dead,,A,,,2,,,,,,,6.6,,,,,,stump sprouts
1694,160186,,,,,lying broken,,B,,,2,,,,,,,7,,5.3,,,,
1695,160186,,,,,lying broken,,A,,,2,,,,,,,7.8,,2,,,,
1697,no tag,,,,,stump,,A,,,3,,,,,,,,,,,,,
1697,no tag,,,,,lying whole,,A,,,3,,,,,,,43.5,,,,,,
1697,no tag,,,,,stump,,A,,,3,,,,,,,,,,,,,
1698,160279,,,,,standing dead,,A,,,2,,,,,,,2.7,,,,,,
1698,160280,,,,,standing dead,,A,,,2,,,,,,,2.6,,,,,,
1699,162457,,,,,standing dead,,A,,,2,,,,,,,30.6,,,,,,
1699,162458,,,,,standing broken,,A,,,3,,,5.5,,,,36.8,,,,,,
1699,162465,,,,,standing dead,,A,,,2,,,,,,,1.7,,,,,,
1699,no tag,,,,,stump,,A,,,3,,,,,,,,,,,,,
1710,10599,,,,,standing broken,,A,,,2,,,2,,16.8,,17.5,,,,,,
1710,10599,,,,,standing broken,,B,,,2,,,,,,,16.8,,7.9,,,,
2102,no tag,,,,,stump,,A,,,3,,,,,,,,,,,,,
2104,no tag,,,,,lying whole,,A,,,3,,,,,,,19.6,,2.9,,,,
2106,21098,,,,,lying whole,,A,,,2,,,,,,,5.4,,3,,,,
2108,21233,,,,,standing broken,,A,,,2,,,1.5,,6.4,,7.8,,,,,,
2108,21233,,,,,standing broken,,B,,,2,,,,,,,6.4,,4.3,,,,
2109,70002,,,,,standing broken,,E,,,2,,,,,,,23,,,,,,
2109,70002,,,,,standing broken,,F,,,6,,,,,,,22.5,,,,,,
2109,21253,,,,,standing broken,,A,,,2,,,6,,16.5,,20.2,,,,,,
2109,21253,,,,,standing broken,,B,,,2,,,,,,,16.5,,3,,,,
2109,21256,,,,,standing dead,,A,,,2,,,,,,,16.5,,,,,,
2109,21257,,,,,standing dead,,A,,,2,,,,,,,6,,,,,,
2110,20223,,,,,standing broken,,A,,,2,,,0.95,,8,,8.3,,,,,,
2110,20223,,,,,standing broken,,B,,,2,,,,,,,8,,0.9,,,,
2110,20223,,,,,standing broken,,C,,,2,,,,,,,7.4,,2,,,,
2110,20222,,,,,standing broken,,A,,,2,,,1.4,,11.1,,11.2,,,,,,
2110,20222,,,,,standing broken,,B,,,2,,,,,,,11.1,,6.7,,,,
2410,20552,,,,,standing broken,,A,,,2,,,,,,,11.9,,,,,,no top
2510,20587,,,,,standing dead,,A,,,2,,,,,,,10.9,,,,,,
2610,20904,,,,,standing dead,,A,,,2,,,,,,,17.1,,stump sprouts,,,,
2610,20782,,,,,standing dead,,A,,,2,,,1.3,,,,5.4,,,,,,
2910,21032,,,,,lying whole,,A,,,2,,,,,,,4.7,,3.2,,,,
2910,21033,,,,,lying whole,,A,,,2,,,,,,,5.1,,5.6,,,,
3102,no tag,,,,,lying broken,,B,,,3,,,,,,,94.1,,10.4,,,,large branches
3102,no tag,,,,,lying broken,,C,,,3,,,,,,,94.1,,15.4,,,,large branches
3104,31455,,,,,standing dead,,A,,,2,,,4,,,,10.7,,,,,,
3104,no tag,,,,,lying whole,,A,,,3,,,,,,,8.3,,3.1,,,,
3105,31477,,,,,lying whole,,A,,,2,,,,,,,4.7,,2.4,,,,
3105,31472,,,,,standing dead,,A,,,2,,,,,,,11.2,,,,,,
3107,31614,,,,,standing dead,,A,,,2,,,,,,,5.2,,,,,,
3108,no tag,,,,,lying broken,,A,,,3,,,,,,,9,,4.4,,,,
3108,no tag,,,,,lying broken,,B,,,3,,,,,,,7.2,,4.6,,,,
3109,no tag,,,,,lying whole,,A,,,3,,,,,,,12.9,,4.7,,,,
3110,no tag,,,,,stump,,A,,,3,,,,,,,,,,,,,
3110,no tag,,,,,stump,,A,,,3,,,,,,,,,,,,,
3210,30610,,,,,lying whole,,A,,,3,,,,,,,12.8,,2.6,,,,
3210,30606,,,,,lying broken,,A,,,3,,,,,,,12.8,,4.1,,,,
3210,30606,,,,,lying broken,,B,,,3,,,,,,,10.7,,3.4,,,,
3210,30606,,,,,lying broken,,C,,,3,,,,,,,9.8,,2.4,,,,
3510,30883,,,,,lying broken,,A,,,2,,,,,,,,,9.7,,,,
3710,31169,,,,,lying whole,,A,,,2,,,,,,,7.9,,2.8,,,,
3810,31343,,,,,standing broken,,A,,,2,,,3,,,,9.7,,,,,,
3810,31343,,,,,standing broken,,B,,,2,,,,,,,,,,,,,
3910,no tag,,,,,lying whole,,A,,,3,,,,,,,12.4,,6.1,,,,
3910,no tag,,,,,lying whole,,A,,,3,,,,,,,28.3,,14,,,,
4102,no tag,,,,,lying whole,,A,,,3,,,,,,,6.9,,3.8,,,,
4102,41490,,,,,lying whole,,A,,,3,,,,,,,56.9,,10.9,,,,
4103,41500,,,,,lying whole,,A,,,2,,,,,,,5.7,,4.1,,,,
4107,no tag,,,,,stump,,A,,,3,,,,,,,,,,,,,
4109,no tag,,,,,lying whole,,A,,,3,,,,,,,21.5,,15.6,,,,
4109,80339,,,,,standing broken,,B,,,1,,,,,,,59.4,,1.8,,,,
4109,80339,,,,,standing broken,,C,,,1,,,,,,,49.7,,12.7,,,,
4210,40633,,,,,standing dead,,A,,,2,,,,,,,23.7,,,,,,
4510,41351,,,,,standing dead,,A,,,1,,,,,,,8,,,,,,
4710,41459,,,,,standing broken,,A,,,3,,,6,,18.5,,22.9,,,,,,
4710,41459,,,,,standing broken,,B,,,3,,,,,,,18.5,,7,,,,
4710,no tag,,,,,lying broken,,A,,,3,,,,,,,15.6,,1.4,,,,
4710,no tag,,,,,lying broken,,B,,,3,,,,,,,14.5,,4,,,,
4810,no tag,,,,,lying whole,,A,,,3,,,,,,,31.6,,10.9,,,,
4810,41934,,,,,standing broken,,A,,,2,,,11,,40.4,,49.8,,,,,,
4810,41934,,,,,standing broken,,B,,,2,,,,,,,40.4,,18.4,,,,
4910,41871,,,,,standing broken,,A,,,1,,,6,,16.6,,24.1,,,,,,
4910,41871,,,,,standing broken,,B,,,1,,,,,,,16.6,,7.7,,,,
5101,50898,,,,,standing dead,,A,,,3,,,,,,,20.2,,,,,,
5105,no tag,,,,,lying broken,,B,,,3,,,,,,,46.2,,5.3,,,,
5105,no tag,,,,,lying broken,,B,,,3,,,,,,,46.2,,,,,,
5107,53566,,,,,lying whole,,A,,,3,,,,,,,29.3,,8.3,,,,
5108,53660,,,,,standing broken,,A,,,3,,,3,,10,,13.6,,,,,,
5108,53660,,,,,standing broken,,B,,,3,,,,,,,10,,2.7,,,,
5109,no tag,,,,,lying whole,,A,,,3,,,,,,,20.8,,17.6,,,,
5310,50901,,,,,standing broken,,A,,,3,,,2.1,,,,19,,,,,,no top
5410,50592,,,,,standing broken,,A,,,3,,,5,,17.1,,22.8,,,,,,
5410,50592,,,,,standing broken,,B,,,3,,,,,,,17.1,,2.7,,,,
5410,50592,,,,,standing broken,,C,,,3,,,,,,,15.4,,2,,,,
5510,50961,,,,,standing dead,,A,,,2,,,,,,,3.9,,,,,,
5810,no tag,,,,,lying whole,,A,,,3,,,,,,,8.4,,8.8,,,,
5810,no tag,,,,,lying whole,,A,,,3,,,,,,,5.1,,3.4,,,,
5910,61008,,,,,standing broken,,B,,,2,,,,,,,48.2,,2,,,,
5910,61008,,,,,standing broken,,C,,,2,,,,,,,35.7,,9.5,,,,
5910,50753,,,,,lying whole,,A,,,3,,,,,,,22.8,,9.5,,,,
6102,61276,,,,,standing dead,,A,,,2,,,,,,,20.3,,,,,,
6103,no tag,,,,,lying whole,,A,,,3,,,,,,,9.3,,5,,,,
6103,no tag,,,,,stump,,A,,,3,,,,,,,,,,,,,
6106,61440,,,,,standing broken,,A,,,2,,,16,,33,,51.2,,,,,,
6106,61440,,,,,standing broken,,B,,,2,,,,,,,33,,13.9,,,,
6106,61442,,,,,standing dead,,A,,,2,,,,,,,48,,,,,,
6107,61451,,,,,lying whole,,A,,,1,,,,,,,81.6,,10.7,,,,
6109,61479,,,,,lying whole,,A,,,2,,,,,,,7.6,,2.9,,,,
6110,70002,,,,,standing broken,,B,,,2,,,,,,,28.9,,,,,,
6110,70002,,,,,standing broken,,C,,,2,,,,,,,23.9,,,,,,
6110,70002,,,,,standing broken,,D,,,2,,,,,,,19.8,,,,,,
6110,60291,,,,,standing broken,,A,,,2,,,1.4,,14.6,,16,,,,,,
6110,60291,,,,,standing broken,,B,,,2,,,,,,,14.6,,8.9,,,,
6110,60282,,,,,standing broken,,A,,,2,,,8,,36.9,,42.3,,,,,,
6110,60282,,,,,standing broken,,B,,,2,,,,,,,36.9,,4.4,,,,
6210,no tag,,,,,lying whole,,A,,,2,,,,,,,12.7,,7.5,,,,
6410,no tag,,,,,lying whole,,A,,,3,,,,,,,94.6,,16.5,,,,
6510,no tag,,,,,lying whole,,A,,,3,,,,,,,39.2,,12.8,,,,
6910,61364,,,,,lying whole,,A,,,2,,,,,,,8.8,,5.2,,,,
7101,no tag,,,,,lying whole,,A,,,3,,,,,,,12.2,,5.8,,,,
7102,71614,,,,,lying whole,,A,,,2,,,,,,,12.1,,5.1,,,,
7102,no tag,,,,,lying whole,,A,,,3,,,,,,,10,,4.9,,,,
7102,no tag,,,,,lying whole,,A,,,3,,,,,,,12,,3.1,,,,
7104,no tag,,,,,lying whole,,A,,,3,,,,,,,10.1,,7.6,,,,
7107,no tag,,,,,lying broken,,B,,,2,,,,,,,28,,3.1,,,,
7108,no tag,,,,,lying broken,,A,,,2,,,,,,,27.9,,1.9,,,,fragment?
7310,70567,,,,,standing broken,,A,,,1,,,,,,,10.2,,5.9,,,,connected
7710,71534,,,,,standing broken,,A,,,2,,,9,,,,53.7,,fragments cut,,,,
7710,71534,,,,,standing broken,,B,,,2,,,,,,,40.1,,,,,,
7710,71534,,,,,standing broken,,C,,,2,,,,,,,38.8,,,,,,
7710,71534,,,,,standing broken,,D,,,2,,,,,,,34.8,,,,,,
7710,71534,,,,,standing broken,,E,,,2,,,,,,,33.5,,,,,,
7810,71313,,,,,standing broken,,B,,,3,,,,,,,35.5,,3.9,,,,
7810,71313,,,,,standing broken,,C,,,3,,,,,,,32.9,,4.3,,,,
7810,71313,,,,,standing broken,,D,,,3,,,,,,,31.6,,4.2,,,,
7810,71313,,,,,standing broken,,E,,,3,,,,,,,28.4,,2.8,,,,
7810,no tag,,,,,lying whole,,A,,,2,,,,,,,9,,1.8,,,,
7810,no tag,,,,,lying whole,,A,,,2,,,,,,,7.8,,5.3,,,,
7910,71448,,,,,lying whole,,A,,,2,,,,,,,,,6.7,,,,
8105,no tag,,,,,lying whole,,A,,,3,,,,,,,41.6,,6,,,,
8106,no tag,,,,,lying whole,,A,,,3,,,,,,,29.8,,17.2,,,,
8710,no tag,,,,,lying whole,,A,,,3,,,,,,,43.3,,9.7,,,,
8910,no tag,,,,,lying whole,,A,,,3,,,,,,,63.5,,16.6,,,,
8910,no tag,,,,,lying whole,,A,,,3,,,,,,,26.2,,9.2,,,,
9101,no tag,,,,,lying whole,,A,,,3,,,,,,,11.8,,2.5,,,,
9106,no tag,,,,,lying whole,,A,,,3,,,,,,,40.6,,19.9,,,,
9107,no tag,,,,,lying whole,,A,,,3,,,,,,,11.8,,6,,,,
9109,no tag,,,,,lying whole,,A,,,3,,,,,,,21.4,,8.3,,,,
9109,91011,,,,,standing broken,,C,,,1,,,,,,,12.3,,4.5,,,,live buds
9210,no tag,,,,,lying whole,,A,,,1,,,,,,,62.5,,15.7,,,,live buds
9410,100433,,,,,lying broken,,B,,,3,,,,,,,23.8,,4.3,,,,
9610,91495,,,,,standing dead,,A,,,2,,,,,,,21.9,,,,,,leaning
9710,91054,,,,,lying whole,,A,,,1,,,,,,,,,,,,,live buds
9810,no tag,,,,,stump,,A,,,3,,,,,,,,,,,,,
10103,101222,,,,,standing dead,,A,,,2,,,,,,,3.3,,,,,,
10103,no tag,,,,,lying whole,,A,,,3,,,,,,,10.5,,4.5,,,,
10105,no tag,,,,,lying whole,,A,,,3,,,,,,,25.2,,16.7,,,,
10106,102128,,,,,lying whole,,A,,,2,,,,,,,44.7,,15.3,,,,
10106,102129,,,,,lying whole,,A,,,2,,,,,,,5.5,,3.2,,,,broken
10109,no tag,,,,,lying whole,,A,,,2,,,,,,,6.7,,3.6,,,,
10510,100790,,,,,standing dead,,A,,,2,,,,,,,85.4,,,,,,
10810,101903,,,,,standing dead,,A,,,2,,,,,,,12.8,,,,,,
10910,102026,,,,,lying broken,,A,,,1,,,,,,,74.4,,18.9,,,,
11102,102026,,,,,lying broken,,B,,,1,,,,,,,36.1,,7.2,,,,
11109,no tag,,,,,lying whole,,A,,,2,,,,,,,36.3,,12.4,,,,
11110,110614,,,,,standing broken,,B,,,1,,,,,,,27.3,,1,,,,rearranged from sketch
11110,110614,,,,,standing broken,,C,,,1,,,,,,,26.2,,1.1,,,,rearranged from sketch
11110,110614,,,,,standing broken,,D,,,1,,,,,,,25.3,,1,,,,rearranged from sketch
11110,110614,,,,,standing broken,,E,,,1,,,,,,,25.2,,0.8,,,,rearranged from sketch
11110,110623,,,,,standing dead,,A,,,2,,,,,,,29.6,,,,,,
11110,110614,,,,,standing broken,,A,,,1,,,18,,27.3,,46.6,,,,,,
11810,no tag,,,,,lying whole,,A,,,3,,,,,,,28.5,,,,,,
12101,123231,,,,,standing broken,,B,,,3,,,,,,,30.4,,11,,,,
12103,no tag,,,,,lying whole,,A,,,3,,,,,,,5.3,,3.3,,,,
12104,no tag,,,,,lying whole,,A,,,3,,,,,,,41.1,,9.2,,,,
12105,no tag,,,,,stump,,A,,,3,,,,,,,,,,,,,
12105,no tag,,,,,lying whole,,A,,,3,,,,,,,46.5,,10,,,,
12105,no tag,,,,,lying whole,,A,,,3,,,,,,,40,,11.3,,,,
12110,no tag,,,,,lying whole,,A,,,3,,,,,,,12.6,,3.9,,,,
12210,no tag,,,,,lying whole,,A,,,3,,,,,,,14,,9.8,,,,
12210,no tag,,,,,lying whole,,A,,,3,,,,,,,6,,4.4,,,,
12210,122528,,,,,lying broken,,A,,,2,,,,,,,28,,19,,,,
12310,no tag,,,,,lying whole,,A,,,3,,,,,,,13,,10.9,,,,
12410,122528,,,,,lying broken,,B,,,2,,,,,,,16,,5.1,,,,
12410,no tag,,,,,lying whole,,A,,,3,,,,,,,28.8,,19.1,,,,
12510,no tag,,,,,lying whole,,A,,,3,,,,,,,42.6,,9.2,,,,
12510,no tag,,,,,lying whole,,A,,,3,,,,,,,18.3,,3.1,,,,
12910,no tag,,,,,lying whole,,A,,,3,,,,,,,34.5,,20.4,,,,
13102,132472,,,,,standing broken,,A,,,1,,,,,,,36.4,,,,,,live buds
13103,133171,,,,,standing cut,,A,,,3,,,1.5,,54.8,,139.8,,,,,,
13103,133171,,,,,standing cut,,B,,,3,,,,,,,54.8,,14.1,,,,
13103,133171,,,,,standing cut,,B,,,3,,,,,,,52.9,,20.2,,,,
13103,132289,,,,,standing dead,,A,,,2,,,,,,,2.7,,,,,,
13104,no tag,,,,,lying broken,,A,,,3,,,,,,,38.8,,8.5,,,,
13105,no tag,,,,,lying whole,,A,,,3,,,,,,,54.8,,13,,,,
13105,132676,,,,,standing dead,,A,,,2,,,,,,,3.5,,,,,,
13105,132697,,,,,standing dead,,A,,,2,,,,,,,2.3,,,,,,
13107,132616,,,,,standing broken,,A,,,2,,,2,,,,39.6,,,,,,no top
13107,132616,,,,,standing broken,,A,,,2,,,1.2,,,,47.5,,22.9,,,,
13107,132630,,,,,standing broken,,A,,,2,,,2.5,,24.2,,27.5,,,,,,
13107,132630,,,,,standing broken,,B,,,2,,,,,,,24.2,,3.1,,,,
13107,132633,,,,,standing broken,,A,,,2,,,1.3,,62.6,,68.1,,,,,,
13107,132633,,,,,standing broken,,A,,,2,,,,,,,62.6,,26.1,,,,
13110,130889,,,,,standing dead,,A,,,3,,,,,,,10,,,,,,
13410,no tag,,,,,lying whole,,A,,,3,,,,,,,30.7,,9.2,,,,
13510,131333,,,,,standing broken,,A,,,3,,,13.1,,30.2,,43.3,,,,,,
13510,131333,,,,,standing broken,,B,,,3,,,,,,,30.2,,7,,,,
13910,133028,,,,,standing dead,,A,,,2,,,,,,,28.8,,,,,,
14102,no tag,,,,,lying cut,,D,,,3,,,,,,,46.3,,9.8,,,,
14102,no tag,,,,,lying cut,,I,,,3,,,,,,,25.3,,2.4,,,,
14102,no tag,,,,,lying cut,,J,,,3,,,,,,,20.6,,3.4,,,,
14103,142010,,,,,lying whole,,A,,,2,,,,,,,7,,2.2,,,,
14104,no tag,,,,,stump,,A,,,3,,,,,,,,,,,,,
14105,142038,,,,,standing broken,,A,,,2,,,4,,8.6,,18.5,,,,,,
14105,142038,,,,,standing broken,,B,,,2,,,,,,,8.6,,3.3,,,,
14106,no tag,,,,,stump,,A,,,3,,,,,,,,,,,,,
14108,no tag,,,,,lying broken,,B,,,3,,,,,,,34.7,,9.7,,,,
14109,no tag,,,,,lying whole,,A,,,2,,,,,,,39.8,,20,,,,
14109,no tag,,,,,standing dead,,A,,,3,,,,,,,42.6,,,,,,
14110,140835,,,,,standing broken,,A,,,3,,,,,,,49.3,,13,,,,
14110,140835,,,,,standing broken,,A,,,3,,,,,,,37.6,,14.7,,,,
14110,140824,,,,,standing dead,,A,,,2,,,,,,,22,,,,,,
14610,141746,,,,,standing dead,,A,,,1,,,,,,,3.5,,,,,,
14710,no tag,,,,,lying whole,,A,,,3,,,,,,,47.3,,3.6,,,,
14710,no tag,,,,,stump,,A,,,3,,,,,,,,,,,,,
14710,no tag,,,,,stump,,A,,,3,,,,,,,,,,,,,
14810,142714,,,,,lying whole,,A,,,3,,,,,,,10.1,,2.7,,,,
14910,142379,,,,,standing dead,,A,,,2,,,,,,,12.5,,,,,,stump sprouts
14910,no tag,,,,,standing broken,,B,,,2,,,,,,,60.7,,18.4,,,,
15101,no tag,,,,,stump,,A,,,3,,,,,,,,,,,,,
15101,150010,,,,,lying whole,,A,,,2,,,,,,,8.7,,8.1,,,,
15103,150118,,,,,lying whole,,A,,,2,,,,,,,2.2,,3,,,,
15104,no tag,,,,,lying cut,,A,,,3,,,,,,,50.4,,14.3,,,,
15105,no tag,,,,,lying cut,,B,,,3,,,,,,,36.6,,2.2,,,,
15106,no tag,,,,,stump,,A,,,3,,,,,,,,,,,,,
15107,150253,,,,,lying cut,,A,,,1,,,,,,,43.2,,7.3,,,,
15107,150248,,,,,standing broken,,A,,,1,,,2.5,,8,,8.8,,,,,,
15107,150248,,,,,standing broken,,B,,,1,,,,,,,8,,2.5,,,,
15107,150280,,,,,lying broken,,B,,,1,,,,,,,28.9,,2.9,,,,
15108,150264,,,,,standing dead,,A,,,2,,,,,,,13.7,,,,,,
15109,150280,,,,,lying broken,,A,,,1,,,,,,,58.7,,23.3,,,,
15109,150269,,,,,standing dead,,A,,,2,,,,,,,5.7,,,,,,
15110,151406,,,,,standing dead,,A,,,2,,,,,,,2.1,,,,,,
15210,152496,,,,,standing dead,,A,,,2,,,,,,,4.1,,,,,,
15210,153312,,,,,standing dead,,A,,,2,,,,,,,4.4,,,,,,
15410,152794,,,,,lying whole,,A,,,2,,,,,,,9.3,,4.4,,,,
15910,150080,,,,,standing dead,,A,,,2,,,,,,,8.6,,,,,,
15910,150077,,,,,standing broken,,A,,,3,,,,,30.3,,34.6,,,,,,
15910,150077,,,,,standing broken,,B,,,3,,,,,,,30.3,,6.4,,,,
15910,150089,,,,,lying whole,,A,,,3,,,,,,,10.4,,7.8,,,,
15910,150091,,,,,lying cut,,A,,,3,,,,,,,13.3,,4.3,,,,
16102,160023,,,,,lying whole,,A,,,2,,,,,,,2.8,,2.2,,,,
16102,no tag,,,,,lying whole,,A,,,3,,,,,,,10.6,,7.8,,,,
16102,160028,,,,,standing broken,,A,,,3,,,1.7,,,,8.4,,,,,,top?
16102,no tag,,,,,lying whole,,A,,,3,,,,,,,8.9,,10,,,,
16103,no tag,,,,,lying whole,,A,,,3,,,,,,,16.4,,6.2,,,,
16103,no tag,,,,,lying whole,,A,,,3,,,,,,,15.4,,6.3,,,,
16103,no tag,,,,,lying whole,,A,,,2,,,,,,,4,,3.2,,,,
16106,no tag,,,,,stump,,A,,,3,,,,,,,,,,,,,
16109,162435,,,,,standing dead,,A,,,3,,,,,,,49.6,,,,,,
16109,162431,,,,,standing broken,,A,,,3,,,6.1,,26.2,,80.5,,,,,,"second stem, but not found"
16109,162431,,,,,standing broken,,B,,,3,,,,,,,26.2,,16.2,,,,
16210,no tag,,,,,lying whole,,A,,,3,,,,,,,29.8,,4.8,,,,
16210,no tag,,,,,stump,,A,,,3,,,,,,,,,,,,,
16210,no tag,,,,,stump,,A,,,3,,,,,,,,,,,,,
16210,no tag,,,,,stump,,A,,,3,,,,,,,,,,,,,
16210,162787,,,,,stump,,A,,,3,,,,,,,,,,,,,
16310,no tag,,,,,lying whole,,A,,,3,,,,,,,42.3,,2.5,,,,
16310,no tag,,,,,lying whole,,A,,,3,,,,,,,25.6,,7,,,,
16310,162785,,,,,standing broken,,A,,,3,,,4,,52.5,,54.7,,,,,,
16310,162785,,,,,standing broken,,B,,,3,,,,,,,52.5,,18.1,,,,
16810,162771,,,,,standing dead,,A,,,2,,,,,,,53.4,,,,,,
16810,162770,,,,,standing dead,,A,,,2,,,,,,,30.2,,,,,,
31010,no tag,,,,,lying whole,,A,,,3,,,,,,,9.5,,7.8,,,,
51010,50271,,,,,standing dead,,A,,,3,,,,,,,11.4,,,,,,leaning
51010,50267,,,,,stump,,A,,,3,,,1.3,,,,7.8,,,,,,
61010,61491,,,,,lying whole,,A,,,2,,,,,,,10.1,,3.7,,,,
101010,101911,,,,,lying whole,,A,,,3,,,,,,,52.2,,12.1,,,,
111010,112141,,,,,standing broken,,A,,,2,,,1.8,,8,,10.1,,,,,,
111010,112141,,,,,standing broken,,B,,,2,,,,,,,8,,3.2,,,,
111010,no tag,,,,,stump,,A,,,3,,,,,,,,,,,,,
121010,123741,,,,,standing broken,,A,,,3,,,12,,24.2,,37,,,,,,
121010,123741,,,,,standing broken,,B,,,3,,,,,,,24.2,,1.8,,,,
141010,no tag,,,,,stump,,A,,,3,,,,,,,,,,,,,
141010,no tag,,,,,lying whole,,A,,,3,,,,,,,10.5,,8.2,,,,
141010,142560,,,,,standing dead,,A,,,3,,,,,,,35,,,,,,
161010,162765,,,,,standing broken,,A,,,3,,,,,,,,,,,,,no top