QUADNAME,TAG,STEMTAG,SPCODE,QX,QY,BREAKDOWNSTATUS.2017,BDS.2021,PIECE.2017,PIECE.2021,INTEG.2017,INTEG.2021,DECAYCLASS.2017,DECAYCLASSORIG,DECAYCLASS.2021,GC.2017,GC.2021,HEIGHT.2017,HEIGHT.2021,TOPDIAM.2017,TOPDIAM.2021,DBH,DBH.2017,DBH.2021,LENGTH.2017,LENGTH.2021,ANGLE,DIRECTION,NOTES.2017,NOTES.2021,,,,,LG.END.DIAM,SM.END.DIAM,LG.PX,LG.PY,SM.PX,SM.PY,CORRXTREE,CORRYTREE,UTMX_TREES,UTMY_TREES
123,10008,10008,FRPE,4.6,0.6,Snag,,A,,C,,1,1,,NA,,4.8,,NA,,23.1,23.1,,NA,,,,NA,,,,,,NA,NA,NA,NA,NA,NA,14.6,20.6,438035.793,135615.097
123,10009,10009,FRPE,0.5,3.5,Snag,,A,,C,,1,1,,NA,,11,,NA,,28.3,27.6,,NA,,,,NA,,,,,,NA,NA,NA,NA,NA,NA,10.5,23.5,438031.693,135617.997
126,10033,10033,FRPE,8.9,0.6,Snag,Snag,A,A,F,,2,1,3,NA,,7.4,,NA,,23.3,23.4,,NA,,,,NA,,,,,,NA,NA,NA,NA,NA,NA,18.9,50.6,438040.093,135645.097
127,10069,10069,UNKN,4.9,6.3,Log,Log,A,A,F,,3,2,3,G,,NA,,NA,,62.2,NA,,12,,,,NA,,,,,,66.9,44.7,NA,NA,NA,NA,14.9,66.3,438036.093,135660.797
115,10135,10135,UNKN,10,6,Snag,,A,,F,,3,2,,NA,,18,,NA,,82.1,76.9,,NA,,,,NA,,,,,,NA,NA,NA,NA,NA,NA,10,46,438031.193,135640.497
117,10178,10178,QUAL,0.5,7.8,Snag,Log,A,A,F,,2,1,4,NA,,8.6,,NA,12.6,20.9,20.5,19.8,NA,8,,,NA,,,,,,NA,NA,NA,NA,NA,NA,0.5,67.8,438021.693,135662.297
133,10213,10213,ACRU,7,7.2,Log,Log,A,A,F,,4,2,5,G,,NA,,NA,,30.1,NA,,5,,,,NA,,,,,,32.2,26.1,NA,NA,NA,NA,27,27.2,438048.193,135621.697
135,10219,10219,FRPE,7.4,2.2,Snag,Snag,A,A,C,,1,1,3,NA,,13.2,,NA,,35.9,36,,NA,,,,NA,,,,,,NA,NA,NA,NA,NA,NA,27.4,42.2,438048.593,135636.697
135,10220,10220,UNKN,6.2,3.6,Snag,,A,,F,,4,2,,NA,,2,,NA,,19.5,16.5,,NA,,,,NA,Not found,,,,,NA,NA,NA,NA,NA,NA,26.2,43.6,438047.393,135638.097
122,10291,10291,FRPE,6.4,1.5,Snag,Snag,A,A,C,,1,1,2,NA,,11.6,,NA,,34.8,32.3,,NA,,,,NA,,,,,,NA,NA,NA,NA,NA,NA,16.4,11.5,438037.593,135605.997
122,10292,10292,FRPE,9.2,1.1,Snag,Snag,A,A,C,,1,1,2,NA,,14.4,,NA,,36.8,36.9,,NA,,,,NA,,,,,,NA,NA,NA,NA,NA,NA,19.2,11.1,438040.393,135605.597
122,10298,10298,TORA2,9.5,7.7,Snag,,A,,NA,,NA,NA,,NA,,NA,,NA,,11.4,NA,,NA,,,,NA,,,,,,NA,NA,NA,NA,NA,NA,19.5,17.7,438040.693,135612.197
141,10302,10302,UNKN,4.7,3.8,Snag,Snag,A,A,F,,4,2,4,NA,,6.2,,NA,,39,38.2,,NA,,,,NA,,,,,,NA,NA,NA,NA,NA,NA,34.7,3.8,438055.893,135598.297
141,10304,10304,PITA,3.1,1.5,Snag,Snag,A,A,F,,4,2,3,NA,,16.6,,NA,,36.8,39.7,,NA,,,,NA,,,,,,NA,NA,NA,NA,NA,NA,33.1,1.5,438054.293,135595.997
142,10312,10312,QURU,6.8,5.4,Snag,Log,A,A,F,,4,2,4,NA,,6.8,,NA,26.5,36.8,36,32,NA,6,,,NA,,,,,,NA,NA,NA,NA,NA,NA,36.8,15.4,438057.993,135609.897
143,10316,10316,FRPE,2.2,0.3,Snag,,A,,C,,1,1,,NA,,12,,NA,,25.9,NA,,NA,,,,NA,,,,,,NA,NA,NA,NA,NA,NA,32.2,20.3,438053.393,135614.797
143,10320,10320,FRPE,6.9,8.9,Snag,,A,,C,,1,1,,NA,,5.5,,NA,,12.3,12.6,,NA,,,,NA,,,,,,NA,NA,NA,NA,NA,NA,36.9,28.9,438058.093,135623.397
144,10327,10327,ACRU,4.9,5,Stump,,NA,,NA,,NA,NA,,NA,,NA,,NA,,14.2,NA,,NA,,,,NA,,,,,,NA,NA,NA,NA,NA,NA,34.9,35,438056.093,135629.497
146,10347,10347,FRPE,5.7,9.9,Snag,,A,,NA,,NA,NA,,NA,,NA,,NA,,17.5,19.5,,NA,,,,NA,Not dead,,,,,NA,NA,NA,NA,NA,NA,35.7,59.9,438056.893,135654.397
146,10347,10348,FRPE,6,9.9,Consumed,,NA,,NA,,5,3,,NA,,NA,,NA,,11.6,NA,,NA,,,,NA,,,,,,NA,NA,NA,NA,NA,NA,36,59.9,438057.193,135654.397
146,10349,10349,FRPE,3.7,7.9,Snag,,A,,NA,,NA,NA,,NA,,NA,,NA,,12.4,14.7,,NA,,,,NA,Not dead,,,,,NA,NA,NA,NA,NA,NA,33.7,57.9,438054.893,135652.397
147,10350,10350,LIST2,9.1,7.5,Snag,Log,A,A,F,,2,1,4,NA,,10.2,,NA,24.9,32.2,31.3,33,NA,10,,,NA,,,,,,NA,NA,NA,NA,NA,NA,39.1,67.5,438060.293,135661.997
151,10408,10408,UNKN,5.6,1.7,Snag,Snag,A,A,F,,4,2,3,NA,,3,,NA,,29.9,28.9,,NA,,,,NA,,,,,,NA,NA,NA,NA,NA,NA,45.6,1.7,438066.793,135596.197
154,10439,10439,FRPE,1.3,5.5,Snag,Snag,A,A,C,,1,1,2,NA,,20.6,3,NA,,38.6,39.3,36.6,NA,,,,NA,,,,,,NA,NA,NA,NA,NA,NA,41.3,35.5,438062.493,135629.997
154,10439,10439,FRPE,1.3,5.5,,Log,,B,,,,,2,,,,,,25.3,,,30.3,,15,,,,,,,,,,,,,,,,,,
155,10453,10453,UNKN,8.1,8,Snag,,A,,F,,3,2,,NA,,2,,NA,,29.5,NA,,NA,,,,NA,Not found ,,,,,NA,NA,NA,NA,NA,NA,48.1,48,438069.293,135642.497
156,10455,10455,UNKN,6.8,3.8,Stump,,NA,,NA,,NA,NA,,NA,,NA,,NA,,11.5,NA,,NA,,,,NA,,,,,,NA,NA,NA,NA,NA,NA,46.8,53.8,438067.993,135648.297
159,10470,10470,LIST2,6,3.8,Log,Log,A,A,C,,2,1,3,G;A,,NA,,NA,,33.5,NA,,14,,,,NA,,,,,,34,17.5,NA,NA,NA,NA,46,83.8,438067.193,135678.297
1110,10509,10509,COFL2,9.8,5.8,Consumed,,NA,,NA,,5,3,,NA,,NA,,NA,,14.2,NA,,NA,,,,NA,,,,,,NA,NA,NA,NA,NA,NA,9.8,95.8,438030.993,135690.297
173,10555,10555,QUFA,6.2,2,Log,Log,B,B,F,,3,2,3,G,,NA,,NA,,56.6,NA,,9,,,,NA,,,,,,35.5,16,NA,NA,NA,NA,66.2,22,438087.393,135616.497
173,10555,10555,QUFA,6.2,2,Snag,Snag,A,A,F,,2,1,3,NA,,8,,35.5,,56.6,54.7,,NA,,,,NA,,,,,,NA,NA,NA,NA,NA,NA,66.2,22,438087.393,135616.497
174,10567,10567,FRPE,3,9.8,Snag,Snag,A,A,C,,1,1,2,NA,,12.6,,NA,,41.6,39.5,,NA,,,,NA,,,,,,NA,NA,NA,NA,NA,NA,63,39.8,438084.193,135634.297
175,10569,10569,FRPE,8,1.7,Snag,Snag,A,A,C,,1,1,2,NA,,11,,NA,,21.4,22.3,,NA,,,,NA,,,,,,NA,NA,NA,NA,NA,NA,68,41.7,438089.193,135636.197
175,10570,10570,ULAM,7.9,6.3,Log,,A,,F,,4,2,,G,,NA,,NA,,14.7,NA,,4.5,,,,NA,Not found,,,,,13,8.9,NA,NA,NA,NA,67.9,46.3,438089.093,135640.797
175,10572,10572,UNKN,1.9,7.6,Snag,Snag,A,A,F,,4,2,4,NA,,6.5,,NA,,38.9,35.6,,NA,,,,NA,,,,,,NA,NA,NA,NA,NA,NA,61.9,47.6,438083.093,135642.097
179,10585,10585,UNKN,3.4,3.7,Snag,Log,A,A,F,,4,2,4,NA,,6,,NA,15.3,43.2,35.7,29.2,NA,6,,,NA,,,,,,NA,NA,NA,NA,NA,NA,63.4,83.7,438084.593,135678.197
162,10610,10610,QUERC,8.6,4.4,Log,Log,A,A,F,,4,2,5,G,,NA,,NA,,70.7,NA,,7,,,,NA,,,,,,57,67.2,NA,NA,NA,NA,58.6,14.4,438079.793,135608.897
164,10622,10622,FRPE,9.8,6.1,Snag,Snag,A,A,C,,1,1,1,NA,,11.2,,NA,,22.1,22.7,,NA,,,,NA,,,,,,NA,NA,NA,NA,NA,NA,59.8,36.1,438080.993,135630.597
164,10623,10623,FRPE,8.2,7.9,Log,"Log
Snag",B,B,F,,2,1,2,G,,NA,,NA,,36.4,NA,,7,,,,NA,,,,,,29.8,23.3,NA,NA,NA,NA,58.2,37.9,438079.393,135632.397
164,10623,10623,FRPE,8.2,7.9,Snag,Snag,A,A,F,,2,1,2,NA,,5.6,,29.8,,36.4,35.5,,NA,,,,NA,,,,,,NA,NA,NA,NA,NA,NA,58.2,37.9,438079.393,135632.397
164,10628,10628,ULAM,5,8,Stump,,NA,,NA,,NA,NA,,NA,,NA,,NA,,24,NA,,NA,,,,NA,,,,,,NA,NA,NA,NA,NA,NA,55,38,438076.193,135632.497
167,10642,10642,LITU,4.7,1,Snag,Snag,A,A,F,,4,2,4,NA,,3,,NA,,29.4,24.7,,NA,,,,NA,,,,,,NA,NA,NA,NA,NA,NA,54.7,61,438075.893,135655.497
1610,10665,10665,QUAL,7.6,8.9,Log,Log,A,A,C,,1,1,2,A;G,,NA,,NA,,NA,NA,52,17,,,,NA,,,,,,54.7,40.2,NA,NA,NA,NA,57.6,98.9,438078.793,135693.397
191,10805,10805,QURU,1.1,0.9,Log,Log,A,A,F,,4,2,5,G,,NA,,NA,,36.3,NA,,12,,,,NA,,,,,,19.7,34.1,NA,NA,NA,NA,81.1,0.9,438102.293,135595.397
1105,10952,10952,FRPE,8.8,4.8,Snag,Snag,A,A,C,,1,1,2,NA,,10.2,,NA,,32.2,32.3,,NA,,,,NA,,,,,,NA,NA,NA,NA,NA,NA,98.8,44.8,438119.993,135639.297
1105,10965,10965,FRPE,4.8,8,Snag,Snag,A,A,C,,1,1,2,NA,,16.2,,NA,,33.6,32.8,,NA,,,,NA,,,,,,NA,NA,NA,NA,NA,NA,94.8,48,438115.993,135642.497
1106,10971,10971,FRPE,6,3.6,Snag,Snag,A,A,C,,1,1,2,NA,,11.8,,NA,,29.9,30.5,,NA,,,,NA,,,,,,NA,NA,NA,NA,NA,NA,96,53.6,438117.193,135648.097
1106,10973,10973,LIST2,2.5,6,Snag,Snag,A,A,F,,2,1,2,NA,,8.6,,NA,,26.9,26.9,,NA,,,,NA,,,,,,NA,NA,NA,NA,NA,NA,92.5,56,438113.693,135650.497
1106,10978,10978,FRPE,0.3,7.8,Snag,Snag,A,A,C,,1,1,2,NA,,13.8,,NA,,39.3,39.8,,NA,,,,NA,,,,,,NA,NA,NA,NA,NA,NA,90.3,57.8,438111.493,135652.297
184,11014,11014,UNKN,6.4,2.4,Snag,Snag,A,A,F,,4,2,4,NA,,5,,NA,,31.6,30.8,,NA,,,,NA,,,,,,NA,NA,NA,NA,NA,NA,76.4,32.4,438097.593,135626.897
184,11015,11015,NYSY,1.2,2.3,Snag,Log,A,A,F,,4,2,4,NA,,3,,NA,8,17,16,13.5,NA,2,,,NA,,,,,,NA,NA,NA,NA,NA,NA,71.2,32.3,438092.393,135626.797
185,11034,11034,FRPE,4.9,6.7,Snag,Snag,A,A,C,,1,1,2,NA,,17,,NA,,36,35.7,,NA,,,,NA,,,,,,NA,NA,NA,NA,NA,NA,74.9,46.7,438096.093,135641.197
188,11064,11064,QUERC,0.9,1.6,Stump,,NA,,NA,,NA,NA,,NA,,NA,,NA,,32,NA,,NA,,,,NA,,,,,,NA,NA,NA,NA,NA,NA,70.9,71.6,438092.093,135666.097
133,11181,11181,FRPE,3.9,3.2,Snag,Log,A,A,C,,1,1,2,NA,,16,,NA,14.9,24.8,23.4,25,NA,15,,,NA,,,,,,NA,NA,NA,NA,NA,NA,23.9,23.2,438045.093,135617.697
197,11212,11212,FRPE,5.4,2.4,Snag,Snag,A,A,C,,1,1,2,NA,,13.4,,NA,,45.7,45.1,,NA,,,,NA,,,,,,NA,NA,NA,NA,NA,NA,85.4,62.4,438106.593,135656.897
226,20145,20145,LIST2,8.8,4.1,Log,,A,,F,,4,2,5,G,,NA,,NA,,49,NA,,9,,,,NA,,,,,,36.8,30.9,8.8,4.1,8.5,6,18.8,154.1,438039.993,135748.597
226,20151,20151,CATO6,3,9.2,Snag,Log,A,A,C,,1,1,3,NA,,7,,NA,8.3,11.9,11.5,10.1,NA,7.7,,,NA,,,,,,NA,NA,NA,NA,NA,NA,13,159.2,438034.193,135753.697
229,20175,20175,LITU,2.1,1.9,Snag,Snag,A,A,C,,1,1,1,NA,,37.6,,NA,,41.2,40.9,,NA,,,,NA,,,,,,NA,NA,NA,NA,NA,NA,12.1,181.9,438033.293,135776.397
242,20239,20239,QURU,3.1,0.6,Log,Log,A,A,C,,4,2,4,G,,NA,,NA,,70.9,NA,,20,,,,NA,,,,,,66.6,32.7,3.1,0.6,5,7,33.1,110.6,438054.293,135705.097
244,20260,20260,COFL2,4.9,1.1,Log,Log,A,A,F,,3,2,3,G,,NA,,NA,,16.6,NA,,11,,,,NA,,,,,,18.4,12.6,4.9,1.1,4,5,34.9,131.1,438056.093,135725.597
245,20277,20277,CAGL8,4.6,8.2,Snag,Log,A,A,C,,1,1,2,NA,,13,,NA,,11,10.7,,NA,,,,NA,,,,,,NA,NA,NA,NA,NA,NA,34.6,148.2,438055.793,135742.697
231,20313,20313,COFL2,9.8,5.8,Snag,Log,A,A,C,,2,1,2,NA,A,8,,NA,,10.7,10.5,,NA,,,,switch channels,,,,,,NA,NA,NA,NA,NA,NA,29.8,105.8,438050.993,135700.297
227,20354,20354,QUAL,1.4,3.2,Log,Log,B,B,F,,4,2,4,G,,NA,,NA,,NA,NA,,10,,,,NA,,,,,,76.7,41.4,10,3,0,4,21.4,163.2,438042.593,135757.697
237,20354,20354,QUAL,1.4,3.2,Snag,Snag,A,A,F,,3,2,3,NA,,3.5,,NA,,60.3,61,,NA,,,,NA,,,,,,NA,NA,NA,NA,NA,NA,21.4,163.2,438042.593,135757.697
258,20488,20488,COFL2,0.2,8.6,Log,Log,A,A,C,,4,2,2,A,,NA,,NA,,12.8,NA,,5,,,,NA,,,,,,15.9,11.6,0.2,8.6,9,4,40.2,178.6,438061.393,135773.097
2510,20587,20587,LIST2,9.2,7.8,Log,Log,A,A,F,,4,2,3,G,,NA,,NA,,10.4,NA,,4.5,,,,NA,,,,,,9.6,6.3,9.8,7.8,6,4.8,49.2,197.8,438070.393,135792.297
262,20708,20708,CARYA,3.9,1.8,Snag,Log,A,A,C,,3,2,3,NA,,10,,NA,,33.4,32.4,,NA,,,,NA,,,,,,NA,NA,NA,NA,NA,NA,53.9,111.8,438075.093,135706.297
283,20718,20718,FAGR,1,1.1,Log,,A,,F,,3,2,,G,,NA,,NA,,12.5,NA,,3,,,,NA,Not found,,,,,15.7,11.2,1,1.1,3,9,51,121.1,438072.193,135715.597
281,20811,20811,LIST2,7.3,7.1,Log,Log,A,,C,,3,2,3,G,,NA,,NA,,12.4,NA,,10,,,,NA,,,,,,15.4,6.4,7.5,7.1,3.5,4,77.3,107.1,438098.493,135701.597
282,20820,20820,LIST2,6.8,4,Log,Log,B,B,F,,3,2,3,G,,NA,,NA,,NA,NA,,10,,,,NA,,,,,,16.4,9.7,7,3,4,6,76.8,114,438097.993,135708.497
282,20820,20820,LIST2,6.8,4,Snag,Log,A,A,F,,3,2,3,NA,A,4,,16.4,,21.6,21.5,,NA,,,,NA,,,,,,NA,NA,NA,NA,NA,NA,76.8,114,438097.993,135708.497
288,20887,20887,CATO6,2.2,5.6,Log,Log,A,A,F,,4,2,5,G,,NA,,NA,,42,NA,,12,,,,NA,,,,,,36.2,27.6,2.2,5.6,6,8,72.2,175.6,438093.393,135770.097
291,20927,20927,FAGR,9.8,3.1,Log,,A,,F,,4,2,,G,,NA,,NA,,20.1,NA,,4,,,,NA,,,,,,20.3,11.1,9.8,3.1,5.8,4.1,89.8,103.1,438110.993,135697.597
295,20980,20980,LIST2,8.2,9.4,Snag,,A,,F,,4,2,,NA,,4,,NA,,25.2,24.1,,NA,,,,NA,,,,,,NA,NA,NA,NA,NA,NA,88.2,149.4,438109.393,135743.897
2107,21231,21231,CACA18,8.1,9.6,Log,,A,,NA,,5,3,,G;A,,NA,,NA,,NA,NA,,7,,,,NA,Not found,,,,,NA,9.7,7,9.8,2,2,NA,NA,NA,NA
2108,21253,21253,CATO6,1.1,1.1,Log,Log,A,A,F,,3,2,5,G,,NA,,NA,,19.6,NA,,6,,,,NA,Quad name should be 2109,,,,,24.5,11.2,1.1,0.8,0,5,91.1,181.1,438112.293,135775.597
241,21527,21527,FAGR,8.2,5.7,Snag,Snag,A,A,F,,1,1,2,NA,,5,,NA,,12.1,12.1,,NA,,,,X,,,,,,NA,NA,NA,NA,NA,NA,38.2,105.7,438059.393,135700.197
243,21541,21541,QURU,0.4,4.7,Log,Log,B,B,F,,4,2,3,G;A,,NA,,NA,,NA,NA,,7,,,,NA,,,,,,22.5,22.5,2,0.5,1,5,30.4,134.7,438051.593,135729.197
244,21541,21541,QURU,0.4,4.7,Snag,Log,A,A,F,,3,2,4,NA,,6,,22.5,,40,38,,NA,,,,NA,,,,,,NA,NA,NA,NA,NA,NA,30.4,134.7,438051.593,135729.197
315,30050,30050,LITU,1.4,0.5,Log,Log,A,A,NA,,4,2,5,G,,NA,,NA,,NA,NA,,10,,,,NA,,,,,,24.7,NA,1.4,240.5,9.2,248.2,NA,NA,NA,NA
316,30066,30066,FRPE,0.4,4.8,Log,,A,,NA,,1,1,,G,,NA,,NA,,NA,NA,,4.2,,,,NA,"Coordinates backwards, length corrected to be 22.2",,,,,35.7,24.2,0.4,254.6,NA,NA,NA,NA,NA,NA
316,30073,30073,CATO6,8.4,7,Log,Log,A,A,NA,,2,1,3,G,,NA,,NA,,NA,NA,,9.24,,,,NA,,,,,,42.1,35.2,8.5,256.8,NA,NA,NA,NA,NA,NA
325,30145,30145,UNKN,1.5,4.6,Snag,Snag,A,A,NA,,3,2,3,NA,,7,,NA,,26.2,27.2,,NA,,,,leaning on 30142,,,,,,NA,NA,NA,NA,NA,NA,11.5,244.6,438032.693,135839.097
325,30145,30154,LITU,9,8.5,Log,Log,B,B,F,,4,2,4,G,,NA,,NA,,NA,NA,,NA,,,,NA,,,,,,20.4,18.4,NA,NA,NA,NA,19,248.5,438040.193,135842.997
325,30145,30154,LITU,9,8.5,Log,Log,C,C,F,,4,2,4,G,,NA,,NA,,NA,NA,,NA,,,,NA,,,,,,20.1,18.2,NA,NA,NA,NA,19,248.5,438040.193,135842.997
325,30145,30154,LITU,9,8.5,Log,,D,,F,,4,2,,G,,NA,,NA,,NA,NA,,NA,,,,NA,Not found,,,,,17.7,15.3,NA,NA,NA,NA,19,248.5,438040.193,135842.997
325,30154,30154,LITU,9,8.5,Snag,Snag,A,A,F,,3,2,4,NA,,1.8,,NA,,20.9,20.5,,NA,,,,NA,,,,,,NA,NA,NA,NA,NA,NA,19,248.5,438040.193,135842.997
329,30198,30198,CACA18,3.9,8,Log,,A,,NA,,3,2,,NA,,NA,,NA,,NA,NA,,8.8,,,,not found,not found,,,,,21.2,8.3,13.8,287.8,22.1,285.4,NA,NA,NA,NA
331,30202,30202,FRPE,2.2,1.4,Snag,Log,A,A,C,,1,1,2,NA,,15.2,,NA,,33.9,34,,NA,,,,SP=FRAM2,,,,,,NA,NA,NA,NA,NA,NA,22.2,201.4,438043.393,135795.897
333,30225,30225,FRPE,6.1,9.1,Snag,Log,A,A,C,,1,1,1,NA,,25,,NA,,30.3,30.2,,NA,,,,switch xy,,,,,,NA,NA,NA,NA,NA,NA,26.1,229.1,438047.293,135823.597
335,30242,30242,LIST2,2.6,3.8,Log,Log,A,A,C,,2,1,3,G,,NA,,NA,,60.2,NA,,18,,,,NA,,,,,,57.9,40.1,NA,NA,NA,NA,22.6,243.8,438043.793,135838.297
336,30259,30259,CACA18,7.9,9.4,Log,,A,,NA,,1,1,,NA,,NA,,NA,,NA,NA,,NA,,,,NA,Not found,,,,,NA,NA,27.9,259.4,NA,NA,NA,NA,NA,NA
337,30264,30264,QUFA,6.4,1.8,Snag,Log,A,A,F,,2,1,4,NA,,15,,47.9,,99.3,NA,,NA,,,,NA,,,,,,NA,NA,NA,NA,NA,NA,26.4,261.8,438047.593,135856.297
346,30264,30264,QUFA,6.4,1.8,Log,Log,B,B,C,,2,1,3,G,,NA,,NA,,99.3,NA,,7,,,,NA,"Coordinates incorrect, should be .6, 9.6",,,,,47.9,40.6,NA,NA,NA,NA,26.4,261.8,438047.593,135856.297
337,30272,30272,ACRU,1.5,8.4,Log,Log,A,A,C,,2,1,4,G,,NA,,NA,,12.5,NA,,14,,,,NA,,,,,,13.4,4.1,NA,NA,NA,NA,21.5,268.4,438042.693,135862.897
338,30274,30274,CACA18,1,0.8,Log,,B,,F,,3,2,,G,,NA,,NA,,12.8,NA,,6,,,,NA,Not found,,,,,10.8,6.5,10,0.8,6,3,21,270.8,438042.193,135865.297
338,30274,30274,CACA18,1,0.8,Snag,,A,,F,,3,2,,NA,,2.6,,10.8,,12.8,13.3,,NA,,,,NA,Not found,,,,,NA,NA,NA,NA,NA,NA,21,270.8,438042.193,135865.297
338,30279,30279,QUAL,3,1.5,Snag,Snag,A,A,C,,1,1,2,NA,,11,,NA,,17.2,16.5,,NA,,,,NA,,,,,,NA,NA,NA,NA,NA,NA,23,271.5,438044.193,135865.997
339,30300,30300,CACA18,7.4,3.1,Log,,B,,F,,4,2,,G,,NA,,NA,,11.7,NA,,2,,,,NA,Not found,,,,,11.2,8.9,8,3.1,1.5,3.1,27.4,283.1,438048.593,135877.597
339,30300,30300,CACA18,7.4,3.1,Snag,,A,,F,,4,2,,NA,,0.7,,NA,,11.7,NA,,NA,,,,NA,Not found,,,,,NA,NA,NA,NA,NA,NA,27.4,283.1,438048.593,135877.597
343,30340,30340,ACRU,8.2,0.3,Log,Log,B,B,F,,3,2,4,G,,NA,,NA,,27.3,NA,,11,,,,NA,,,,,,25.2,16.8,NA,NA,NA,NA,38.2,220.3,438059.393,135814.797
343,30340,30340,ACRU,8.2,0.3,Snag,Log,A,A,F,,3,2,4,NA,,1.7,,25.2,,27.3,26.9,,NA,,,,NA,,,,,,NA,NA,NA,NA,NA,NA,38.2,220.3,438059.393,135814.797
344,30359,30359,FRPE,8,3.5,Snag,Snag,A,A,C,,1,1,2,NA,,28,,NA,,52.8,52.8,,NA,,,,NA,,,,,,NA,NA,NA,NA,NA,NA,38,233.5,438059.193,135827.997
345,30383,30383,FRPE,0.6,6.6,Snag,Snag,A,A,C,,1,1,1,NA,,30,,NA,,56.9,57.3,,NA,,,,SP=FRAM2,,,,,,NA,NA,NA,NA,NA,NA,30.6,246.6,438051.793,135841.097
346,30394,30394,FAGR,1.8,3.5,Log,Log,A,A,C,,2,1,4,NA,,NA,,NA,,12.8,NA,,13,,,,NA,,,,,,13.8,6.4,NA,NA,NA,NA,31.8,253.5,438052.993,135847.997
351,30424,30424,QUAL,3.3,0.8,Log,Log,A,A,NA,,1,1,3,NA,,NA,,NA,,NA,NA,,6.4,17,,,NA,"Past lengths are wrong, use 2021",,,,,93.4,14.6,43.4,200.8,74,206.7,NA,NA,NA,NA
351,30438,30438,LIST2,7,7,Snag,Log,A,A,F,,1,1,3,NA,,6.5,,NA,10.3,11.8,11.6,12.7,NA,3,,,NA,,,,,,NA,NA,NA,NA,NA,NA,47,207,438068.193,135801.497
371,30528,30528,FAGR,2.7,4.4,Snag,Snag,A,A,F,,2,1,2,NA,,4,4,NA,,37.9,37.8,37.5,NA,,,,NA,,,,,,NA,NA,NA,NA,NA,NA,62.7,204.4,438083.893,135798.897
3210,30606,30606,LITU,8.3,0.4,Log,Log,A,A,F,,4,2,4,G,,NA,,NA,,NA,NA,,2,,,,NA,,,,,,13,8.6,18.3,290.5,20.4,293.8,NA,NA,NA,NA
3210,30606,30606,LITU,8.3,0.4,Log,,B,,F,,NA,NA,,NA,,NA,,NA,,NA,NA,,NA,,,,not found,not found,,,,,NA,NA,NA,NA,NA,NA,NA,NA,NA,NA
3210,30606,30606,LITU,8.3,0.4,Log,,C,,F,,4,2,,G,,NA,,NA,,NA,NA,,2,,,,NA,not found,,,,,11.1,9.5,22.7,297.7,24.5,299.8,NA,NA,NA,NA
3210,30610,30610,CACA18,4.7,6,Log,,A,,NA,,3,2,,NA,,NA,,NA,,NA,NA,,2.6,,,,not found,not found,,,,,12.8,10.2,14.7,295.8,12,295.8,NA,NA,NA,NA
361,30622,30622,FAGR,8.8,2.3,Snag,Log,A,A,NA,,NA,NA,4,NA,,NA,,NA,,32.1,NA,,NA,,,,NA,,,,,,NA,NA,NA,NA,NA,NA,58.8,202.3,438079.993,135796.797
361,30624,30624,LIST2,3.9,2.2,Log,Log,B,B,NA,,2,1,4,G,,NA,,21.3,,NA,NA,,14,,,,NA,,,,,,21.3,15.1,NA,NA,NA,NA,53.9,202.2,438075.093,135796.697
361,30624,30624,LIST2,3.9,2.2,Snag,Log,A,A,F,,2,1,3,NA,,6,,21.3,,32.3,30.9,,NA,,,,NA,,,,,,NA,NA,NA,NA,NA,NA,53.9,202.2,438075.093,135796.697
348,30944,30944,FAGR,7.9,8.1,Snag,Log,A,A,F,,3,2,3,NA,,8,,NA,,13.3,11.9,,NA,,,,SP=LITU,,,,,,NA,NA,NA,NA,NA,NA,37.9,278.1,438059.093,135872.597
393,31065,31066,CAGL8,8.8,6.7,Snag,Snag,A,,C,,1,1,2,NA,,8,4,NA,,10.5,11.3,9.5,NA,,,,NA,,,,,,NA,NA,NA,NA,NA,NA,88.8,226.7,438109.993,135821.197
394,31089,31089,LIST2,0.7,9.2,Log,Log,B,B,F,,1,1,4,G,,NA,,NA,,16.7,NA,,12.5,,,,NA,,,,,,15.9,7,NA,NA,NA,NA,80.7,239.2,438101.893,135833.697
394,31089,31089,LIST2,0.7,9.2,Snag,Snag,A,A,F,,1,1,3,NA,,3,1.9,15.9,,16.7,16.5,15.3,NA,,,,NA,,,,,,NA,NA,NA,NA,NA,NA,80.7,239.2,438101.893,135833.697
377,31122,31122,CATO6,0,1.5,Log,Log,A,A,NA,,NA,NA,1,NA,,NA,,NA,,46.6,NA,46,NA,0.88,,,"cut down, hazard tree",,,,,,NA,NA,NA,NA,NA,NA,60,261.5,438081.193,135855.997
378,31143,31143,CACA18,1.8,4.6,Log,,A,,F,,4,2,,G,,NA,,NA,,13.6,NA,,3,,,,NA,Not found,,,,,12,9.8,NA,NA,NA,NA,61.8,274.6,438082.993,135869.097
389,31335,31335,CATO6,0.5,6.9,Snag,Log,A,A,F,,2,1,4,NA,,4,,11.7,,16.9,16.5,,NA,,,,NA,,,,,,NA,NA,NA,NA,NA,NA,70.5,286.9,438091.693,135881.397
389,31335,31335,CATO6,0.5,6.9,Log,,B,,F,,3,2,,G,,NA,,NA,,16.9,NA,,7.5,,,,NA,Not found,,,,,11.7,6.7,NA,NA,NA,NA,70.5,286.9,438091.693,135881.397
389,31340,31340,CATO6,2.3,9.4,Log,Log,A,A,F,,4,2,3,G,,NA,,NA,,18.1,NA,,8,,,,NA,,,,,,16.8,12.7,NA,NA,NA,NA,72.3,289.4,438093.493,135883.897
395,31504,31504,COFL2,5.6,6.4,Snag,Log,A,A,C,,1,1,2,NA,,7,,NA,,10.3,10.2,,NA,,,,NA,,,,,,NA,NA,NA,NA,NA,NA,85.6,246.4,438106.793,135840.897
413,40044,40044,FAGR,9.5,4.5,Log,Log,B,B,F,F,2,1,3,G,G,NA,,NA,47,NA,NA,52.5,NA,1.3,,North,NA,West outside of plot b-d,,,,,54.3,53,NA,NA,NA,NA,9.5,324.5,438030.693,135918.997
413,40044,40044,FAGR,9.5,4.5,Log,Log,C,C,F,F,2,1,3,G,G,NA,,NA,46.7,NA,NA,47,NA,2.01,,North,NA,,,,,,54.3,52.4,NA,NA,NA,NA,9.5,324.5,438030.693,135918.997
413,40044,40044,FAGR,9.5,4.5,Log,Log,D,D,F,F,2,1,4,G,G,NA,,NA,52.4,NA,NA,54.2,NA,2.1,,North,NA,,,,,,51.9,51.1,NA,NA,NA,NA,9.5,324.5,438030.693,135918.997
413,40044,40044,FAGR,9.5,4.5,Snag,Log,A,A,F,F,2,1,3,NA,G,NA,NA,54.4,53.3,60.2,57.2,55.6,NA,4.3,,West,cut,cut,,,,,NA,NA,NA,NA,NA,NA,9.5,324.5,438030.693,135918.997
422,40044,40044,FAGR,9.5,4.5,Log,Log,E,E,F,F,2,1,4,G,G,NA,,NA,32.5,NA,NA,38.7,NA,1,,,NA,"Pile of cut pieces, some undiscernable",,,,,45.9,42.3,NA,NA,NA,NA,9.5,324.5,438030.693,135918.997
422,40044,40044,FAGR,9.5,4.5,Log,Log,F,F,F,F,2,1,4,G,G,NA,,NA,28.8,NA,NA,35,NA,1,,,NA,"Pile of cut pieces, some undiscernable",,,,,44.5,36.9,NA,NA,NA,NA,9.5,324.5,438030.693,135918.997
422,40044,40044,FAGR,9.5,4.5,Log,Log,G,G,F,F,2,1,3,G,G,NA,,NA,23,NA,NA,24.5,NA,1.6,,,NA,"Pile of cut pieces, some undiscernable",,,,,40.8,40.5,NA,NA,NA,NA,9.5,324.5,438030.693,135918.997
422,40044,40044,FAGR,9.5,4.5,Log,Log,H,H,F,F,2,1,3,G,G,NA,,NA,26.2,NA,NA,28.1,NA,1.1,,,NA,"Pile of cut pieces, some undiscernable",,,,,40.5,39.5,NA,NA,NA,NA,9.5,324.5,438030.693,135918.997
422,40044,40044,FAGR,9.5,4.5,Log,Log,I,I,F,F,2,1,3,G,G,NA,,NA,34.6,NA,NA,35.9,NA,1.25,,,NA,"Pile of cut pieces, some undiscernable",,,,,36.1,35.4,NA,NA,NA,NA,9.5,324.5,438030.693,135918.997
422,40044,40044,FAGR,9.5,4.5,Log,Log,J,J,F,F,2,1,3,G,G,NA,,NA,24.2,NA,NA,25.3,NA,1.3,,,NA,"Pile of cut pieces, some undiscernable",,,,,35.8,30,NA,NA,NA,NA,9.5,324.5,438030.693,135918.997
422,40044,40044,FAGR,9.5,4.5,Log,Log,K,K,F,F,2,1,3,G,G,NA,,NA,25.8,NA,NA,35.7,NA,1.9,,,NA,"Pile of cut pieces, some undiscernable",,,,,27.2,26.2,NA,NA,NA,NA,9.5,324.5,438030.693,135918.997
422,40044,40044,FAGR,9.5,4.5,Log,Log,L,L,F,F,2,1,,G,G,NA,,NA,,NA,NA,,NA,,,,NA,"Pile of cut pieces, some undiscernable",,,,,26.1,23.7,NA,NA,NA,NA,9.5,324.5,438030.693,135918.997
416,40093,40093,FAGR,8.5,6.5,Snag,Log,A,,F,,3,2,4,NA,,9.4,,28.7,33.8,44.2,43.6,40.2,NA,9.4,NE,,NA,,,,,,NA,NA,NA,NA,NA,NA,8.5,356.5,438029.693,135950.997
426,40093,40093,FAGR,8.5,6.5,Log,,B,,F,,3,2,,G,,NA,,NA,,NA,NA,,NA,,,,NA,,,,,,28.7,27.2,NA,NA,NA,NA,8.5,356.5,438029.693,135950.997
425,40180,40180,QUFA,8.9,3.7,Snag,Snag,A,,C,,2,1,3,NA,,18.4,17,NA,,47.4,46.3,46.8,NA,,,,NA,"Check DC - it’s like a 4, but a snag still standing",,,,,NA,NA,NA,NA,NA,NA,18.9,343.7,438040.093,135938.197
421,40203,40203,CATO6,0,3.1,Log,Log,C,C,F,,2,1,4,G,G,NA,,NA,34.5,NA,NA,37.1,2.5,1.5,,N,NA,2017 length overestimated ,,,,,42.5,40.5,19.2,306.3,21,307.9,NA,NA,NA,NA
431,40203,40203,CATO6,0,3.1,Log,Log,A,A,F,,2,1,4,A,G,NA,,NA,44.2,NA,NA,44.6,1.3,1.2,,,NA,,,,,,46.7,49.8,19.9,303,NA,NA,NA,NA,NA,NA
431,40203,40203,CATO6,0,3.1,Log,Log,B,B,F,,2,1,4,G,G,NA,,NA,36,NA,NA,36,2.3,1,,,NA,2017 length overestimated ,,,,,49.8,40.7,20.5,304.9,22.8,304.9,NA,NA,NA,NA
431,40203,40203,CATO6,0,3.1,Log,Log,D,D,F,,2,1,4,G,G,NA,,NA,36,NA,NA,36,2,1,,,NA,2017 length overestimated ,,,,,40.2,38.8,23.4,298.6,22.8,300.7,NA,NA,NA,NA
431,40203,40203,CATO6,0,3.1,Log,Log,E,E,F,,2,1,3,G,G,NA,,NA,11.5,NA,NA,19.5,2,3.4,,,NA,Everything in this tag number are cut pieces in a pile and or scattered. A piece was added because fragments were defined differently ,,,,,39,38.5,26.5,301.3,27.8,299.7,NA,NA,NA,NA
431,40203,40203,CATO6,0,3.1,Log,Log,F,F,F,,2,1,3,G,G,NA,,NA,18.8,NA,NA,21.8,2,7,,,NA,Everything in this tag number are cut pieces in a pile and or scattered. A piece was added because fragments were defined differently ,,,,,38.5,38.3,26.3,302.3,27.4,300.7,NA,NA,NA,NA
431,40203,40203,CATO6,0,3.1,Log,Log,G,G,F,,2,1,3,G,G,NA,,NA,9.4,NA,NA,14,1.5,3.3,,,NA,Everything in this tag number are cut pieces in a pile and or scattered. A piece was added because fragments were defined differently ,,,,,38.4,37,29.8,304.8,30,306,NA,NA,NA,NA
431,40203,40203,CATO6,0,3.1,Log,Log,H,H,F,,2,1,3,G,G,NA,,NA,29.1,NA,NA,30.2,10.4,10.4,,,NA,Everything in this tag number are cut pieces in a pile and or scattered. A piece was added because fragments were defined differently ,,,,,38.6,32.2,28.9,301.5,34.7,311.1,NA,NA,NA,NA
431,40203,40203,CATO6,0,3.1,Log,Log,I,I,F,,,,4,G,G,,,,31.4,,,31.5,,1.2,,,,Everything in this tag number are cut pieces in a pile and or scattered. A piece was added because fragments were defined differently ,,,,,,,,,,,,,,
428,40391,40391,ACRU,,,,Log,,B,,,,,3,,G,,,,9.1,,,9.8,1.5,,,SE,,,,,,,,,,,,,,,,
428,40391,40391,ACRU,0.8,4.5,Snag,Snag,A,A,C,,1,1,2,NA,,10.6,6,NA,,16.8,17.1,16.7,NA,,,,NA,,,,,,NA,NA,NA,NA,NA,NA,10.8,374.5,438031.993,135968.997
416,40501,40501,LITU,1.3,1.7,Log,,D,,NA,,5,3,,NA,,NA,,NA,,NA,NA,,NA,,,,"not found, 5",,,,,,NA,NA,1.9,357,NA,NA,NA,NA,NA,NA
416,40501,40501,LITU,1.3,1.7,Log,,E,,NA,,5,3,,NA,,NA,,NA,,NA,NA,,NA,,,,"not found, 5",,,,,,NA,NA,1.5,359.7,NA,NA,NA,NA,NA,NA
417,40501,40511,LITU,4.6,4.4,Log,,A,,F,,4,2,4,G,,NA,,NA,21.8,NA,NA,28.7,15.2,12,,SE,NA,,,,,,34.1,23,4.6,364.4,15.4,352.7,NA,NA,NA,NA
426,40511,40511,LITU,4.6,4.4,Log,,B,,F,,4,2,,G,,NA,,NA,,NA,NA,,1.8,,,,NA,,,,,,23.5,23.7,NA,NA,19.3,349.9,NA,NA,NA,NA
426,40511,40511,LITU,4.6,4.4,Log,,C,,F,,4,2,,G,,NA,,NA,,NA,NA,,NA,,,,NA,,,,,,19.7,17.4,NA,NA,NA,NA,NA,NA,NA,NA
429,40626,40626,PIVI2,3.6,9,Snag,Log,A,A,F,F,3,2,4,NA,G,2,,20,20.7,20,19.5,15.6,NA,2,,N,NA,,,,,,NA,NA,NA,NA,NA,NA,13.6,389,438034.793,135983.497
4210,40626,40626,PIVI2,3.6,9,Log,Log,B,B,F,C,4,2,3,G,G,NA,,NA,5.4,NA,NA,17.2,19,16.1,,NE,NA,Quad 429 - mislisted ,,,,,20,9.5,NA,NA,NA,NA,13.6,389,438034.793,135983.497
4210,40633,40633,PIVI2,1.3,1.6,Log,C,B,B,F,F,3,2,3,G,G,NA,,NA,5,NA,NA,14.3,NA,14.7,,NW,NA,,,,,,18.6,9.3,NA,NA,NA,NA,11.3,391.6,438032.493,135986.097
4210,40633,40633,PIVI2,1.3,1.6,Snag,F,A,A,F,F,3,2,4,NA,,3.4,3,18.6,,22.7,21.8,18,NA,,,,NA,,,,,,NA,NA,NA,NA,NA,NA,11.3,391.6,438032.493,135986.097
4110,40722,40722,PIVI2,1.1,9.9,Log,Log,A,A,C,C,3,2,3,A,A,NA,,NA,5.8,20.5,NA,19.3,NA,15.5,,SE,NA,,,,,,31.9,4.8,NA,NA,NA,NA,1.1,399.9,438022.293,135994.397
443,40772,40772,FAGR,6.8,9.8,Snag,Snag,A,A,F,,4,2,4,NA,,11.3,10,NA,,66.1,64.8,66.3,NA,,,,NA,,,,,,NA,NA,NA,NA,NA,NA,36.8,329.8,438057.993,135924.297
4310,40808,40808,COFL2,3.2,3.6,Log,,B,,F,,2,1,,G,,NA,,NA,,NA,NA,,NA,,,,NA,"VERY SMALL, broken off from snag that transitioned to log",,,,,12.7,8.6,NA,NA,NA,NA,23.2,393.6,438044.393,135988.097
4310,40808,40808,COFL2,3.2,3.6,Log,,C,,F,,2,1,,G,,NA,,NA,,NA,NA,,NA,,,,NA,"VERY SMALL, broken off from snag that transitioned to log",,,,,6.9,6.1,NA,NA,NA,NA,23.2,393.6,438044.393,135988.097
4310,40808,40808,COFL2,3.2,3.6,Snag,Log,A,A,C,,2,1,3,NA,G,NA,,8.6,6.2,11.3,11.5,10.2,NA,6.8,,NW,NA,,,,,,NA,NA,NA,NA,NA,NA,23.2,393.6,438044.393,135988.097
462,40852,40852,CARYA,9.5,4,Log,,A,,C,,2,1,,G,,NA,,NA,,NA,NA,,NA,,,,NA,Not found,,,,,42.5,30,2.5,4,NA,NA,NA,NA,NA,NA
461,40857,40857,FAGR,1.9,9.9,Log,Log,B,B,C,,3,2,4,G,,NA,,NA,,NA,NA,,NA,,,,NA,,,,,,22.6,10.7,NA,NA,NA,NA,51.9,309.9,438073.093,135904.397
461,40857,40857,FAGR,1.9,9.9,Snag,Log,A,A,F,,2,1,4,NA,,3.6,,22.6,,19.6,20.6,12.3,NA,2.8,,,NA,,,,,,NA,NA,NA,NA,NA,NA,51.9,309.9,438073.093,135904.397
462,40858,40858,CATO6,4.3,1.3,Log,Log,B,B,C,,2,1,3,G,,NA,,NA,,NA,NA,,NA,,,,NA,,,,,,21.3,15.6,NA,NA,NA,NA,54.3,311.3,438075.493,135905.797
462,40858,40858,CATO6,4.3,1.3,Snag,Snag,A,A,F,,3,2,3,NA,,2.6,2.2,21.8,,24.1,19.2,18,NA,,,,NA,,,,,,NA,NA,NA,NA,NA,NA,54.3,311.3,438075.493,135905.797
462,40862,40862,CATO6,3.4,5.6,Log,Log,A,A,NA,,2,1,4,NA,,NA,,NA,,34.6,34.8,31.8,NA,,,S,NA,,,,,,NA,NA,NA,NA,NA,NA,53.4,315.6,NA,NA
463,40866,40866,FAGR,5.4,5.1,Log,Log,B,B,F,,2,1,3,G,,NA,,NA,,53.8,NA,,NA,,,,NA,,,,,,38.4,42,NA,NA,NA,NA,55.4,325.1,438076.593,135919.597
463,40866,40866,FAGR,5.4,5.1,Snag,Snag,A,A,F,,2,1,5,NA,,2.3,,38.4,,53.8,51.6,,NA,,,,NA,,,,,,NA,NA,NA,NA,NA,NA,55.4,325.1,438076.593,135919.597
456,40962,40962,COFL2,7.7,1.9,Log,Log,B,,NA,,3,2,5,NA,,NA,,NA,,NA,NA,6.1,NA,,,,NA,,,,,,9.2,4.9,NA,NA,NA,NA,NA,NA,NA,NA
456,40970,40970,LITU,3.2,7.7,Snag,Snag,A,A,C,,1,1,2,NA,,16.6,15.5,NA,,33.1,32,30.1,NA,,,,NA,,,,,,NA,NA,NA,NA,NA,NA,43.2,357.7,438064.393,135952.197
458,40997,40997,UNKN,8.8,0.3,Log,Log,B,B,C,,4,2,4,NA,,NA,,NA,,NA,NA,,NA,,,,NA,,,,,,21.3,16,NA,NA,NA,NA,48.8,370.3,438069.993,135964.797
458,40997,40997,UNKN,8.8,0.3,Snag,Log,A,A,F,,4,2,5,NA,,NA,,16,,17.3,16.9,,NA,,,,NA,,,,,,NA,NA,NA,NA,NA,NA,48.8,370.3,438069.993,135964.797
473,41017,41017,CATO6,7.6,4,Log,Log,A,A,F,,4,2,5,G,,NA,,NA,,28.2,NA,,NA,,,,NA,,,,,,39.1,25.8,NA,NA,NA,NA,67.6,324,438088.793,135918.497
483,41017,41017,CATO6,7.6,4,Log,,B,,F,,4,2,,G,,NA,,NA,,NA,NA,,NA,,,,NA,Not found ,,,,,26.8,22.8,NA,NA,NA,NA,67.6,324,438088.793,135918.497
483,41017,41017,CATO6,7.6,4,Log,,C,,F,,3,2,,G,,NA,,NA,,NA,NA,,NA,,,,NA,Not found ,,,,,22.3,12.6,NA,NA,NA,NA,67.6,324,438088.793,135918.497
476,41067,41067,CATO6,2.8,9.2,Log,Log,A,A,NA,,4,2,4,G,,NA,,NA,,NA,NA,,12.5,,,,NA,,,,,,22.2,17.5,62.9,359.2,NA,NA,NA,NA,NA,NA
477,41075,41075,FAGR,7.3,7,Log,Log,A,A,NA,,5,3,5,G,,NA,,NA,,NA,NA,,11.8,,,,not measurable,,,,,,32.2,15.2,67.3,366.6,59.1,357.9,NA,NA,NA,NA
477,41077,41077,UNKN,6.7,10,Log,Log,A,A,NA,,4,2,4,G,,NA,,NA,,NA,NA,,5.4,,,,NA,,,,,,27.8,25.5,66.7,369.9,64.1,375.1,NA,NA,NA,NA
465,41106,41106,UNKN,8,7.9,Snag,Snag,A,,F,,4,2,5,NA,,2.3,,NA,,22.1,21.8,,NA,,,,NA,,,,,,NA,NA,NA,NA,NA,NA,58,347.9,438079.193,135942.397
468,41133,41133,QUAL,6.4,2.4,Snag,Snag,A,A,C,,1,1,2,NA,,5,5,NA,,69.6,69.6,69.5,NA,,,,Q last week of August,,,,,,NA,NA,NA,NA,NA,NA,56.4,372.4,438077.593,135966.897
468,41133,41133,QUAL,6.4,2.4,Log,Log,,B,,,,,2,,,,,,,,,52.4,,,,,,,,,,,,,,,,,,,,
468,41135,41135,LITU,2.7,4,Snag,Log,A,A,NA,,NA,NA,4,NA,,NA,,NA,,45.6,NA,,NA,,,,NA,,,,,,NA,NA,NA,NA,NA,NA,52.7,374,438073.893,135968.497
468,41143,41143,FAGR,3.1,8.2,Log,,B,,NA,,4,2,,G,,NA,,NA,,15,NA,,NA,,,,NA,Alive,,,,,22.8,22.4,NA,NA,NA,NA,53.1,378.2,438074.293,135972.697
468,41143,41143,FAGR,3.1,8.2,Snag,,A,,NA,,3,2,,NA,,5,,22.8,,15,NA,,NA,,,,NA,Alive,,,,,NA,NA,NA,NA,NA,NA,53.1,378.2,438074.293,135972.697
448,41230,41230,CACA18,3,5,Log,,A,,NA,,2,1,,NA,,NA,,NA,,NA,NA,,5.5,,,,NA,Not found ,,,,,12.2,6.7,33.1,375.1,34.1,369.1,NA,NA,NA,NA
4410,41292,41292,COFL2,0.5,2.8,Snag,,A,A,C,,1,1,3,NA,,7,4.5,NA,,10.6,10.3,9.8,NA,,,,NA,,,,,,NA,NA,NA,NA,NA,NA,30.5,392.8,438051.693,135987.297
458,41308,41308,ACRU,8.5,7.1,Log,Log,B,B,F,,2,1,4,NA,,NA,,NA,,NA,NA,,NA,,,,NA,,,,,,17.2,14.3,NA,NA,NA,NA,48.5,377.1,438069.693,135971.597
458,41308,41308,ACRU,8.5,7.1,Log,,C,,F,,2,1,,NA,,NA,,NA,,NA,NA,,NA,,,,NA,Not found,,,,,14.2,13.9,NA,NA,NA,NA,48.5,377.1,438069.693,135971.597
458,41308,41308,ACRU,8.5,7.1,Snag,Snag,A,A,F,,1,1,3,NA,,5.2,5,17.2,,21,20.7,20.2,NA,,,,Q,,,,,,NA,NA,NA,NA,NA,NA,48.5,377.1,438069.693,135971.597
4710,41459,41459,LITU,9.7,6.6,Snag,Log,A,A,NA,,NA,NA,5,NA,,NA,,NA,,22.5,NA,,NA,,,,"DC, xy switched",,,,,,NA,NA,NA,NA,NA,NA,69.7,396.6,438090.893,135991.097
4101,41481,41481,QURU,1.5,0.5,Snag,Snag,A,A,NA,,2,1,3,NA,,19.4,13.7,NA,,60.5,60.6,59.5,NA,,,,NA,,,,,,NA,NA,NA,NA,NA,NA,91.5,300.5,438112.693,135894.997
4101,41481,41481,QURU,1.5,0.5,,Log,,B,,,,,2,,,,,,42.3,,,39.9,,4.1,,,,,,,,,,,,,,,,,,
4101,41481,41481,QURU,1.5,0.5,,Log,,C,,,,,2,,,,,,29.6,,,37.7,,7.7,,,,,,,,,,,,,,,,,,
4102,41490,41490,UNKN,3.7,4.9,Log,Log,A,A,NA,,4,2,5,G,,NA,,NA,,NA,NA,,10.9,,,,NA,,,,,,47.1,41.9,94,314.8,87.8,305.1,NA,NA,NA,NA
4103,41500,41500,UNKN,2.9,7.2,Log,Log,A,A,NA,,3,2,5,G,,NA,,NA,,NA,NA,,4.1,,,,NA,,,,,,6.8,5.2,92.9,327.4,91.4,323.3,NA,NA,NA,NA
492,41548,41548,CACA18,7.4,8.8,Log,Log,A,A,NA,,5,3,5,G,,NA,,NA,,NA,NA,,6.9,,,,NA,,,,,,19.2,17.3,87.5,319.1,91.6,313,NA,NA,NA,NA
482,41629,41629,CAGL8,1,3.7,Snag,Log,A,A,NA,,2,1,2,NA,,NA,,15.5,,21.6,21.5,,NA,,,,NA,,,,,,NA,NA,NA,NA,NA,NA,71,313.7,438092.193,135908.197
482,41634,41634,CATO6,1.8,7.8,Log,Log,A,,A,,3,2,5,G,,NA,,NA,,25.3,NA,,NA,,,,NA,,,,,,23.4,16.9,NA,NA,NA,NA,71.8,317.8,438092.993,135912.297
484,41657,41657,CARYA,5.8,4,Log,Log,A,A,F,,3,2,5,G,,NA,,NA,,NA,NA,,NA,,,,NA,,,,,,56.4,42.9,NA,NA,NA,NA,75.8,334,438096.993,135928.497
484,41657,41657,CARYA,5.8,4,Log,Log,B,B,F,,3,2,5,G,,NA,,NA,,NA,NA,,NA,,,,NA,,,,,,40.8,19.3,NA,NA,NA,NA,75.8,334,438096.993,135928.497
4105,41732,41732,QUAL,1.1,1.6,Snag,Log,A,A,C,,2,1,3,NA,,15,,NA,,21.7,21.5,,NA,,,,NA,,,,,,NA,NA,NA,NA,NA,NA,91.1,341.6,438112.293,135936.097
4106,41756,41756,QUAL,1.8,3.2,Snag,Snag,A,A,C,,1,1,2,NA,,NA,11.8,NA,,24.2,24.2,24,NA,,,,NA,,,,,,NA,NA,NA,NA,NA,NA,91.8,353.2,438112.993,135947.697
4910,41871,41871,ACRU,1.4,2,Log,Log,A,A,C,,4,2,5,G,,NA,,NA,,23.9,NA,,NA,,,,DC,,,,,,26.6,17.5,NA,NA,NA,NA,81.4,392,438102.593,135986.497
469,41901,41901,QUAL,2.2,2,Log,,B,,F,,3,2,,G,,NA,,NA,,35.7,NA,,NA,,,,DC,Cut and moved due to road,,,,,14,11.8,NA,NA,NA,NA,72.2,372,438093.393,135966.497
488,41901,41901,QUAL,2.2,2,Log,Log,A,A,F,,2,1,4,G,,NA,,NA,,35.7,NA,,NA,,,,DC,,,,,,42.1,19.3,NA,NA,NA,NA,72.2,372,438093.393,135966.497
487,41906,41906,CAGL8,7.4,1.1,Log,Log,A,A,NA,,2,1,3,NA,,NA,,NA,,NA,NA,,19.5,,,,not found,Should be in quad 488,,,,,35.2,22.3,77.5,371,60.2,380.6,NA,NA,NA,NA
488,41922,41922,LIST2,5.6,2.4,Log,,C,,F,,2,1,,G,,NA,,NA,,NA,NA,,NA,,,,NA,Not found,,,,,13.5,9,NA,NA,NA,NA,75.6,382.4,438096.793,135976.897
489,41922,41922,LIST2,5.6,2.4,Log,Log,B,B,F,,2,1,5,G,,NA,,NA,,NA,NA,,NA,,,,NA,,,,,,17.6,11.8,NA,NA,NA,NA,75.6,382.4,438096.793,135976.897
489,41922,41922,LIST2,5.6,2.4,Snag,Log,A,A,C,,2,1,3,NA,,2.3,,17.6,,15.1,14.7,,NA,,,,NA,,,,,,NA,NA,NA,NA,NA,NA,75.6,382.4,438096.793,135976.897
4810,41934,41934,CAGL8,6.4,1,Log,Log,A,A,C,,4,2,5,G,,NA,,NA,,49.1,NA,,NA,,,,DC,,,,,,38.8,29.2,NA,NA,NA,NA,76.4,391,438097.593,135985.497
4810,41952,41952,ACRU,1.8,10,Log,Log,B,B,C,,4,2,3,G,,NA,,NA,,NA,NA,,NA,,,,NA,,,,,,11.2,8.3,NA,NA,NA,NA,71.8,400,438092.993,135994.497
4810,41952,41952,ACRU,1.8,10,Snag,Log,A,A,F,,2,1,4,NA,,4,,11.2,,12.1,12.1,,NA,,,,NA,,,,,,NA,NA,NA,NA,NA,NA,71.8,400,438092.993,135994.497
1243,42439,42439,FAGR,0.3,0.2,NF,Log,NA,,NA,,NA,NA,4,NA,,NA,,NA,,15.1,NA,,NA,,,,NA,,,,,,NA,NA,NA,NA,NA,NA,230.3,320.2,438251.493,135914.697
12210,42528,42528,CATO6,3.1,2.6,Log,Log,A,A,NA,,2,1,4,NA,,NA,,NA,,28.1,NA,,NA,,,,NA,,,,,,NA,NA,NA,NA,NA,NA,213.1,392.6,438234.293,135987.097
1254,42659,42658,CACA18,4.1,6.2,Snag,,A,A,C,,1,1,3,NA,,6,,NA,,10.8,10.8,,NA,,,,NA,,,,,,NA,NA,NA,NA,NA,NA,244.1,336.2,438265.293,135930.697
1254,42659,42659,CACA18,4.1,6.2,Snag,Snag,A,A,C,,1,1,3,NA,,5,1.2,NA,,15,15,15,NA,,,,NA,,,,,,NA,NA,NA,NA,NA,NA,244.1,336.2,438265.293,135930.697
1254,42659,42659,CACA18,4.1,6.2,,Log,,B,,,,,4,,,,,,12.5,,,15.5,,3.5,,,,,,,,,,,,,,,,,,
1255,42673,42673,CACA18,1.1,2.9,NF,,NA,,NA,,NA,NA,,NA,,NA,,NA,,11.6,NA,,NA,,,,NA,Not found,,,,,NA,NA,NA,NA,NA,NA,241.1,342.9,438262.293,135937.397
1247,42706,42706,LITU,5.3,4.7,Log,Log,A,A,F,,4,2,5,G,,NA,,NA,,46.3,NA,,14,,,,NA,,,,,,47.4,24.5,NA,NA,NA,NA,235.3,364.7,438256.493,135959.197
1258,42835,42835,CATO6,9.7,5,Snag,Log,A,A,F,,2,1,4,NA,,1.5,,NA,,23.6,20,,NA,,,,NA,,,,,,NA,NA,NA,NA,NA,NA,249.7,375,438270.893,135969.497
1258,42841,42841,UNKN,10,10,Log,Log,A,A,F,,4,2,4,A,,NA,,NA,,44.5,NA,,5.5,,,,NA,,,,,,31.5,43.2,NA,NA,NA,NA,250,380,438271.193,135974.497
121010,43741,43741,LIST2,7.5,1.9,Snag,Log,A,,F,,3,2,3,NA,,10,,NA,,36.5,36.3,,NA,,,,NA,,,,,,NA,NA,NA,NA,NA,NA,297.5,391.9,438318.693,135986.397
536,50089,50089,FRPE,1.3,2.3,Snag,Snag,A,A,C,,2,1,2,NA,,13,,NA,,24.7,25.4,,NA,,,,NA,,,,,,NA,NA,NA,NA,NA,NA,121.3,52.3,438142.493,135646.797
536,50094,50094,FRPE,9.5,4.9,Snag,Snag,A,A,C,,1,1,1,NA,,12.8,,NA,,25.4,27.5,,NA,,,,NA,Epicormics ,,,,,NA,NA,NA,NA,NA,NA,129.5,54.9,438150.693,135649.397
536,50099,50099,FRPE,7,9,Snag,,A,,C,,2,1,,NA,,20.6,,NA,,55.9,56.7,,NA,,,,NA,,,,,,NA,NA,NA,NA,NA,NA,127,59,438148.193,135653.497
524,50149,50149,FRPE,5.7,9.9,Snag,,A,,C,,1,1,,NA,,10.4,,NA,,11.3,12.3,,NA,,,,NA,Alive,,,,,NA,NA,NA,NA,NA,NA,115.7,39.9,438136.893,135634.397
515,50182,50182,FRPE,1.2,3.4,Snag,Snag,A,A,C,,2,1,2,NA,,21.8,,NA,,40.6,40.9,,NA,,,,NA,,,,,,NA,NA,NA,NA,NA,NA,101.2,43.4,438122.393,135637.897
515,50197,50197,FRPE,1,8.5,Snag,Snag,A,A,C,,2,1,2,NA,,16.6,,NA,,26,26.3,,NA,,,,NA,,,,,,NA,NA,NA,NA,NA,NA,101,48.5,438122.193,135642.997
515,50198,50198,FRPE,0.3,7.5,Snag,Snag,A,A,C,,2,1,2,NA,,16.8,,NA,,55,55.7,,NA,,,,NA,,,,,,NA,NA,NA,NA,NA,NA,100.3,47.5,438121.493,135641.997
515,50199,50199,FRPE,5.6,9.8,Snag,Snag,A,A,C,,2,1,2,NA,,10.8,,NA,,15.4,16.3,,NA,,,,NA,,,,,,NA,NA,NA,NA,NA,NA,105.6,49.8,438126.793,135644.297
516,50200,50200,FRPE,8,0.6,Snag,Snag,A,A,C,,1,1,2,NA,,18.2,,NA,,35.5,35.9,,NA,,,,NA,,,,,,NA,NA,NA,NA,NA,NA,108,50.6,438129.193,135645.097
516,50200,50200,FRPE,8,0.6,,Log,,B,,,,,2,,,,,,24,,,32.2,,15,,,,,,,,,,,,,,,,,,
531,50209,50209,FAGR,9.4,8.6,Log,Log,A,A,C,,2,1,3,G,,NA,,NA,,60.3,NA,,10,,,,NA,,,,,,55,53.5,NA,NA,NA,NA,129.4,8.6,438150.593,135603.097
525,50354,50354,FRPE,4.2,3.7,Snag,Snag,A,A,C,,2,1,2,NA,,19,,NA,,34.6,34.8,,NA,,,,NA,,,,,,NA,NA,NA,NA,NA,NA,114.2,43.7,438135.393,135638.197
525,50356,50356,FRPE,0.5,1.4,Snag,Snag,A,A,F,,2,1,1,NA,,10.2,,NA,,21.8,21.8,,NA,,,,NA,,,,,,NA,NA,NA,NA,NA,NA,110.5,41.4,438131.693,135635.897
525,50360,50360,FRPE,0.8,1.8,Snag,,A,,C,,2,1,,NA,,19.4,,NA,,36.7,37.9,,NA,,,,NA,,,,,,NA,NA,NA,NA,NA,NA,110.8,41.8,438131.993,135636.297
525,50376,50376,FRPE,5,9.7,Snag,Snag,A,A,C,,1,1,2,NA,,13,,NA,,49.2,49.6,,NA,,,,NA,,,,,,NA,NA,NA,NA,NA,NA,115,49.7,438136.193,135644.197
525,50377,50377,LITU,4.6,8.7,Snag,Snag,A,A,C,,1,1,2,NA,,20,,NA,,37.4,37.5,,NA,,,,FRPE,,,,,,NA,NA,NA,NA,NA,NA,114.6,48.7,438135.793,135643.197
526,50393,50393,FRPE,2.4,3.5,Snag,Snag,A,A,C,,1,1,2,NA,,16.5,,NA,,39,38.6,,NA,,,,NA,,,,,,NA,NA,NA,NA,NA,NA,112.4,53.5,438133.593,135647.997
526,50397,50397,FRPE,8.1,9.3,Snag,Snag,A,A,C,,1,1,2,NA,,15.4,,NA,,38.3,38.3,,NA,,,,NA,,,,,,NA,NA,NA,NA,NA,NA,118.1,59.3,438139.293,135653.797
527,50400,50400,FRPE,5.5,1,Snag,Snag,A,A,C,,1,1,2,NA,,11,,NA,,20.5,19.4,,NA,,,,NA,,,,,,NA,NA,NA,NA,NA,NA,115.5,61,438136.693,135655.497
551,50402,50402,FAGR,5.7,2.8,Log,Log,B,B,F,,4,2,5,G,,NA,,NA,,47.8,NA,,7,,,,NA,,,,,,40,28.3,NA,NA,NA,NA,145.7,2.8,438166.893,135597.297
551,50402,50402,FAGR,5.7,2.8,Snag,Log,A,A,F,,4,2,5,NA,,2,,40,24.8,47.8,45.7,44.5,NA,2,,,NA,,,,,,NA,NA,NA,NA,NA,NA,145.7,2.8,438166.893,135597.297
561,50495,50495,FAGR,4.1,7,Snag,Log,A,A,F,,4,2,4,NA,,11.6,,NA,45.7,69.3,61.3,57.8,NA,11,,,NA,,,,,,NA,NA,NA,NA,NA,NA,154.1,7,438175.293,135601.497
516,50200,50501,FRPE,7.9,1,Snag,Snag,A,A,F,,2,1,2,NA,,13,,NA,,25.9,25.5,,NA,,,,X,,,,,,NA,NA,NA,NA,NA,NA,107.9,51,438129.093,135645.497
516,50502,50502,FRPE,3.7,2.4,Snag,Snag,A,A,C,,1,1,2,NA,,21.4,,NA,,50.1,49.5,,NA,,,,NA,,,,,,NA,NA,NA,NA,NA,NA,103.7,52.4,438124.893,135646.897
517,50506,50506,FRPE,5.1,0.6,Snag,Snag,A,A,C,,1,1,2,NA,,16.5,,NA,,30.8,30.8,,NA,,,,NA,,,,,,NA,NA,NA,NA,NA,NA,105.1,60.6,438126.293,135655.097
517,50507,50507,FRPE,1.9,1.9,Snag,Log,A,A,C,,1,1,2,NA,,21.2,,NA,20.6,41.3,39.8,39.2,NA,30,,,NA,,,,,,NA,NA,NA,NA,NA,NA,101.9,61.9,438123.093,135656.397
517,50509,50509,ULAM,4.8,3.1,Snag,Log,A,A,F,,3,2,3,NA,,7,,NA,20.3,34.7,34.6,34.4,NA,10,,,NA,,,,,,NA,NA,NA,NA,NA,NA,104.8,63.1,438125.993,135657.597
517,50510,50510,FRPE,7.8,3.2,Snag,Snag,A,A,C,,1,1,2,NA,,18,,NA,,37.8,39,,NA,,,,NA,,,,,,NA,NA,NA,NA,NA,NA,107.8,63.2,438128.993,135657.697
517,50511,50511,FRPE,3.1,8.3,Snag,Snag,A,A,C,,1,1,2,NA,,20,,NA,,32.4,31.2,,NA,,,,NA,,,,,,NA,NA,NA,NA,NA,NA,103.1,68.3,438124.293,135662.797
518,50522,50522,FRPE,9.4,6.1,Snag,Snag,A,A,C,,1,1,1,NA,,14,,NA,,29.9,29.8,,NA,,,,NA,,,,,,NA,NA,NA,NA,NA,NA,109.4,76.1,438130.593,135670.597
5410,50592,50592,ULAM,9.4,5.5,NF,,NA,,NA,,NA,NA,,NA,,NA,,NA,,22.1,NA,,NA,,,,NA,,,,,,NA,NA,NA,NA,NA,NA,139.4,95.5,438160.593,135689.997
527,50603,50603,FRPE,9.5,0.2,Snag,,A,,C,,1,1,,NA,,11,,NA,,16.5,17,,NA,,,,NA,,,,,,NA,NA,NA,NA,NA,NA,119.5,60.2,438140.693,135654.697
527,50604,50604,FRPE,3.1,7.8,Snag,Snag,A,A,C,,1,1,2,NA,,16,,NA,,51.6,50.6,,NA,,,,NA,,,,,,NA,NA,NA,NA,NA,NA,113.1,67.8,438134.293,135662.297
5910,50750,50750,LIST2,5.5,4,Snag,Snag,A,A,F,,3,2,3,NA,,12.4,,NA,,21.2,20.1,,NA,,,,NA,,,,,,NA,NA,NA,NA,NA,NA,185.5,94,438206.693,135688.497
5910,50757,50757,FRPE,8.6,1.6,Snag,Snag,A,A,C,,1,1,2,NA,,9,,NA,,28.1,28.6,,NA,,,,NA,,,,,,NA,NA,NA,NA,NA,NA,188.6,91.6,438209.793,135686.097
5910,50759,50759,FAGR,8.9,7,Snag,Log,A,A,F,,3,2,4,NA,,4.3,,NA,7.3,13.1,13.4,16.4,NA,5,,,NA,,,,,,NA,NA,NA,NA,NA,NA,188.9,97,438210.093,135691.497
577,50774,50774,FRPE,4.9,3.8,Snag,Snag,A,A,C,,1,1,2,NA,,20,,NA,,40.8,41.4,,NA,,,,NA,,,,,,NA,NA,NA,NA,NA,NA,164.9,63.8,438186.093,135658.297
574,50842,50842,LIST2,,,,Log,,A,,,,,2,,,,,,17.7,,,56,,20.8,,,,,,,,,,,,,,,,,,
577,50774,50774,FRPE,4.9,3.8,,Log,,B,,,,,2,,,,,,25.5,,,36.1,,7.3,,,,,,,,,,,,,,,,,,
576,50775,50775,FRPE,9.7,4.7,Snag,Snag,A,A,C,,1,1,1,NA,,11,,NA,,44.9,46.1,,NA,,,,NA,,,,,,NA,NA,NA,NA,NA,NA,169.7,54.7,438190.893,135649.197
575,50884,50884,FRPE,0.7,4.7,Snag,Snag,A,A,C,,1,1,2,NA,,17.6,,NA,,35.1,36.2,,NA,,,,NA,,,,,,NA,NA,NA,NA,NA,NA,160.7,44.7,438181.893,135639.197
5101,50898,50898,LITU,7.3,2.2,Snag,Log,A,A,F,,3,2,4,NA,,6,,NA,10.6,19.8,18.8,17.8,NA,4,,,NA,,,,,,NA,NA,NA,NA,NA,NA,197.3,2.2,438218.493,135596.697
599,51003,51003,FRPE,0.5,4,Snag,Snag,A,A,C,,1,1,3,NA,,17,1.5,NA,,29.6,NA,28,NA,,,,NA,,,,,,NA,NA,NA,NA,NA,NA,180.5,84,438201.693,135678.497
599,51003,51003,FRPE,0.5,4,,Log,,B,,,,,3,,,,,,14.7,,,23.9,,14.3,,,,,,,,,,,,,,,,,,
599,51031,51031,FRPE,9.3,9.4,Log,Log,A,A,F,,4,2,5,G,,NA,,NA,,52.2,NA,,2,,,,NA,,,,,,46.5,42,NA,NA,NA,NA,189.3,89.4,438210.493,135683.897
585,51065,51065,FRPE,6.4,7.1,Snag,Snag,A,A,C,,1,1,2,NA,,13.6,,NA,,41.5,NA,,NA,,,,NA,,,,,,NA,NA,NA,NA,NA,NA,176.4,47.1,438197.593,135641.597
596,51094,51094,FRPE,9.7,8.9,Snag,Snag,A,A,C,,1,1,3,NA,,12.5,,NA,,42.5,43.9,,NA,,,,NA,,,,,,NA,NA,NA,NA,NA,NA,189.7,58.9,438210.893,135653.397
589,51258,51258,COFL2,4.2,8.1,Snag,Snag,A,A,NA,,NA,NA,3,NA,,NA,,NA,9.9,19.7,NA,17.7,NA,6,,,NA,,,,,,NA,NA,NA,NA,NA,NA,174.2,88.1,438195.393,135682.597
576,51330,51330,ACRU,0.2,0.4,Log,Log,A,A,F,,4,2,4,G,,NA,,NA,,79,NA,,6,,,,NA,,,,,,73.9,30,NA,NA,NA,NA,160.2,50.4,438181.393,135644.897
5103,51467,51467,ULAM,8.2,9.1,Snag,Log,A,A,F,,2,1,3,NA,,6,,NA,6.9,14,13.7,13.1,NA,10.5,,,NA,,,,,,NA,NA,NA,NA,NA,NA,198.2,29.1,438219.393,135623.597
558,53505,53505,LIST2,2.1,5.2,Snag,Snag,A,A,NA,,4,2,4,NA,,4,,NA,,19.2,17.8,,NA,,,,NA,,,,,,NA,NA,NA,NA,NA,NA,142.1,75.2,438163.293,135669.697
558,53511,53511,NYSY,5.4,4.5,Snag,Snag,A,A,F,,2,1,3,NA,,5,,NA,,10.2,10.1,,NA,,,,NA,,,,,,NA,NA,NA,NA,NA,NA,145.4,74.5,438166.593,135668.997
5106,53520,53520,CACA18,8.3,1.5,Log,,A,,F,,4,2,,G,,NA,,NA,,14,NA,,2.5,,,,NA,Not found,,,,,14,10.9,NA,NA,NA,NA,198.3,51.5,438219.493,135645.997
915,53711,53711,FRPE,2.8,9.6,Log,Log,C,C,F,,1,1,2,G,,NA,,NA,,NA,NA,,5,,,,NA,,,,,,28.5,25.3,NA,NA,NA,NA,192.8,49.6,438213.993,135644.097
5105,53711,53711,FRPE,2.8,9.6,Log,Log,B,B,F,,1,1,2,G,,NA,,NA,,NA,NA,,6,,,,NA,,,,,,36,32.8,NA,NA,NA,NA,192.8,49.6,438213.993,135644.097
5105,53711,53711,FRPE,2.8,9.6,Snag,Snag,A,A,F,,2,1,2,NA,,8,,36,,44.1,43.4,,NA,,,,NA,,,,,,NA,NA,NA,NA,NA,NA,192.8,49.6,438213.993,135644.097
5105,53712,53712,FRPE,3.8,8.8,Snag,Snag,A,A,C,,1,1,1,NA,,9.2,,NA,,30.7,31.4,,NA,,,,NA,,,,,,NA,NA,NA,NA,NA,NA,193.8,48.8,438214.993,135643.297
597,53808,53808,FRAM2,8,1.4,Snag,,A,,F,,2,1,,NA,,6,,NA,,18,17.5,,NA,,,,NA,Not found,,,,,NA,NA,NA,NA,NA,NA,188,61.4,438209.193,135655.897
597,53830,53830,LIST2,9.6,8.5,Log,,A,,NA,,4,2,,A,,NA,,NA,,NA,NA,,4,,,,NA,Not found,,,,,25.1,24.9,NA,NA,NA,NA,NA,NA,NA,NA
597,53830,53831,LIST2,9.6,8.7,Log,Log,A,A,F,,4,2,4,NA,,NA,,24.9,,23.9,25.1,,NA,,,,NA,,,,,,NA,NA,NA,NA,NA,NA,189.6,68.7,438210.793,135663.197
567,53952,53952,ULRU,8,8.2,Log,Log,A,A,F,,3,2,4,G,,NA,,NA,,11.5,NA,,4,,,,NA,,,,,,11.7,8.4,NA,NA,NA,NA,158,68.2,438179.193,135662.697
614,60054,60054,LITU,2.3,6.7,Log,,A,,F,,5,3,,G,,NA,,NA,,19.5,NA,,2,,,,NA,Not found,,,,,24.4,18.5,2,6.5,2.2,4.5,102.3,136.7,438123.493,135731.197
622,60111,60111,FAGR,5.4,4.6,Snag,Log,A,A,F,,3,2,4,NA,,4.5,,NA,,10.4,10.1,,NA,,,,NA,,,,,,NA,NA,NA,NA,NA,NA,115.4,114.6,438136.593,135709.097
622,60114,60114,LIST2,6.3,8.7,Snag,,A,,F,,4,2,,NA,,3,,NA,,28.5,27.7,,NA,,,,NA,Not found,,,,,NA,NA,NA,NA,NA,NA,116.3,118.7,438137.493,135713.197
623,60116,60116,LIST2,2.1,1.5,Snag,Snag,A,A,C,,1,1,1,NA,,10,,NA,,24.6,24.4,,NA,,,,difficult to see top,,,,,,NA,NA,NA,NA,NA,NA,112.1,121.5,438133.293,135715.997
628,60199,60199,LITU,3.5,3.5,Snag,Snag,A,A,F,,3,2,3,NA,,8,,NA,,26.1,25.8,,NA,,,,NA,,,,,,NA,NA,NA,NA,NA,NA,113.5,173.5,438134.693,135767.997
617,60223,60223,LIST2,2.9,6.2,Snag,Log,A,A,C,,1,1,2,NA,,6,,NA,,13.2,13,,NA,,,,NA,,,,,,NA,NA,NA,NA,NA,NA,102.9,166.2,438124.093,135760.697
6110,60282,60282,CATO6,7.8,4.6,Log,Log,A,A,F,,3,2,4,G,,NA,,NA,,41.2,NA,,8,,,,NA,,,,,,39.7,35.2,8.5,4.6,8,6,107.8,194.6,438128.993,135789.097
6110,60291,60291,LIST2,8.4,9.2,Snag,Log,A,A,F,,4,2,4,NA,,1.3,,NA,,14.8,NA,,NA,,,,NA,,,,,,NA,NA,NA,NA,NA,NA,108.4,199.2,438129.593,135793.697
645,60393,60393,LITU,2.9,6,Log,Log,A,A,F,,3,2,3,G,,NA,,NA,,15.6,NA,,9,,,,NA,,,,,,15.8,11.7,2.9,6,3,6.5,132.9,146,438154.093,135740.497
633,60427,60427,QUFA,1,1.8,Snag,Snag,A,A,C,,1,1,2,NA,,23,,NA,,104.8,103.4,,NA,,,,NA,,,,,,NA,NA,NA,NA,NA,NA,121,121.8,438142.193,135716.297
636,60470,60470,LITU,0.1,7.1,Log,Log,A,A,F,,2,1,3,G,,NA,,NA,,17.3,NA,,9.5,,,,NA,,,,,,16.1,11.1,0.3,7,9.5,1,120.1,157.1,438141.293,135751.597
639,60527,60527,CACA18,6.6,2.1,Log,,B,,F,,3,2,,G,,NA,,NA,,11.5,NA,,2,,,,NA,Not found,,,,,10,7.9,7,2.5,5,1,126.6,182.1,438147.793,135776.597
639,60527,60527,CACA18,6.6,2.1,Snag,Log,A,A,F,,3,2,5,NA,,4,,10,,11.5,11.5,,NA,,,,NA,,,,,,NA,NA,NA,NA,NA,NA,126.6,182.1,438147.793,135776.597
646,60608,60608,FRAM2,1.4,9.5,Log,Log,B,B,C,,2,1,2,G,,NA,,NA,,22.8,NA,,6,,,,NA,,,,,,17.8,13.2,5,9.5,1,0.5,131.4,159.5,438152.593,135753.997
646,60608,60608,FRAM2,1.4,9.5,Snag,Snag,A,A,F,,2,1,2,NA,,8,,17.8,,22.8,22.7,,NA,,,,NA,,,,,,NA,NA,NA,NA,NA,NA,131.4,159.5,438152.593,135753.997
647,60617,60617,COFL2,8.4,9,Log,Log,A,A,F,,4,2,5,G,,NA,,NA,,13,NA,,4,,,,NA,,,,,,13.8,8.6,9.7,9.2,1,6,138.4,169,438159.593,135763.497
648,60622,60622,COFL2,0.8,3.1,Snag,Log,A,A,C,,3,2,2,NA,,2,,NA,,11.8,11.6,,NA,,,,NA,,,,,,NA,NA,NA,NA,NA,NA,130.8,173.1,438151.993,135767.597
649,60636,60636,COFL2,1.2,6,Log,Log,A,A,C,,3,2,2,G,,NA,,NA,,15.5,NA,,9,,,,NA,,,,,,15.7,5.7,1.2,6,2,3,131.2,186,438152.393,135780.497
661,60683,60683,QUAL,1.9,2.8,Log,,A,,C,,4,2,,G,,NA,,NA,,17.4,NA,,15,,,,NA,Not found,,,,,16.4,5,1.9,2.8,1,5,151.9,112.8,438173.093,135707.297
655,60747,60747,QUFA,5.4,4.9,Snag,Snag,A,A,C,,2,1,2,NA,,19,,NA,,36.3,36,,NA,,,,NA,,,,,,NA,NA,NA,NA,NA,NA,145.4,144.9,438166.593,135739.397
655,60750,60750,QUFA,6.5,8.5,Snag,Snag,A,A,C,,2,1,2,NA,,16.8,,NA,,50.5,50.1,,NA,,,,NA,,,,,,NA,NA,NA,NA,NA,NA,146.5,148.5,438167.693,135742.997
665,60813,60813,COFL2,5.1,2.1,Log,Log,A,A,C,,3,2,3,G,,NA,,NA,,10.5,NA,,7,,,,NA,,,,,,10.1,7,5.1,2.1,7,3.5,155.1,142.1,438176.293,135736.597
668,60856,60856,COFL2,9.1,3.4,Log,Log,A,A,C,,3,2,3,G,,NA,,NA,,12.5,NA,,6,,,,NA,,,,,,11.9,5,9.1,3.4,2.5,4,159.1,173.4,438180.293,135767.897
681,61008,61008,QUERC,3.6,4.3,Snag,Log,A,A,F,,3,2,4,NA,,8,,NA,,77,76.2,,NA,,,,NA,,,,,,NA,NA,NA,NA,NA,NA,173.6,104.3,438194.793,135698.797
6710,61139,61139,QUFA,9.4,5,Log,Log,A,A,C,,3,2,3,G,,NA,,NA,,38.3,NA,,17,,,,NA,,,,,,32.5,18,9.4,5,NA,NA,169.4,195,438190.593,135789.497
6102,61276,61276,JUVI,4.7,8.1,Snag,Log,A,A,F,,4,2,3,NA,,4.9,,NA,,20,20.3,,NA,,,,NA,,,,,,NA,NA,NA,NA,NA,NA,194.7,118.1,438215.893,135712.597
6105,61427,61427,QUAL,4.8,3.9,Snag,Snag,A,A,F,,2,1,2,NA,,17.8,,NA,,49.7,50,,NA,,,,NA,,,,,,NA,NA,NA,NA,NA,NA,194.8,143.9,438215.993,135738.397
6106,61440,61440,QUFA,3.4,2.9,Log,Log,B,B,F,,4,2,3,G,,NA,,NA,,51.4,NA,,10,,,,NA,,,,,,29,19.8,3,2.9,4.5,9.5,193.4,152.9,438214.593,135747.397
6106,61440,61440,QUFA,3.4,2.9,Snag,Log,A,A,F,,3,2,3,NA,,15,,29,,51.4,51.3,,NA,,,,NA,,,,,,NA,NA,NA,NA,NA,NA,193.4,152.9,438214.593,135747.397
1014,61442,61442,QURU,9.1,5.2,Log,,B,,F,,4,2,,G,,NA,,NA,,NA,NA,,12,,,,NA,Not found,,,,,26.8,9.8,2,7,8,8,199.1,155.2,438220.293,135749.697
6106,61442,61442,QURU,9.1,5.2,Log,Log,A,A,F,,4,2,3,G,,NA,,NA,,NA,NA,,16,,,,NA,,,,,,41.4,26.8,9.1,5.2,3.5,8,199.1,155.2,438220.293,135749.697
711,70002,70002,CATO6,8.4,0.5,Log,Log,A,A,F,,4,2,,G,,NA,,NA,,NA,NA,,7.5,,,,NA,,,,,,28.7,24.9,8.5,0,5,2,108.4,200.5,438129.593,135794.997
711,70002,70002,CATO6,8.4,0.5,Log,Log,B,B,F,,4,2,5,G,,NA,,NA,,NA,NA,,11,,,,NA,,,,,,22.1,20.3,7.5,9,1.5,0.8,108.4,200.5,438129.593,135794.997
716,70413,70413,LIST2,7.1,7.4,Log,Log,B,B,F,,3,2,4,G,,NA,,NA,,28.8,NA,,3,,,,NA,,,,,,18.5,14,9.7,3,7.5,5,107.1,257.4,438128.293,135851.897
716,70413,70413,LIST2,7.1,7.4,Snag,Snag,A,A,F,,3,2,4,NA,,8,2,18.5,,28.8,28.3,25.5,NA,,,,NA,,,,,,NA,NA,NA,NA,NA,NA,107.1,257.4,438128.293,135851.897
739,70561,70561,COFL2,3.5,6,Snag,Log,A,A,C,,2,1,2,NA,,5.5,,NA,,10.8,10.5,,NA,,,,NA,,,,,,NA,NA,NA,NA,NA,NA,123.5,286,438144.693,135880.497
746,70676,70676,CATO6,8.4,1.9,Log,,A,,NA,,2,1,,NA,,NA,,NA,,16,NA,,NA,,,,"NF, NEON construction",Not found,,,,,NA,NA,NA,NA,NA,NA,138.4,251.9,438159.593,135846.397
753,70730,70730,NYSY,5.5,5.4,Log,,A,,F,,3,2,,G,,NA,,NA,,10.5,NA,,7,,,,NA,Not found,,,,,10,5.7,4,6,3,2,145.5,225.4,438166.693,135819.897
774,71053,71053,CACA18,1.2,3.6,Snag,Log,A,A,F,,3,2,5,NA,,3,,10,,12.5,12.3,,NA,,,,NA,,,,,,NA,NA,NA,NA,NA,NA,161.2,233.6,438182.393,135828.097
775,71066,71066,CACA18,3.8,2,Log,Log,A,A,F,,4,2,5,G,,NA,,NA,,10.4,NA,,5,,,,NA,,,,,,10.1,7.1,3.8,2,8.5,0,163.8,242,438184.993,135836.497
783,71138,71138,QUERC,1.5,5.8,Log,Log,B,B,NA,,4,2,5,G,,NA,,NA,,53.9,NA,,10,,,,NA,,,,,,33.8,32.4,0.8,4,NA,NA,171.5,225.8,438192.693,135820.297
783,71138,71138,QUERC,1.5,5.8,Snag,Log,A,A,F,,3,2,5,NA,,5,,33.8,,53.9,54.1,,NA,,,,NA,,,,,,NA,NA,NA,NA,NA,NA,171.5,225.8,438192.693,135820.297
789,71313,71313,QUAL,6.1,7.5,Log,Log,A,A,F,,4,2,4,G,,NA,,NA,,44.6,NA,,8.5,,,,NA,,,,,,45.2,29,6.1,7.5,5,4,176.1,287.5,438197.293,135881.997
7109,71345,71345,CATO6,6.6,0.9,Log,Log,A,,F,,3,2,3,G,,NA,,NA,,33.6,NA,26,9,,,,NA,,,,,,28.6,20.6,6.6,0.9,7.5,2,196.6,280.9,438217.793,135875.397
7710,71534,71534,QUAL,3.1,5.7,Log,Log,A,A,F,,3,2,3,G,,NA,,NA,,55,NA,,11,,,,NA,,,,,,48.7,41.7,3.1,5.7,8.8,3,163.1,295.7,438184.293,135890.197
7104,71652,71652,COFL2,5.4,5.4,Snag,Log,A,A,C,,1,1,4,NA,,NA,,NA,8.4,12.2,12.1,11.8,NA,1.6,,,NA,,,,,,NA,NA,NA,NA,NA,NA,195.4,235.4,438216.593,135829.897
7104,71652,71652,COFL2,5.4,5.4,,Log,,B,,,,,2,,,,,,4.5,,,10.2,,7.6,,,,,,,,,,,,,,,,,,
7104,71655,71655,CACA18,3,8.1,Log,,B,,F,,3,2,,G,,NA,,NA,,13.7,NA,,6,,,,NA,Not found,,,,,13.8,8.2,3.3,7.8,8.9,3.5,193,238.1,438214.193,135832.597
7104,71655,71655,CACA18,3,8.1,Snag,Log,A,A,F,,3,2,5,NA,,0.9,,14.8,,13.7,14.8,,NA,,,,NA,,,,,,NA,NA,NA,NA,NA,NA,193,238.1,438214.193,135832.597
821,80110,80110,CACA18,7,8.4,Snag,Log,A,A,C,,1,1,5,NA,,NA,,NA,,10.2,10.2,,NA,,,,NA,,,,,,NA,NA,NA,NA,NA,NA,117,308.4,438138.193,135902.897
819,80339,80339,LIST2,0.9,9,Log,Log,B,B,F,,4,2,4,G,,NA,,NA,,NA,NA,,NA,,,,NA,,,,,,51.1,48.6,5.9,8.6,7.7,8.3,100.9,389,438122.093,135983.497
819,80339,80339,LIST2,0.9,9,Log,,C,,F,,3,2,,G,,NA,,NA,,NA,NA,,NA,,,,NA,"Not found, near road",,,,,51.8,32.2,3.8,9,5,4.9,100.9,389,438122.093,135983.497
819,80339,80339,LIST2,0.9,9,Snag,Snag,A,A,F,,3,2,4,NA,,5.5,5.5,51.8,,59.1,NA,54.8,NA,,,,NA,,,,,,NA,NA,NA,NA,NA,NA,100.9,389,438122.093,135983.497
8110,80350,80350,CACA18,2.1,5.6,Snag,Snag,A,A,C,,2,1,5,NA,,NA,0.45,NA,,10.1,NA,,NA,,,,NA,"Near road, pieces may have been cleared",,,,,NA,NA,NA,NA,NA,NA,102.1,395.6,438123.293,135990.097
841,80360,80360,CATO6,7.8,2.5,Snag,Log,A,A,C,,1,1,2,NA,,NA,,NA,,15.8,15.8,,NA,,,,NA,,,,,,NA,NA,NA,NA,NA,NA,137.8,302.5,438158.993,135896.997
842,80378,80378,COFL2,1.6,4.8,Snag,Log,A,A,C,,2,1,2,NA,,NA,,NA,,14.6,14.2,,NA,,,,NA,,,,,,NA,NA,NA,NA,NA,NA,131.6,314.8,438152.793,135909.297
843,80378,80378,COFL2,1.6,4.8,Log,,B,,C,,3,2,,A,,NA,,NA,,NA,NA,,NA,,,,NA,Not found,,,,,19.4,10.7,NA,NA,NA,NA,131.6,314.8,438152.793,135909.297
843,80394,80394,QURU,0.4,2.2,Snag,Snag ,A,A,C,,2,1,3,NA,,NA,,NA,,89.6,88.3,,NA,,,,NA,,,,,,NA,NA,NA,NA,NA,NA,130.4,322.2,438151.593,135916.697
837,80436,80436,FAGR,5.2,2.3,Log,Log,B,B,F,,3,2,4,G,,NA,,NA,,110.5,NA,,NA,,,,NA,,,,,,75.1,58.8,NA,NA,NA,NA,125.2,362.3,438146.393,135956.797
837,80436,80436,FAGR,5.2,2.3,Snag,Snag,A,A,F,,3,2,3,NA,,10,,75.1,,110.5,110.6,,NA,,,,NA,,,,,,NA,NA,NA,NA,NA,NA,125.2,362.3,438146.393,135956.797
828,80528,80528,LIST2,2.5,4.7,Log,Log,A,A,C,,2,1,3,G,,NA,,NA,,NA,NA,,NA,,,,NA,,,,,,25.3,19.6,2,4.9,1.8,5.2,NA,NA,NA,NA
855,80671,80671,LIST2,4.9,2.7,Snag,,A,,NA,,NA,NA,,NA,,NA,,NA,,12,NA,,NA,,,,NA,Not found,,,,,NA,NA,NA,NA,NA,NA,144.9,342.7,438166.093,135937.197
862,80711,80711,CACA18,7.7,5.5,Log,,A,,F,,4,2,,G,,NA,,NA,,12.3,NA,,NA,,,,DC,Not found,,,,,14.1,13.2,NA,NA,NA,NA,157.7,315.5,438178.893,135909.997
848,80891,80891,QUVE,1.6,5.8,Log,Log,B,B,F,,4,2,5,G,,NA,,NA,,NA,NA,,NA,,,,NA,,,,,,72.2,52.2,NA,NA,NA,NA,131.6,375.8,438152.793,135970.297
848,80891,80891,QUVE,1.6,5.8,Log,,C,,F,,4,2,,G,,NA,,NA,,NA,NA,,NA,,,,NA,Not found,,,,,39,41.1,NA,NA,NA,NA,131.6,375.8,438152.793,135970.297
848,80891,80891,QUVE,1.6,5.8,Snag,Log,A,A,F,,4,2,4,NA,,30,,72.2,,109.3,110.5,,NA,,,,NA,,,,,,NA,NA,NA,NA,NA,NA,131.6,375.8,438152.793,135970.297
881,81021,81021,COFL2,7.3,0.8,Log,,A,,F,,4,2,,G,,NA,,NA,,10.2,NA,,NA,,,,NA,Not found,,,,,9.1,6.6,NA,NA,NA,NA,177.3,300.8,438198.493,135895.297
884,81053,81053,LITU,6.9,9.7,Snag,Snag,A,A,C,,3,2,3,NA,,30,,NA,,23.5,20.4,,NA,,,,NA,,,,,,NA,NA,NA,NA,NA,NA,176.9,339.7,438198.093,135934.197
896,81292,81292,LIST2,5,1.8,Snag,Snag,A,A,C,,2,1,2,NA,,25,,NA,,32.2,32.3,,NA,,,,fungi,,,,,,NA,NA,NA,NA,NA,NA,185,351.8,438206.193,135946.297
898,81312,81312,QUVE,1.2,2.1,Log,Log,A,A,C,,2,1,3,A,,NA,,NA,,52.4,NA,,NA,,,,NA,,,,,,52.4,15.5,NA,NA,NA,NA,181.2,372.1,438202.393,135966.597
9101,90001,90001,LIST2,6.8,0.5,Log,,B,,NA,,2,1,,A,,NA,,NA,,15.5,NA,,4,,,,NA,,,,,,14.4,9.4,NA,NA,NA,NA,296.8,0.5,438317.993,135594.997
9101,90001,90001,LIST2,6.8,0.5,Snag,,A,,F,,2,1,,NA,,4.5,,14.4,,15.5,14.6,,NA,,,,NA,,,,,,NA,NA,NA,NA,NA,NA,296.8,0.5,438317.993,135594.997
9101,90003,90003,LIST2,0,2.2,Snag,,A,,C,,2,1,,NA,,17.8,,NA,,19.2,18.1,,NA,,,,NA,,,,,,NA,NA,NA,NA,NA,NA,290,2.2,438311.193,135596.697
9102,90019,90019,LIST2,4.1,0,Log,,B,,NA,,2,1,,G,,NA,,NA,,11.1,NA,,6,,,,NA,,,,,,10.7,7,NA,NA,NA,NA,294.1,10,438315.293,135604.497
9102,90019,90019,LIST2,4.1,0,Snag,,A,,F,,3,2,,NA,,0.8,,11.4,,11.1,NA,,NA,,,,NA,,,,,,NA,NA,NA,NA,NA,NA,294.1,10,438315.293,135604.497
9105,90099,90099,LIST2,6.8,3.6,Snag,,A,,F,,3,2,,NA,,6,,NA,,14.2,13.3,,NA,,,,NA,,,,,,NA,NA,NA,NA,NA,NA,296.8,43.6,438317.993,135638.097
991,90105,90105,LIST2,4.6,4.9,Log,,A,,NA,,3,2,,NA,,NA,,NA,,NA,NA,,2.7,,,,NA,,,,,,18.3,16.6,NA,NA,NA,NA,NA,NA,NA,NA
991,90108,90108,ACRU,6.8,6,Log,,A,,F,,3,2,,G,,NA,,NA,,NA,NA,,12,,,,NA,,,,,,17.2,12,NA,NA,NA,NA,286.8,6,438307.993,135600.497
993,90140,90140,PRSE2,4.9,6.5,Snag,,A,,F,,4,2,,NA,,6.2,,NA,,25.3,NA,,NA,,,,NA,,,,,,NA,NA,NA,NA,NA,NA,284.9,26.5,438306.093,135620.997
981,90203,90203,LIST2,6,9.2,Snag,Log,A,A,C,,3,2,3,NA,,15.4,,NA,11.5,19,18.7,18.2,NA,8.9,,,switch Ct,,,,,,NA,NA,NA,NA,NA,NA,276,9.2,438297.193,135603.697
982,90220,90220,ULAM,7.6,9.7,Log,Log,A,A,F,,4,2,3,G,,NA,,NA,,20.1,NA,,14,,,,NA,,,,,,19,9.6,NA,NA,NA,NA,277.6,19.7,438298.793,135614.197
983,90230,90230,LIST2,9.6,2,Log,,A,,F,,4,2,,G,,NA,,NA,,12.9,NA,,4,,,,NA,Not found,,,,,13.3,10.2,NA,NA,NA,NA,279.6,22,438300.793,135616.497
983,90233,90233,ULAM,5.1,7.7,Log,Log,A,A,F,,3,2,3,G,,NA,,NA,,12.1,NA,,8,,,,NA,,,,,,11.1,6.9,NA,NA,NA,NA,275.1,27.7,438296.293,135622.197
989,90293,90293,FRPE,1.2,0.6,Snag,Snag,A,A,C,,1,1,1,NA,,11.2,,NA,,18.6,18.9,,NA,,,,NA,,,,,,NA,NA,NA,NA,NA,NA,271.2,80.6,438292.393,135675.097
987,90477,90477,FRPE,1,9.8,Snag,Snag,A,A,C,,1,1,2,NA,,23,,NA,,51.6,51.5,,NA,,,,NA,,,,,,NA,NA,NA,NA,NA,NA,271,69.8,438292.193,135664.297
978,90496,90496,FRPE,9.6,2.6,Snag,Snag,A,A,NA,,1,1,2,NA,,18,,NA,,38.3,38.1,,NA,,,,NA,,,,,,NA,NA,NA,NA,NA,NA,269.6,72.6,438290.793,135667.097
989,90835,90835,FRPE,5.3,2.3,Snag,Snag,A,A,C,,1,1,1,NA,,10,,NA,,20.5,20.1,,NA,,,,NA,Living epicormics ,,,,,NA,NA,NA,NA,NA,NA,275.3,82.3,438296.493,135676.797
989,90839,90839,FRPE,1.7,6,Snag,Snag,A,A,C,,1,1,2,NA,,23.4,,NA,,71.8,72.9,,NA,,,,NA,,,,,,NA,NA,NA,NA,NA,NA,271.7,86,438292.893,135680.497
989,90842,90842,FRPE,1.4,3.1,Snag,Snag,A,A,C,,1,1,2,NA,,19,,NA,,44.4,44.2,,NA,,,,NA,,,,,,NA,NA,NA,NA,NA,NA,271.4,83.1,438292.593,135677.597
951,90847,90847,LIST2,1.9,9.7,Snag,Snag,A,A,F,,2,1,2,NA,,13,,NA,,24.8,23.8,,NA,,,,NA,,,,,,NA,NA,NA,NA,NA,NA,241.9,9.7,438263.093,135604.197
951,90847,90847,LIST2,1.9,9.7,,Log,,B,,,,,4,,,,,,14.9,,,17.5,,5,,,,,,,,,,,,,,,,,,
951,90851,90851,LIST2,6.3,9,Snag,Log,A,A,F,,2,1,3,NA,,12,,NA,8.9,12.6,12.4,11.8,NA,9.5,,,NA,,,,,,NA,NA,NA,NA,NA,NA,246.3,9,438267.493,135603.497
9810,90863,90863,FRPE,0.3,2.7,Snag,Snag,A,A,C,,1,1,1,NA,,11,,NA,,13.8,13.8,,NA,,,,NA,,,,,,NA,NA,NA,NA,NA,NA,270.3,92.7,438291.493,135687.197
962,90920,90920,LIST2,4,3.8,Snag,Log,A,A,F,,3,2,3,NA,,6,,NA,9.7,15.4,15.2,15.1,NA,8.5,,,NA,,,,,,NA,NA,NA,NA,NA,NA,254,13.8,438275.193,135608.297
962,90930,90930,LIST2,0.3,9.9,Log,Log,A,A,F,,4,2,4,G,,NA,,NA,,22.9,NA,,7,,,,NA,,,,,,20.9,18.2,NA,NA,NA,NA,250.3,19.9,438271.493,135614.397
939,90994,90994,FRPE,7.7,3.3,Snag,Snag,A,A,F,,3,2,3,NA,,7.5,,NA,,52.1,50.3,,NA,,,,NA,,,,,,NA,NA,NA,NA,NA,NA,227.7,83.3,438248.893,135677.797
978,91004,91004,FRPE,3.8,2.9,Snag,Snag,A,A,C,,1,1,2,NA,,18.2,,NA,,54.2,56.8,,NA,,,,NA,,,,,,NA,NA,NA,NA,NA,NA,263.8,72.9,438284.993,135667.397
978,91015,91015,FRPE,3,8.5,Snag,Snag,A,A,C,,2,1,2,NA,,16,,NA,,51,49.2,,NA,,,,NA,,,,,,NA,NA,NA,NA,NA,NA,263,78.5,438284.193,135672.997
979,91023,91023,ULRU,3.4,3.3,Log,,A,,C,,4,2,,G,,NA,,NA,,10.9,NA,,4,,,,NA,Not found,,,,,9.5,8,NA,NA,NA,NA,263.4,83.3,438284.593,135677.797
979,91024,91024,FRPE,4.3,3.3,Snag,Snag,A,A,C,,1,1,2,NA,,18.2,,NA,,28.3,29.4,,NA,,,,NA,,,,,,NA,NA,NA,NA,NA,NA,264.3,83.3,438285.493,135677.797
979,91026,91026,FRPE,9,4.3,Snag,Snag,A,A,F,,3,2,2,NA,,11,,NA,,29.6,30,,NA,,,,NA,,,,,,NA,NA,NA,NA,NA,NA,269,84.3,438290.193,135678.797
979,91053,91053,FRPE,9.8,10,Snag,Snag,A,A,C,,1,1,1,NA,,14,,NA,,17.8,18.7,,NA,,,,NA,Living epicormics ,,,,,NA,NA,NA,NA,NA,NA,269.8,90,438290.993,135684.497
9710,91058,91058,FRPE,4.1,2.6,Snag,Snag,A,A,C,,2,1,2,NA,,13.4,,NA,,51.2,49.6,,NA,,,,NA,,,,,,NA,NA,NA,NA,NA,NA,264.1,92.6,438285.293,135687.097
934,91385,91385,ULRU,7.3,6.8,Snag,Log,A,A,C,,2,1,3,NA,,5,,NA,9.9,10.5,10.4,10.3,NA,3,,,NA,,,,,,NA,NA,NA,NA,NA,NA,227.3,36.8,438248.493,135631.297
968,91458,91458,FRPE,2.7,8.7,Snag,Snag,A,A,C,,1,1,2,NA,,22,,NA,,66.4,66.2,,NA,,,,NA,,,,,,NA,NA,NA,NA,NA,NA,252.7,78.7,438273.893,135673.197
969,91463,91463,FRPE,1.6,3,Snag,Log,A,A,C,,1,1,2,NA,,21.4,,NA,,75.9,76,,NA,,,,NA,,,,,,NA,NA,NA,NA,NA,NA,251.6,83,438272.793,135677.497
935,91590,91590,CATO6,4.7,4.1,Snag,Log,A,A,C,,2,1,3,NA,,13,,NA,9.7,21.8,20.5,21.3,NA,12,,,NA,,,,,,NA,NA,NA,NA,NA,NA,224.7,44.1,438245.893,135638.597
939,90978,,,,,,Snag,,A,,,,,2,,,,30,,,,,41.3,,,,,,,,,,,,,,,,,,,,
9310,91633,91633,ULRU,3.5,7.5,Log,Log,A,A,F,,3,2,3,G,,NA,,NA,,24.5,NA,,15,,,,NA,,,,,,21.1,11.1,NA,NA,NA,NA,223.5,97.5,438244.693,135691.997
914,91778,91778,CACA18,1.3,8.5,Log,,A,,F,,3,2,,G,,NA,,NA,,18,NA,,3.5,,,,NA,Not found,,,,,15.7,12.3,NA,NA,NA,NA,201.3,38.5,438222.493,135632.997
926,91830,91830,ACRU,7.5,2,Consumed,,NA,,NA,,5,3,,NA,,NA,,NA,,10.7,NA,,NA,,,,NA,,,,,,NA,NA,NA,NA,NA,NA,217.5,52,438238.693,135646.497
926,91854,91854,FRPE,4.7,8.1,Snag,Snag,A,A,C,,1,1,2,NA,,19.6,,NA,,78.5,78.3,,NA,,,,NA,,,,,,NA,NA,NA,NA,NA,NA,214.7,58.1,438235.893,135652.597
9510,92003,92003,FRPE,7.6,6.2,Snag,Snag,A,A,C,,1,1,2,NA,,20,,NA,,39.8,40.4,,NA,,,,NA,,,,,,NA,NA,NA,NA,NA,NA,247.6,96.2,438268.793,135690.697
9510,92006,92006,ULRU,4.1,6.2,Snag,Log,A,A,C,,3,2,3,NA,,12,,NA,16.3,22.8,22.1,20.1,NA,8,,,NA,,,,,,NA,NA,NA,NA,NA,NA,244.1,96.2,438265.293,135690.697
931,92035,92035,ACRU,0.8,6.3,NF,,NA,,NA,,NA,NA,,NA,,NA,,NA,,20.7,NA,,NA,,,,NA,,,,,,NA,NA,NA,NA,NA,NA,220.8,6.3,438241.993,135600.797
9410,92212,92212,FRPE,3.5,0.8,Snag,Log,A,A,F,,3,2,,NA,,2,,16,16.2,17.6,16.6,20.3,NA,2,,,NA,,,,,,NA,NA,NA,NA,NA,NA,233.5,90.8,438254.693,135685.297
9410,92214,92214,FRPE,2.6,1.5,Snag,Snag,A,A,C,,1,1,2,NA,,21.4,,NA,,67.5,NA,,NA,,,,TORAR,,,,,,NA,NA,NA,NA,NA,NA,232.6,91.5,438253.793,135685.997
912,92297,92297,LITU,2.6,1.7,Log,Log,B,B,F,,2,1,3,G,,NA,,NA,,33,NA,,15,,,,NA,,,,,,24.8,17.9,NA,NA,NA,NA,202.6,11.7,438223.793,135606.197
912,92297,92297,LITU,2.6,1.7,Snag,Snag,A,A,F,,2,1,3,NA,,5,,24.8,,33,32.9,,NA,,,,NA,,,,,,NA,NA,NA,NA,NA,NA,202.6,11.7,438223.793,135606.197
938,92440,92440,FRPE,7.2,4,Log,Log,A,A,F,,2,1,3,A;G,,NA,,NA,,35.5,NA,,16,,,,NA,,,,,,33.4,16.3,NA,NA,NA,NA,227.2,74,438248.393,135668.497
9510,92468,92468,FRPE,0.3,2.9,Snag,Snag,A,A,C,,1,1,2,NA,,22.2,,NA,,69.8,67.5,,NA,,,,NA,,,,,,NA,NA,NA,NA,NA,NA,240.3,92.9,438261.493,135687.397
917,92545,92545,ULRU,6.8,2,Log,,A,,F,,3,2,,G,,NA,,NA,,25.7,NA,,5,,,,NA,Not found,,,,,21.1,18,NA,NA,NA,NA,206.8,62,438227.993,135656.497
928,92615,92615,FRPE,4.7,2.3,Snag,Snag,A,A,F,,2,1,3,NA,,3,,NA,,16.7,16.5,,NA,,,,NA,,,,,,NA,NA,NA,NA,NA,NA,214.7,72.3,438235.893,135666.797
928,92662,92662,FRPE,8.6,9.6,Snag,Snag,A,A,F,,3,2,3,NA,,8,,NA,,52.1,50.4,,NA,,,,NA,,,,,,NA,NA,NA,NA,NA,NA,218.6,79.6,438239.793,135674.097
919,92767,92767,ULRU,6.8,6.9,Consumed,,NA,,NA,,5,3,,NA,,NA,,NA,,12,NA,,NA,,,,NA,,,,,,NA,NA,NA,NA,NA,NA,206.8,86.9,438227.993,135681.397
1021,100104,100104,FRAM2,7.2,1.6,Snag,Snag,A,A,C,,1,1,1,NA,,19,,NA,,51.2,50.7,,NA,,,,NA,,,,,,NA,NA,NA,NA,NA,NA,217.2,101.6,438238.393,135696.097
1021,100105,100105,ULAM,8.1,1.9,Snag,Log,A,A,C,,3,2,3,NA,,18.8,,NA,13.9,21.7,20,21.2,NA,11,,,NA,,,,,,NA,NA,NA,NA,NA,NA,218.1,101.9,438239.293,135696.397
1021,100111,100111,LIST2,4.5,8.5,Snag,Snag,A,A,C,,2,1,2,NA,,11,,NA,,20.4,18.8,,NA,,,,NA,,,,,,NA,NA,NA,NA,NA,NA,214.5,108.5,438235.693,135702.997
1031,100201,100201,FRAM2,2.8,4.2,Snag,Snag,A,A,C,,1,1,2,NA,,14,,NA,,43.2,45.3,,NA,,,,NA,,,,,,NA,NA,NA,NA,NA,NA,222.8,104.2,438243.993,135698.697
1034,100286,100286,QURU,7.2,7.3,Log,Log,A,A,C,,3,2,3,G,,NA,,NA,,54.3,NA,,23,,,,NA,,,,,,48.2,21,NA,NA,NA,NA,227.2,137.3,438248.393,135731.797
1035,100301,100301,UNKN,6.3,2.8,Log,Log,A,A,C,,3,2,3,G,,NA,,NA,,108.4,NA,,17,,,,NA,,,,,,92.8,69.8,NA,NA,NA,NA,226.3,142.8,438247.493,135737.297
1036,100316,100316,QUVE,5,5.2,Log,Log,A,A,C,,1,1,2,G;A,,NA,,NA,,65.3,NA,,30,,,,windthrow,,,,,,65.8,30,NA,NA,NA,NA,225,155.2,438246.193,135749.697
1036,100320,100320,QUVE,4.8,7.2,Log,Log,A,A,C,,1,1,2,A,,NA,,NA,,79.6,NA,,20,,,,windthrow,,,,,,76.2,60.3,NA,NA,NA,NA,224.8,157.2,438245.993,135751.697
1039,100339,100339,CACA18,8.3,1.8,Log,Log,A,A,C,,3,2,4,G,,NA,,NA,,14.3,NA,,7,,,,NA,,,,,,14.5,10.7,NA,NA,NA,NA,228.3,181.8,438249.493,135776.297
1062,100377,100377,ULAM,8.2,8.5,Log,,A,,C,,4,2,,G,,NA,,NA,,18.8,NA,,11,,,,NA,Not found,,,,,17,8.5,NA,NA,NA,NA,258.2,108.5,438279.393,135702.997
1061,100396,100396,FRAM2,4.6,2.3,Snag,,A,,C,,1,1,,NA,,20,,NA,,59,62,,NA,,,,NA,Not found,,,,,NA,NA,NA,NA,NA,NA,254.6,102.3,438275.793,135696.797
1042,100453,100453,FRPE,6.8,1,Snag,Snag,A,A,C,,1,1,2,NA,,17,4.5,NA,,52.6,55.3,,NA,,,,NA,,,,,,NA,NA,NA,NA,NA,NA,236.8,111,438257.993,135705.497
1042,100453,100453,FRPE,6.8,,,Log,,B,,,,,2,,,,,27.5,,,,44.9,,16,,,,,,,,,,,,,,,,,,
1043,100473,100473,ULAM,7.4,1,Snag,Log,A,A,C,,2,1,3,NA,,11,,NA,10.9,15.7,15.7,14,NA,4.5,,,NA,,,,,,NA,NA,NA,NA,NA,NA,237.4,121,438258.593,135715.497
1044,100500,100500,QUFA,5.3,5.3,Snag,Snag,A,A,C,,3,2,3,NA,,19,,NA,,61.6,59,,NA,,,,NA,,,,,,NA,NA,NA,NA,NA,NA,235.3,135.3,438256.493,135729.797
1052,100562,100562,FRPE,4.2,1,Snag,Snag,A,A,C,,1,1,2,NA,,16,3,NA,,54.3,56.3,,NA,,,,NA,,,,,,NA,NA,NA,NA,NA,NA,244.2,111,438265.393,135705.497
1052,100591,100591,ULAM,5,7.8,Log,,A,,C,,4,2,,G;A,,NA,,NA,,22.9,NA,,13,,,,NA,Not found,,,,,22.5,12.1,NA,NA,NA,NA,245,117.8,438266.193,135712.297
1062,100619,100619,FRAM2,4.6,4.5,Snag,Snag,A,A,F,,2,1,2,NA,,15,,NA,,34.5,33,,NA,,,,X,,,,,,NA,NA,NA,NA,NA,NA,254.6,114.5,438275.793,135708.997
1063,100685,100685,FRPE,5,3.1,Log,Log,A,A,C,,1,1,2,A,,NA,,NA,,43.7,NA,,20,,,,NA,,,,,,40.3,32,NA,NA,NA,NA,255,123.1,438276.193,135717.597
1053,100711,100711,NYSY,5,8.5,Snag,,A,,F,,4,2,,NA,,1,,NA,,26.1,NA,,NA,,,,top not found,Not found,,,,,NA,NA,NA,NA,NA,NA,245,128.5,438266.193,135722.997
1056,100750,100750,CACA18,9.8,2.8,Snag,Log,A,A,C,,4,2,3,NA,,7,,NA,5.3,20,19.8,18.4,NA,7,,,SP=JUVI,Sp: JUVI,,,,,NA,NA,NA,NA,NA,NA,249.8,152.8,438270.993,135747.297
1059,100782,100782,QURU,5.7,4.3,Log,Log,A,A,F,,4,2,4,G;A,,NA,,NA,,44.4,NA,,15,,,,NA,,,,,,39.5,31,NA,NA,NA,NA,245.7,184.3,438266.893,135778.797
1046,100819,100819,LITU,2.3,3.2,Log,Log,B,B,F,,1,1,2,G,,NA,,NA,,48.9,NA,,30,,,,NA,,,,,,48.5,28,NA,NA,NA,NA,232.3,153.2,438253.493,135747.697
1046,100819,100819,LITU,2.3,3.2,Snag,Snag,A,A,F,,1,1,2,NA,,4,,48.5,,48.9,48.8,,NA,,,,broken by 100320,,,,,,NA,NA,NA,NA,NA,NA,232.3,153.2,438253.493,135747.697
1081,100871,100871,FRPE,6.3,0.7,Snag,Log,A,A,C,,1,1,3,NA,,16,,NA,19.3,32.7,32.9,,NA,12.5,,,NA,,,,,,NA,NA,NA,NA,NA,NA,276.3,100.7,438297.493,135695.197
1081,100871,100872,FRPE,6.3,1,Snag,Log,A,A,C,,1,1,3,NA,,16,,NA,25,31.2,31.4,28.9,NA,8.2,,,NA,,,,,,NA,NA,NA,NA,NA,NA,276.3,101,438297.493,135695.497
1081,100893,100893,FRPE,7.1,8.8,Snag,Snag,A,A,C,,1,1,2,NA,,18,,NA,,49,48.1,,NA,,,,NA,,,,,,NA,NA,NA,NA,NA,NA,277.1,108.8,438298.293,135703.297
1071,100904,100904,FRAM2,9.8,5.5,Log,Log,A,A,F,,2,1,3,G,,NA,,NA,,26,NA,,10,,,,NA,,,,,,24.5,22.7,NA,NA,NA,NA,269.8,105.5,438290.993,135699.997
1071,100905,100905,FRAM2,9.3,2.8,Log,Log,B,A,F,,4,2,4,G,,NA,,NA,,59,NA,,5,,,,NA,,,,,,38.4,36.3,NA,NA,NA,NA,269.3,102.8,438290.493,135697.297
1071,100905,100905,FRAM2,9.3,2.8,Snag,Snag,A,A,F,,4,2,3,NA,,5,,38.4,,59,54.5,,NA,,,,NA,,,,,,NA,NA,NA,NA,NA,NA,269.3,102.8,438290.493,135697.297
1071,100915,100915,FRPE,1,1.2,Snag,Snag,A,A,C,,1,1,3,NA,,18,,NA,,64.9,65.6,,NA,,,,NA,,,,,,NA,NA,NA,NA,NA,NA,261,101.2,438282.193,135695.697
1069,101050,101050,FAGR,8.4,8.5,Log,Log,B,B,F,,1,1,3,G;A,,NA,,NA,,11.1,NA,,6,,,,NA,,,,,,10.8,2.7,NA,NA,NA,NA,258.4,188.5,438279.593,135782.997
1069,101050,101050,FAGR,8.4,8.5,Snag,Snag,A,A,F,,1,1,4,NA,,1,,10.8,,11.1,NA,,NA,,,,NA,,,,,,NA,NA,NA,NA,NA,NA,258.4,188.5,438279.593,135782.997
1091,101068,101068,FRPE,2.1,2,Snag,Snag,A,A,C,,1,1,2,NA,,18.2,,NA,,40.1,41.6,,NA,,,,NA,,,,,,NA,NA,NA,NA,NA,NA,282.1,102,438303.293,135696.497
1082,101127,101127,FRPE,3.2,9.4,Snag,Snag,A,A,C,,1,1,2,NA,,18,,NA,,67.7,66.5,,NA,,,,NA,,,,,,NA,NA,NA,NA,NA,NA,273.2,119.4,438294.393,135713.897
1083,101144,101144,FRPE,8.2,5.3,Snag,Snag,A,A,C,,1,1,2,NA,,19,4,NA,,67.7,68.2,,NA,,,,NA,,,,,,NA,NA,NA,NA,NA,NA,278.2,125.3,438299.393,135719.797
1083,101144,101144,FRPE,8.2,5.3,,Log,,B,,,,,2,,,,,,50.8,,,85,,8.6,,,,,,,,,,,,,,,,,,
1084,101161,101161,FRPE,1.8,5.2,Snag,Snag,A,A,C,,1,1,1,NA,,18,,NA,,40.9,43.9,,NA,,,,NA,,,,,,NA,NA,NA,NA,NA,NA,271.8,135.2,438292.993,135729.697
1074,101275,101275,ULRU,4.9,2.1,Snag,Log,A,A,F,,3,2,4,NA,,3,,NA,23.3,25.2,24,22.3,NA,3.5,,,NA,,,,,,NA,NA,NA,NA,NA,NA,264.9,132.1,438286.093,135726.597
1075,101283,101283,FRPE,9.1,6.8,Log,Log,A,A,F,,2,1,4,G,,NA,,NA,,54.3,NA,,13,,,,NA,,,,,,51.7,30,NA,NA,NA,NA,269.1,146.8,438290.293,135741.297
1092,101310,101310,FRPE,7.9,7.9,Snag,Log,A,A,C,,1,1,2,NA,,15,,NA,20.6,24.4,24.8,24.3,NA,14.2,,,NA,,,,,,NA,NA,NA,NA,NA,NA,287.9,117.9,438309.093,135712.397
1077,101443,101443,LITU,6.2,7.9,Log,Log,A,A,C,,2,1,3,G;A,,NA,,NA,,76.7,NA,,17.1,,,,NA,,,,,,71.5,47.4,NA,NA,NA,NA,266.2,167.9,438287.393,135762.397
1077,101445,101445,NYSY,6.7,8.9,Log,Log,A,A,C,,1,1,3,G;A,,NA,,NA,,17.7,NA,,15,,,,NA,,,,,,16.1,7.3,NA,NA,NA,NA,266.7,168.9,438287.893,135763.397
1079,101467,101467,ACRU,8.1,5.2,Log,Log,B,B,F,,3,2,5,G,,NA,,NA,,52.1,NA,,10,,,,NA,,,,,,40.4,29.2,NA,NA,NA,NA,268.1,185.2,438289.293,135779.697
1079,101467,101467,ACRU,8.1,5.2,Snag,Log,A,A,F,,3,2,4,NA,,2,,40.4,20.8,52.1,51.6,43.2,NA,2,,,NA,,,,,,NA,NA,NA,NA,NA,NA,268.1,185.2,438289.293,135779.697
10810,101496,101496,PLOC,6.1,0.8,Log,Log,B,B,C,,1,1,3,G;A,,NA,,NA,,39.3,NA,,28,,,,NA,,,,,,38.6,16.7,NA,NA,NA,NA,276.1,190.8,438297.293,135785.297
10810,101496,101496,PLOC,6.1,0.8,Snag,Snag,A,A,C,,1,1,4,NA,,1,,40.3,,39.3,NA,,NA,,,,NA,,,,,,NA,NA,NA,NA,NA,NA,276.1,190.8,438297.293,135785.297
1088,101539,101539,ULAM,5.2,9.5,Snag,Log,A,A,F,,3,2,5,NA,,2.5,,NA,,19.9,19.7,,NA,,,,NA,,,,,,NA,NA,NA,NA,NA,NA,275.2,179.5,438296.393,135773.997
1095,101710,101710,FRPE,4,2.5,Snag,Snag,A,A,C,,1,1,3,NA,,23.4,,NA,,49.5,49.7,,NA,,,,NA,,,,,,NA,NA,NA,NA,NA,NA,284,142.5,438305.193,135736.997
1096,101750,101750,FRPE,8.7,5.6,Snag,Snag,A,A,C,,1,1,2,NA,,27,,NA,,31.2,31.1,,NA,,,,EAB,,,,,,NA,NA,NA,NA,NA,NA,288.7,155.6,438309.893,135750.097
1096,101761,101761,ULAM,2.1,5.3,Log,,A,,C,,3,2,,G,,NA,,NA,,15.4,NA,,6,,,,NA,Not found,,,,,16.5,11.6,NA,NA,NA,NA,282.1,155.3,438303.293,135749.797
1097,101804,101804,ULRU,9.8,1.6,Log,Log,A,A,C,,4,2,5,G,,NA,,NA,,34.3,NA,,11,,,,NA,,,,,,28.2,23.2,NA,NA,NA,NA,289.8,161.6,438310.993,135756.097
1097,101788,101788,LIST2,6.6,8.9,,Log,,,,,,,,,,,,,,66.7,,,,,,,,,,,,,,,,,,,,,,
10106,102138,102138,FRPE,8.6,7.5,Snag,Snag,A,A,C,,1,1,2,NA,,28,,NA,,74.8,76.4,,NA,,,,"top dead, EAB, 1 live epicormic",,,,,,NA,NA,NA,NA,NA,NA,298.6,157.5,438319.793,135751.997
10104,102337,102337,FRPE,3.5,8,Snag,Snag,A,A,C,,1,1,2,NA,,26.4,,NA,,74.4,76.3,,NA,,,,EAB,,,,,,NA,NA,NA,NA,NA,NA,293.5,138,438314.693,135732.497
10101,102415,102415,LIST2,8.4,9,Snag,Snag,A,A,F,,2,1,2,NA,,12.6,,NA,,40.9,39.9,,NA,,,,NA,,,,,,NA,NA,NA,NA,NA,NA,298.4,109,438319.593,135703.497
1134,110266,110266,CACA18,4.6,7.8,Snag,Log,A,A,C,,1,1,4,NA,,7,,NA,,11.6,11.6,,NA,,,,NA,,,,,,NA,NA,NA,NA,NA,NA,224.6,237.8,438245.793,135832.297
1144,110352,110352,UNKN,3.6,5.5,Snag,Log,A,A,C,,4,2,4,NA,,10,,NA,,20.5,19.7,,NA,,,,NA,,,,,,NA,NA,NA,NA,NA,NA,233.6,235.5,438254.793,135829.997
1139,110434,110434,LITU,0.7,0.4,Snag,Snag,A,A,C,,1,1,1,NA,,23.6,22,NA,,73.4,73.1,71.6,NA,,,,NA,,,,,,NA,NA,NA,NA,NA,NA,220.7,280.4,438241.893,135874.897
1139,110435,110435,LITU,0.7,2,Snag,Snag,A,A,C,,1,1,2,NA,,21.8,12,NA,,39.1,38.6,38,NA,,,,NA,,,,,,NA,NA,NA,NA,NA,NA,220.7,282,438241.893,135876.497
1162,110582,110582,COFL2,9.8,2.1,Snag,Log,A,A,C,,2,1,4,NA,,3,,NA,,12.8,12.5,,NA,,,,NA,,,,,,NA,NA,NA,NA,NA,NA,259.8,212.1,438280.993,135806.597
11110,110614,110614,CAGL8,6.5,2.1,Log,Log,A,A,F,,2,1,5,G,,NA,,NA,,46.6,NA,,4,,,,cut by NEON,,,,,,50.3,45.9,NA,NA,NA,NA,206.5,292.1,438227.693,135886.597
11110,110614,110614,CAGL8,6.5,2.1,Log,Log,B,B,F,,3,2,5,G,,NA,,NA,,NA,NA,,2,,,,NA,,,,,,40,36.2,NA,NA,NA,NA,206.5,292.1,438227.693,135886.597
11110,110614,110614,CAGL8,6.5,2.1,Log,Log,C,C,F,,3,2,5,G,,NA,,NA,,NA,NA,,1.5,,,,NA,,,,,,40.7,37.7,NA,NA,NA,NA,206.5,292.1,438227.693,135886.597
11110,110614,110614,CAGL8,6.5,2.1,Log,Log,D,D,F,,3,2,5,G,,NA,,NA,,NA,NA,,2,,,,NA,,,,,,35.7,33.7,NA,NA,NA,NA,206.5,292.1,438227.693,135886.597
11110,110614,110614,CAGL8,6.5,2.1,Log,Log,E,E,F,,3,2,5,G,,NA,,NA,,NA,NA,,2,,,,NA,,,,,,34.1,33,NA,NA,NA,NA,206.5,292.1,438227.693,135886.597
11110,110614,110614,CAGL8,6.5,2.1,Log,Log,F,F,F,,3,2,5,G,,NA,,NA,,NA,NA,,2,,,,NA,,,,,,36.7,34.3,NA,NA,NA,NA,206.5,292.1,438227.693,135886.597
11210,110614,110614,CAGL8,6.5,2.1,Log,Log,G,G,F,,3,2,5,G,,NA,,NA,,NA,NA,,1,,,,NA,,,,,,395,38.7,NA,NA,NA,NA,206.5,292.1,438227.693,135886.597
11210,110614,110614,CAGL8,6.5,2.1,Log,Log,H,H,F,,3,2,5,G,,NA,,NA,,NA,NA,,1,,,,NA,,,,,,41,36.3,NA,NA,NA,NA,206.5,292.1,438227.693,135886.597
11210,110614,110614,CAGL8,6.5,2.1,Log,Log,I,I,F,,3,2,5,G,,NA,,NA,,NA,NA,,1,,,,NA,,,,,,37.2,35.3,NA,NA,NA,NA,206.5,292.1,438227.693,135886.597
1154,110834,110834,COFL2,2,8.2,Log,Log,A,A,C,,4,2,3,G;A,,NA,,NA,,10.9,NA,,5,,,,NA,,,,,,6.4,11.1,NA,NA,NA,NA,242,238.2,438263.193,135832.697
1156,110855,110855,CACA18,9.4,4.9,Log,,A,,F,,4,2,,G,,NA,,NA,,10.8,NA,,2,,,,NA,Not found,,,,,9.6,8.7,NA,NA,NA,NA,249.4,254.9,438270.593,135849.397
1158,110881,110881,UNKN,0.8,6.3,Log,Log,B,B,F,,4,2,4,G,,NA,,NA,,78.2,NA,,10,,,,NA,,,,,,69.5,51.9,NA,NA,NA,NA,240.8,276.3,438261.993,135870.797
1158,110881,110881,UNKN,0.8,6.3,Snag,Snag,A,A,F,,4,2,5,NA,,3,,69.5,,78.2,73.1,,NA,,,,NA,,,,,,NA,NA,NA,NA,NA,NA,240.8,276.3,438261.993,135870.797
1165,111007,111007,CAGL8,4,7.5,Log,Log,A,A,C,,1,1,2,G,,NA,,NA,,50.8,NA,,25,,,,windthrow,,,,,,55,32,NA,NA,NA,NA,254,247.5,438275.193,135841.997
1186,111285,111285,CACA18,0.8,9.2,Snag,Log,A,A,C,,1,1,4,NA,,0.6,,7.2,,10.8,10.8,,NA,,,,R by 111007,,,,,,NA,NA,NA,NA,NA,NA,270.8,259.2,438291.993,135853.697
1196,111578,111578,QURU,0.9,2.3,Log,Log,A,A,C,,3,2,,G,,NA,,NA,,30,NA,,10,,,,NA,,,,,,31,19.5,NA,NA,NA,NA,280.9,252.3,438302.093,135846.797
11105,112005,112005,QUCO2,7.9,9,Log,Log,A,A,C,,4,2,4,G,,NA,,NA,,49.7,NA,,21,,,,NA,,,,,,43.1,26,NA,NA,NA,NA,297.9,249,438319.093,135843.497
11106,112030,112030,COFL2,2,5.3,Snag,,A,,F,,3,2,,NA,,4,,NA,,10.7,10.1,,NA,,,,NA,Not foumd,,,,,NA,NA,NA,NA,NA,NA,292,255.3,438313.193,135849.797
1331,130003,130003,LIST2,9,0.4,Log,Log,A,A,F,,4,2,5,G,,NA,,NA,,13,NA,,3,,,,NA,,,,,,13.4,8,NA,NA,NA,NA,329,0.4,438350.193,135594.897
1332,130054,130054,LIST2,1.4,2.4,Snag,Snag,A,A,F,,1,1,3,NA,,7,,NA,,15.7,15.8,,NA,,,,NA,,,,,,NA,NA,NA,NA,NA,NA,321.4,12.4,438342.593,135606.897
1313,130211,130211,LIST2,2,0.4,Snag,Log,A,A,F,,2,1,4,NA,,5,,NA,7.3,13.3,13.1,10.2,NA,3.5,,,NA,,,,,,NA,NA,NA,NA,NA,NA,302,20.4,438323.193,135614.897
1338,130297,130296,FAGR,7.5,5.2,Snag,,A,,NA,,NA,NA,,NA,,NA,,NA,,10.7,NA,,NA,,,,stump only,,,,,,NA,NA,NA,NA,NA,NA,327.5,75.2,438348.693,135669.697
1312,130346,130346,LIST2,4.8,7.8,Snag,Log,A,A,F,,3,2,3,NA,,6,,NA,10.9,14.7,13.2,13.7,NA,3,,,NA,,,,,,NA,NA,NA,NA,NA,NA,304.8,17.8,438325.993,135612.297
1312,130346,130346,LIST2,4.8,7.8,,Log,,B,,,,,3,,,,,,8.5,,,10.5,,3,,,,,,,,,,,,,,,,,,
1312,130348,130348,ULRU,8.4,9.7,Snag,,A,,F,,3,2,,NA,,5.5,,NA,,11.2,10.7,,NA,,,,NA,Not found,,,,,NA,NA,NA,NA,NA,NA,308.4,19.7,438329.593,135614.197
1321,130348,130408,ULRU,9.7,2.1,Log,Log,A,A,F,,2,1,3,G,,NA,,NA,,10.2,NA,,5,,,,NA,,,,,,10.2,8.2,NA,NA,NA,NA,319.7,2.1,438340.893,135596.597
1321,130428,130428,LIST2,2.8,6.4,Stump,,NA,,NA,,NA,NA,,NA,,NA,,NA,,12.6,NA,,NA,,,,NA,,,,,,NA,NA,NA,NA,NA,NA,312.8,6.4,438333.993,135600.897
1321,130429,130429,LIST2,3.3,7.3,Stump,,NA,,NA,,NA,NA,,NA,,NA,,NA,,16.4,NA,,NA,,,,NA,,,,,,NA,NA,NA,NA,NA,NA,313.3,7.3,438334.493,135601.797
1321,130445,130445,LIST2,0.8,8.3,Snag,Snag,A,A,F,,4,2,4,NA,,1.5,1,NA,,14.6,NA,,NA,,,,1/2 of stem left,,,,,,NA,NA,NA,NA,NA,NA,310.8,8.3,438331.993,135602.797
1323,130480,130480,ULRU,4.5,4,Snag,Log,A,A,F,,3,2,3,NA,,5,,9.3,10.6,14.3,14.1,13.9,NA,4,,,NA,,,,,,NA,NA,NA,NA,NA,NA,314.5,24,438335.693,135618.497
1346,130551,130551,QURU,2.3,2.2,Snag,Log,A,A,C,,4,2,3,NA,,10,,NA,35.4,46.6,45.8,43.6,NA,5,,,NA,,,,,,NA,NA,NA,NA,NA,NA,332.3,52.2,438353.493,135646.697
1346,130551,130551,QURU,2.3,2.2,,Log,,B,,,,,3,,,,,,34.8,,,35.5,,3.5,,,,,,,,,,,,,,,,,,
13110,130896,130896,FRPE,5.8,9.1,Snag,Snag,A,A,C,,1,1,2,NA,,15,,NA,,49.8,49.2,,NA,,,,NA,,,,,,NA,NA,NA,NA,NA,NA,305.8,99.1,438326.993,135693.597
1311,130938,130938,LIST2,9.7,1.3,Snag,Snag,A,A,F,,2,1,3,NA,,7,,NA,,16.5,15.7,,NA,,,,switch xy,,,,,,NA,NA,NA,NA,NA,NA,309.7,1.3,438330.893,135595.797
1363,131163,131163,LIST2,9.5,1.9,Log,Log,B,B,F,,3,2,2,G,,NA,,NA,,60.2,NA,,10,,,,NA,,,,,,40.2,NA,NA,NA,NA,NA,359.5,21.9,438380.693,135616.397
1363,131163,131163,LIST2,9.5,1.9,Snag,Snag,A,A,F,,3,2,3,NA,,12,,NA,,60.2,60.3,,NA,,,,NA,,,,,,NA,NA,NA,NA,NA,NA,359.5,21.9,438380.693,135616.397
1354,131260,131260,LITU,6.9,10,Log,Log,A,A,F,,3,2,5,G,,NA,,NA,,18,NA,,4,,,,NA,,,,,,16.2,14.9,NA,NA,NA,NA,346.9,40,438368.093,135634.497
1357,131291,131291,CAGL8,0.6,8.5,Log,Log,A,A,F,,3,2,4,G,,NA,,NA,,32.9,NA,,13,,,E,NA,,,,,,26.2,20,NA,NA,NA,NA,340.6,68.5,438361.793,135662.997
1357,131291,131291,CAGL8,0.6,8.5,Log,Log,B,B,F,,4,2,4,G,,NA,,NA,,32.9,NA,,17,,,SE,NA,,,,,,25,11.3,NA,NA,NA,NA,340.6,68.5,438361.793,135662.997
13510,131333,131333,LIST2,5.2,7.9,Log,Log,A,A,F,,4,2,5,G,,NA,,NA,,44.8,NA,,9,,,,NA,,,,,,44.1,41.9,NA,NA,NA,NA,345.2,97.9,438366.393,135692.397
1393,132233,132233,AIAL,5.3,9.7,Log,,A,,F,,4,2,,G,,NA,,NA,,12.3,NA,,4,,,,NA,Not found,,,,,12,9.3,NA,NA,NA,NA,385.3,29.7,438406.493,135624.197
1393,132233,132233,AIAL,5.3,9.7,Log,,B,,F,,4,2,,G,,NA,,NA,,12.3,NA,,2,,,,NA,Not found,,,,,9.3,7.7,NA,NA,NA,NA,385.3,29.7,438406.493,135624.197
13101,132429,132429,AIAL,5.7,6.1,Snag,Log,A,A,C,,3,2,3,NA,,10.6,,NA,,26.8,26.9,,NA,,,,NA,,,,,,NA,NA,NA,NA,NA,NA,395.7,6.1,438416.893,135600.597
13101,132436,132436,AIAL,4.7,4.8,Log,Log,A,A,F,,2,1,3,G,,NA,,NA,,26.8,NA,,3,,,,NA,,,,,,27.3,23.5,NA,NA,NA,NA,394.7,4.8,438415.893,135599.297
13101,132436,132436,AIAL,4.7,4.8,Log,Log,B,B,F,,2,1,4,G,,NA,,NA,,26.8,NA,,2,,,,NA,,,,,,23,21.5,NA,NA,NA,NA,394.7,4.8,438415.893,135599.297
13101,132445,132445,AIAL,3.4,6.7,Snag,Snag,A,A,C,,2,1,2,NA,,16.8,,NA,,23.9,24.3,,NA,,,,NA,,,,,,NA,NA,NA,NA,NA,NA,393.4,6.7,438414.593,135601.197
13102,132472,132472,LITU,9.5,4.4,Log,Log,B,B,F,,4,2,5,G,,NA,,NA,,37.2,NA,,5,,,,NA,,,,,,32.7,25.6,NA,NA,NA,NA,399.5,14.4,438420.693,135608.897
13102,132472,132472,LITU,9.5,4.4,Snag,Log,A,A,F,,4,2,4,NA,,3,,32.7,,37.2,33.3,,NA,,,,NA,,,,,,NA,NA,NA,NA,NA,NA,399.5,14.4,438420.693,135608.897
13107,132633,132633,PLOC,1.5,6.4,Log,Log,A,A,F,,4,2,2,G,,NA,,NA,,68.5,NA,,27,,,,NA,,,,,,62.5,28.1,NA,NA,NA,NA,391.5,66.4,438412.693,135660.897
13910,133027,133028,PLOC,2.2,1.8,Snag,Snag,A,A,C,,NA,NA,2,NA,,16.6,,NA,,29.7,28.3,,NA,,,,NA,,,,,,NA,NA,NA,NA,NA,NA,382.2,91.8,438403.393,135686.297
13910,133036,133036,CACA18,9.8,0.5,Snag,Log,A,A,F,,3,2,5,NA,,4,,NA,,11.2,10.1,,NA,,,,NA,,,,,,NA,NA,NA,NA,NA,NA,389.8,90.5,438410.993,135684.997
1398,134046,134046,LITU,0.8,5.2,Log,Log,B,B,F,,4,2,2,G,,NA,,NA,,86.5,NA,,14,,,,NA,,,,,,49.8,36,NA,NA,NA,NA,380.8,75.2,438401.993,135669.697
1398,134046,134046,LITU,0.8,5.2,Snag,Snag,A,A,C,,3,2,2,NA,,7,,49.8,,86.5,82,,NA,,,,NA,,,,,,NA,NA,NA,NA,NA,NA,380.8,75.2,438401.993,135669.697
1423,140029,140029,FRPE,0.4,0.5,Snag,Snag,A,A,C,,2,1,2,NA,,26,4,NA,,42.6,44.8,,NA,,,,NA,,,,,,NA,NA,NA,NA,NA,NA,310.4,120.5,438331.593,135714.997
1423,140029,140029,FRPE,0.4,0.5,Snag,Log,,B,,,,,2,,,,,,14.5,,,39,21.5,,,,,,,,,,,,,,,,,,,
1423,140032,140031,FRPE,2.8,1,Snag,Snag,A,A,C,,1,1,2,NA,,4,,NA,,12.8,12.6,,NA,,,,NA,,,,,,NA,NA,NA,NA,NA,NA,312.8,121,438333.993,135715.497
1423,140032,140032,FRPE,2.8,1,Snag,Snag,A,A,C,,1,1,2,NA,,13,,NA,,20.2,21.2,,NA,,,,NA,,,,,,NA,NA,NA,NA,NA,NA,312.8,121,438333.993,135715.497
1423,140035,140035,FRPE,6.4,7.2,Snag,Snag,A,A,C,,1,1,2,NA,,26.2,,NA,,59,60.2,,NA,,,,NA,,,,,,NA,NA,NA,NA,NA,NA,316.4,127.2,438337.593,135721.697
1423,140037,140037,FRPE,4.1,9,Snag,Snag,A,A,C,,1,1,2,NA,,18.2,2,NA,,37.1,37.6,28,NA,,,,NA,,,,,,NA,NA,NA,NA,NA,NA,314.1,129,438335.293,135723.497
1423,140037,140037,FRPE,4.1,9,,Log,,B,,,,,2,,,,,,14.2,,,33.9,,22.6,,,,,,,,,,,,,,,,,,
1424,140045,140045,FRPE,1.5,5.2,Log,Log,A,A,C,,1,1,3,G,,NA,,NA,,25.7,NA,,13,,,,NA,,,,,,23.9,14.5,NA,NA,NA,NA,311.5,135.2,438332.693,135729.697
1424,140048,140048,FRPE,4.1,7.2,Snag,Snag,A,A,C,,1,1,2,NA,,15,,NA,,21.6,22.1,,NA,,,,NA,,,,,,NA,NA,NA,NA,NA,NA,314.1,137.2,438335.293,135731.697
1425,140055,140055,ULRU,1.5,1.8,Snag,Log,A,A,F,,3,2,3,NA,,4.5,,NA,7.4,12.6,12.4,11.9,NA,5,,,NA,,,,,,NA,NA,NA,NA,NA,NA,311.5,141.8,438332.693,135736.297
1435,140058,140057,FRPE,0,0.7,Snag,Log,A,A,F,,3,2,3,NA,,7,,NA,44.3,61.4,59,51.3,NA,6,,,NA,,,,,,NA,NA,NA,NA,NA,NA,320,140.7,438341.193,135735.197
1435,140058,140058,FRPE,0,0.7,Snag,Snag,A,A,C,,1,1,2,NA,,20.2,,NA,,61.6,57.8,,NA,,,,NA,,,,,,NA,NA,NA,NA,NA,NA,320,140.7,438341.193,135735.197
1426,140076,140075,ACRU,10,0.2,Snag,Log,A,A,F,,3,2,3,NA,,10,,NA,23.9,27.7,27.7,24.5,NA,2,,,NA,,,,,,NA,NA,NA,NA,NA,NA,320,150.2,438341.193,135744.697
1426,140077,140077,FRPE,5.4,4.9,Snag,Snag,A,A,C,,1,1,2,NA,,18,,NA,,58.1,58.8,,NA,,,,stump sprouts,,,,,,NA,NA,NA,NA,NA,NA,315.4,154.9,438336.593,135749.397
1426,140077,140078,FRPE,5.4,4.9,Snag,Snag,A,A,F,,1,1,2,NA,,13,,NA,,53.4,53.7,,NA,,,,NA,,,,,,NA,NA,NA,NA,NA,NA,315.4,154.9,438336.593,135749.397
1427,140097,140097,FRPE,4.5,2,Snag,Snag,A,A,C,,1,1,3,NA,,18,,NA,,49.5,49.4,,NA,,,,NA,,,,,,NA,NA,NA,NA,NA,NA,314.5,162,438335.693,135756.497
1411,140101,140101,PLOC,5.3,1.5,Snag,Log,A,A,F,,4,2,4,NA,,2,,35.5,21.3,36.5,37.8,23.4,NA,4,,,NA,,,,,,NA,NA,NA,NA,NA,NA,305.3,101.5,438326.493,135695.997
1412,140114,140114,FRPE,2.1,9.5,Snag,Snag,A,A,C,,1,1,2,NA,,15.6,,NA,,47.3,46.7,,NA,,,,NA,,,,,,NA,NA,NA,NA,NA,NA,302.1,119.5,438323.293,135713.997
1413,140116,140116,ULRU,3.2,1.1,Snag,,A,,C,,2,1,,NA,,5,,NA,,16.1,16.7,,NA,,,,NA,Not found,,,,,NA,NA,NA,NA,NA,NA,303.2,121.1,438324.393,135715.597
1413,140121,140121,FRPE,10.1,3.6,Snag,Log,A,A,C,,1,1,3,NA,,11.4,,NA,,31,30,,NA,,,,NA,,,,,,NA,NA,NA,NA,NA,NA,310.1,123.6,438331.293,135718.097
1413,140128,140128,FRPE,0.8,7.7,Snag,Snag,A,A,C,,1,1,2,NA,,12.8,,NA,,40.3,40.5,,NA,,,,NA,,,,,,NA,NA,NA,NA,NA,NA,300.8,127.7,438321.993,135722.197
1414,140132,140132,FRPE,2.3,2.6,Snag,Snag,A,A,C,,1,1,2,NA,,15,2,NA,,28.4,28.6,,NA,,,,NA,,,,,,NA,NA,NA,NA,NA,NA,302.3,132.6,438323.493,135727.097
1414,140148,140148,FRPE,3.4,7,Snag,Snag,A,A,C,,1,1,3,NA,,20,,NA,,55.6,56.5,,NA,,,,NA,,,,,,NA,NA,NA,NA,NA,NA,303.4,137,438324.593,135731.497
1414,140148,140148,FRPE,3.4,7,,Log,,B,,,,,3,,,,,,33,,,38.6,,11.7,,,,,,,,,,,,,,,,,,
1415,140174,140174,FRPE,10.1,3.4,Snag,Snag,A,A,C,,1,1,1,NA,,17,,NA,,30.2,31.8,,NA,,,,NA,,,,,,NA,NA,NA,NA,NA,NA,310.1,143.4,438331.293,135737.897
1415,140193,140193,FRPE,2.2,9.5,Snag,Snag,A,A,C,,1,1,2,NA,,20,,NA,,69.1,70.3,,NA,,,,NA,,,,,,NA,NA,NA,NA,NA,NA,302.2,149.5,438323.393,135743.997
1431,140201,140201,ACRU,0.3,0.7,Snag,,A,,C,,2,1,,NA,,10.6,,NA,,19.2,19.3,,NA,,,,NA,Not found,,,,,NA,NA,NA,NA,NA,NA,320.3,100.7,438341.493,135695.197
1431,140209,140209,ULRU,2.3,6.1,Snag,Log,A,A,C,,3,2,3,NA,,15,,NA,17,24.6,23.9,21.8,NA,7,,,NA,,,,,,NA,NA,NA,NA,NA,NA,322.3,106.1,438343.493,135700.597
1434,140247,140247,FRPE,2.5,3.6,Snag,Snag,A,A,C,,1,1,1,NA,,17,,NA,,26,26.8,,NA,,,,NA,,,,,,NA,NA,NA,NA,NA,NA,322.5,133.6,438343.693,135728.097
1435,140253,140253,FRPE,8.9,9.2,Snag,Snag,A,A,C,,1,1,2,NA,,21.2,6,NA,,29.8,30.6,,NA,,,,NA,,,,,,NA,NA,NA,NA,NA,NA,328.9,149.2,438350.093,135743.697
1435,140253,140253,FRPE,,,,Log,,B,,,,,2,,,,,,19.2,,,25,,11.2,,,,,,,,,,,,,,,,,,
14210,140284,140283,ACRU,9,9,Snag,Log,A,A,F,,2,1,3,NA,,7,,NA,22.7,34.8,33,32.6,NA,3.5,,,NA,,,,,,NA,NA,NA,NA,NA,NA,319,199,438340.193,135793.497
1428,140342,140342,ULRU,9.3,3.6,Snag,Log,A,A,F,,3,2,3,NA,,5.5,,NA,18.1,23.7,22.6,20.4,NA,5,,,NA,,,,,,NA,NA,NA,NA,NA,NA,319.3,173.6,438340.493,135768.097
1428,140343,140343,ULRU,8.9,3.9,Stump,,NA,,NA,,NA,NA,,NA,,NA,,NA,,14,NA,,NA,,,,NA,,,,,,NA,NA,NA,NA,NA,NA,318.9,173.9,438340.093,135768.397
1428,140355,140355,ULRU,4,8.8,Snag,Log,A,A,F,,3,2,4,NA,,3.5,,NA,34.9,49.2,47.5,41.3,NA,2.5,,,NA,,,,,,NA,NA,NA,NA,NA,NA,314,178.8,438335.193,135773.297
1416,140427,140427,ULRU,7.3,3.4,Snag,Log,A,A,F,,3,2,3,NA,,8,,NA,16.9,25.4,25,23.1,NA,10.4,,,NA,,,,,,NA,NA,NA,NA,NA,NA,307.3,153.4,438328.493,135747.897
1417,140468,140468,ULRU,9.7,3.9,Log,Log,A,A,C,,3,2,4,G,,NA,,NA,,24.4,NA,,9,,,,NA,,,,,,21.9,19.7,NA,NA,NA,NA,309.7,163.9,438330.893,135758.397
1418,140486,140486,FRPE,3.5,8.3,Snag,Snag,A,A,C,,1,1,2,NA,,18,,NA,,47.7,49.9,,NA,,,,NA,,,,,,NA,NA,NA,NA,NA,NA,303.5,178.3,438324.693,135772.797
1436,140623,140623,ULRU,1.8,5.5,Snag,Log,A,A,F,,4,2,4,NA,,1,,NA,,12,NA,,NA,,,,NA,,,,,,NA,NA,NA,NA,NA,NA,321.8,155.5,438342.993,135749.997
1436,140625,140625,PLOC,0.3,9.4,Snag,Log,A,A,F,,4,2,5,NA,,2,,NA,,28.4,28.1,,NA,,,,NA,,,,,,NA,NA,NA,NA,NA,NA,320.3,159.4,438341.493,135753.897
1438,140638,140638,QUPA2,7,9,Log,Log,A,A,F,,4,2,5,G,,NA,,NA,,60.1,NA,,7,,,,NA,,,,,,50.4,45.2,NA,NA,NA,NA,327,179,438348.193,135773.497
1419,140676,140676,LIST2,2.7,7.1,Stump,,NA,,NA,,NA,NA,,NA,,NA,,NA,,17.7,NA,,NA,,,,NA,,,,,,NA,NA,NA,NA,NA,NA,302.7,187.1,438323.893,135781.597
14110,140824,140824,ULRU,10,3.2,Log,Log,A,A,C,,3,2,4,G,,NA,,NA,,21.8,NA,,14,,,,NA,,,,,,19.6,13,NA,NA,NA,NA,310,193.2,438331.193,135787.697
14110,140835,140835,QUPA2,5.8,7.9,Snag,Log,A,A,F,,4,2,4,NA,,11,,NA,57.4,76.1,74.2,67.8,NA,11,,,NA,,,,,,NA,NA,NA,NA,NA,NA,305.8,197.9,438326.993,135792.397
1443,141126,141126,FRPE,2.7,0.7,Log,Log,A,A,C,,1,1,2,G,,NA,,NA,,24,NA,,16,,,,NA,,,,,,23.5,11.5,NA,NA,NA,NA,332.7,120.7,438353.893,135715.197
1459,141322,141322,QUPA2,1.2,4.5,Log,Log,B,B,F,,3,2,3,G,,NA,,NA,,84.1,NA,,4,,,,NA,,,,,,61.5,59.2,NA,NA,NA,NA,341.2,184.5,438362.393,135778.997
1459,141322,141322,QUPA2,1.2,4.5,Snag,Snag,A,A,F,,3,2,3,NA,,20.6,,61.5,,84.1,78.7,,NA,,,,NA,,,,,,NA,NA,NA,NA,NA,NA,341.2,184.5,438362.393,135778.997
1468,141521,141521,LIST2,6.5,4,Log,Log,A,A,F,,4,2,2,G,,NA,,NA,,41.6,NA,,3,,,,NA,,,,,,40.1,35.7,NA,NA,NA,NA,356.5,174,438377.693,135768.497
1463,141585,141585,LIST2,4.5,7.1,Snag,Snag,A,A,C,,1,1,1,NA,,13,,NA,,29,29.2,,NA,,,,NA,,,,,,NA,NA,NA,NA,NA,NA,354.5,127.1,438375.693,135721.597
14104,142020,142020,LITU,4.4,3.3,Snag,Snag,A,A,C,,1,1,2,NA,,19.8,,NA,,21.2,21.1,,NA,,,,NA,,,,,,NA,NA,NA,NA,NA,NA,394.4,133.3,438415.593,135727.797
14105,142037,142037,LIST2,0.5,8.9,Log,Log,A,A,F,,3,2,3,G,,NA,,NA,,22.6,NA,,13,,,,NA,,,,,,23.5,15.7,NA,NA,NA,NA,390.5,148.9,438411.693,135743.397
1498,142197,142197,LIST2,8.2,7.1,Snag,Snag,A,A,F,,1,1,2,NA,,8,,NA,,17.1,16.9,,NA,,,,NA,,,,,,NA,NA,NA,NA,NA,NA,388.2,177.1,438409.393,135771.597
1484,142293,142293,UNKN,5.6,0.7,Snag,Snag,A,A,F,,4,2,3,NA,,2.6,,NA,,16.4,16,,NA,,,,NA,,,,,,NA,NA,NA,NA,NA,NA,375.6,130.7,438396.793,135725.197
1486,142324,142324,LIST2,2.6,7.2,Snag,Snag,A,A,F,,3,2,4,NA,,3,,NA,,37.1,35.2,,NA,,,,1/2 gone,,,,,,NA,NA,NA,NA,NA,NA,372.6,157.2,438393.793,135751.697
14910,142379,142379,LITU,0.6,4,Snag,Snag,A,A,F,,3,2,3,NA,,7,,NA,,12.5,11.3,,NA,,,,NA,,,,,,NA,NA,NA,NA,NA,NA,380.6,194,438401.793,135788.497
14910,142388,142388,LITU,9.5,5.6,Snag,Snag,A,A,F,,1,1,2,NA,,8,,NA,,19.1,18.9,,NA,,,,NA,,,,,,NA,NA,NA,NA,NA,NA,389.5,195.6,438410.693,135790.097
1498,142404,142404,COFL2,0.6,9.4,Snag,Log,A,A,C,,2,1,2,NA,,6,,NA,,12,11.1,,NA,,,,NA,,,,,,NA,NA,NA,NA,NA,NA,380.6,179.4,438401.793,135773.897
14108,142524,142524,LIST2,2.8,7.1,Snag,Log,A,A,C,,2,1,3,NA,,12,,NA,,26.8,27.1,,NA,,,,NA,,,,,,NA,NA,NA,NA,NA,NA,392.8,177.1,438413.993,135771.597
14109,142541,142541,PIVI2,7.2,3,Log,Log,A,A,C,,4,2,3,G,,NA,,NA,,42.5,NA,,20,,,,NA,,,,,,39.7,24,NA,NA,NA,NA,397.2,183,438418.393,135777.497
141010,142560,142560,PIVI2,8.8,5.5,Snag,Snag,A,A,C,,4,2,3,NA,,15,,NA,,34.2,34.3,,NA,,,,NA,,,,,,NA,NA,NA,NA,NA,NA,398.8,195.5,438419.993,135789.997
1475,142738,142738,ULRU,0.2,9.2,Snag,Log,A,A,F,,2,1,4,NA,,2,,13.4,,14.5,14.5,,NA,,,,cut,,,,,,NA,NA,NA,NA,NA,NA,360.2,149.2,438381.393,135743.697
1473,142752,142752,CATO6,1.4,4.2,Log,Log,A,,F,,1,1,2,G,,NA,,NA,,46.5,NA,,3,,,,cut,,,,,,50.4,40.8,NA,NA,NA,NA,361.4,124.2,438382.593,135718.697
15101,150005,150005,LITU,7.6,5,Snag,Log,A,A,C,,2,1,4,NA,,13.6,,NA,,12.7,12.4,,NA,,,,NA,,,,,,NA,NA,NA,NA,NA,NA,397.6,205,438418.793,135799.497
1598,150056,150056,LIST2,9.9,1.2,Log,Log,A,A,F,,3,2,4,G,,NA,,NA,,21.8,NA,,9,,,,NA,,,,,,21.2,14.2,NA,NA,NA,NA,389.9,271.2,438411.093,135865.697
15910,150077,150077,UNKN,8.9,4.2,Snag,Snag,A,A,F,,4,2,3,NA,,5,,NA,,34.3,32.7,,NA,,,,NA,,,,,,NA,NA,NA,NA,NA,NA,388.9,294.2,438410.093,135888.697
1592,150202,150202,FAGR,3.5,3.5,Log,Log,B,B,F,,1,1,2,G,,NA,,NA,,55.8,NA,,3,,,,NA,,,,,,45.2,40.3,NA,NA,NA,NA,383.5,213.5,438404.693,135807.997
1592,150202,150202,FAGR,3.5,3.5,Snag,Snag,A,A,F,,1,1,2,NA,,2,,45.2,,55.8,56.1,,NA,,,,"cut, hit by 150206",,,,,,NA,NA,NA,NA,NA,NA,383.5,213.5,438404.693,135807.997
1583,150206,150206,QURU,8,7.6,Log,Log,B,B,F,,2,1,3,G,,NA,,NA,,75,NA,,4,,,,windthrow,,,,,,51,50.2,NA,NA,NA,NA,388,217.6,438409.193,135812.097
1592,150206,150206,QURU,8,7.6,Log,Log,A,A,F,,2,1,4,G,,NA,,NA,,75,NA,,3,,,,windthrow,,,,,,77.2,57.6,NA,NA,NA,NA,388,217.6,438409.193,135812.097
15108,150264,150264,NYSY,6.3,4.2,Log,,A,,F,,4,2,,G,,NA,,NA,,13.6,NA,,3,,,,NA,Not found,,,,,12.7,10.8,NA,NA,NA,NA,396.3,274.2,438417.493,135868.697
15108,150265,150265,LIST2,6.8,6.1,Log,Log,A,A,F,,1,1,2,A;G,,NA,,NA,,33.5,NA,,27,,,,NA,,,,,,32.7,16.1,NA,NA,NA,NA,396.8,276.1,438417.993,135870.597
1571,150404,150404,LIST2,2,3.5,Log,,A,,C,,2,1,,A,,NA,,NA,,NA,NA,,17,,,,no tag,Not found,,,,,52.3,40.6,1.2,3.6,NA,NA,NA,NA,NA,NA
1573,150440,150441,ACRU,4.9,3.6,Snag,Log,A,A,F,,4,2,4,NA,,5.5,,NA,,44.8,43.8,,NA,,,,NA,,,,,,NA,NA,NA,NA,NA,NA,364.9,223.6,438386.093,135818.097
1561,150516,150516,ULRU,5.8,3.7,Snag,Log,A,A,F,,2,1,2,NA,,3.9,,NA,,12.7,12.3,,NA,,,,NA,,,,,,NA,NA,NA,NA,NA,NA,355.8,203.7,438376.993,135798.197
1589,150650,150650,LITU,4,0.2,Log,Log,A,A,F,,3,2,3,G,,NA,,NA,,26.5,NA,,8,,,,NA,,,,,,25.6,21,NA,NA,NA,NA,374,280.2,438395.193,135874.697
1567,150704,150704,ULRU,9.9,6.4,Snag,Snag,A,A,F,,3,2,2,NA,,6.5,,NA,,12,11.9,,NA,,,,NA,,,,,,NA,NA,NA,NA,NA,NA,359.9,266.4,438381.093,135860.897
1562,150944,150944,LIST2,6.8,9.5,Stump,,NA,,F,,4,2,,NA,,NA,,NA,,48.9,NA,,NA,,,,NA,Not found,,,,,NA,NA,NA,NA,NA,NA,356.8,219.5,438377.993,135813.997
1575,151020,151020,ACRU,8.7,3.8,Snag,Snag,A,A,C,,1,1,2,NA,,17,2.3,NA,,39.7,39.7,,NA,,,,NA,,,,,,NA,NA,NA,NA,NA,NA,368.7,243.8,438389.893,135838.297
1575,151020,151020,ACRU,8.7,3.8,,,,B,,,,,2,,,,,,23.2,,,33.7,,8.3,,,,,,,,,,,,,,,,,,
1557,151258,151258,ULRU,2.7,1,Snag,Snag,A,A,C,,2,1,2,NA,,4,,NA,,18.8,16.3,,NA,,,,Leaning,,,,,,NA,NA,NA,NA,NA,NA,342.7,261,438363.893,135855.497
1517,151401,151401,ULAM,9.6,8.9,Snag,Snag,A,A,C,,2,1,2,NA,,9.2,,NA,,27.9,30.4,,NA,,,,NA,,,,,,NA,NA,NA,NA,NA,NA,309.6,268.9,438330.793,135863.397
15110,151405,151405,ULAM,4.5,0.2,Snag,Log,A,A,F,,3,2,5,NA,,5,,NA,,23.9,23.7,,NA,,,,NA,,,,,,NA,NA,NA,NA,NA,NA,304.5,290.2,438325.693,135884.697
15410,151529,151529,ULRU,8.2,8,Log,Log,A,A,F,,3,2,4,G,,NA,,NA,,23.6,NA,,5,,,,NA,,,,,,10.8,8,NA,NA,NA,NA,338.2,298,438359.393,135892.497
15410,151529,151530,ULRU,8.2,8,Snag,Log,A,A,F,,3,2,4,NA,,3.5,,NA,,12,22.3,,NA,,,,NA,,,,,,NA,NA,NA,NA,NA,NA,338.2,298,438359.393,135892.497
1566,151573,151573,ULRU,2.5,1.8,NF,,NA,,NA,,NA,NA,,NA,,NA,,NA,,14.7,NA,,NA,,,,NA,Not found,,,,,NA,NA,NA,NA,NA,NA,352.5,251.8,438373.693,135846.297
1566,151599,151599,ULRU,7.1,4.8,Log,Log,A,A,C,,2,1,3,G,,NA,,NA,,14.8,NA,,11,,,,NA,,,,,,14.5,7.2,NA,NA,NA,NA,357.1,254.8,438378.293,135849.297
1533,151651,151651,ACRU,4.8,5.3,Log,Log,A,A,F,,3,2,4,G,,NA,,NA,,103.2,NA,,19,,,,NA,,,,,,66.8,19.1,NA,NA,NA,NA,324.8,225.3,438345.993,135819.797
1535,152032,152032,ULRU,5,9.7,NF,Log,NA,A,NA,,NA,NA,5,NA,,NA,,NA,,20.7,NA,,NA,,,,NA,,,,,,NA,NA,NA,NA,NA,NA,325,249.7,438346.193,135844.197
1525,152263,152263,ULRU,7.5,8,Consumed,,NA,,NA,,5,3,,NA,,NA,,NA,,11.5,NA,,NA,,,,NA,,,,,,NA,NA,NA,NA,NA,NA,317.5,248,438338.693,135842.497
15710,152518,152518,LITU,3.9,4.4,Snag,Snag,A,A,C,,3,2,2,NA,,17,,NA,,23.7,23.5,,NA,,,,NA,,,,,,NA,NA,NA,NA,NA,NA,363.9,294.4,438385.093,135888.897
15710,152539,152539,LITU,4.3,1.3,Snag,Snag,A,A,F,,3,2,3,NA,,20.6,1.5,NA,,47,47.1,,NA,,,,NA,,,,,,NA,NA,NA,NA,NA,NA,364.3,291.3,438385.493,135885.797
15710,152539,152539,LITU,4.3,1.3,,Log,,B,,,,,3,,,,,,29.2,,,38.4,,15.2,,,,,,,,,,,,,,,,,,
1542,152551,152552,ACRU,6.8,3.9,Snag,Snag,A,A,F,,2,1,2,NA,,8,,NA,,27.5,27.6,,NA,,,,NA,,,,,,NA,NA,NA,NA,NA,NA,336.8,213.9,438357.993,135808.397
1531,152643,152643,ULRU,0.3,5.5,Snag,Snag,A,A,F,,2,1,2,NA,,8.5,,NA,,38.5,38.7,,NA,,,,NA,,,,,,NA,NA,NA,NA,NA,NA,320.3,205.5,438341.493,135799.997
1568,152925,152925,LIST2,6.2,5.8,Stump,,NA,,NA,,NA,NA,,NA,,NA,,NA,,13,NA,,NA,,,,NA,Not found,,,,,NA,NA,NA,NA,NA,NA,356.2,275.8,438377.393,135870.297
1568,152937,152937,ULRU,3.7,8.9,Snag,Snag,A,A,C,,3,2,2,NA,,7,,NA,,20.5,21.5,,NA,,,,bark causes increased DBH,,,,,,NA,NA,NA,NA,NA,NA,353.7,278.9,438374.893,135873.397
1691,160113,160113,ACRU,7.4,4,Log,,A,,F,,2,1,,G,,NA,,NA,,11.6,NA,,5,,,,NA,Not found,,,,,10.6,9,NA,NA,NA,NA,387.4,304,438408.593,135898.497
1693,160148,160148,PIVI2,9,1,Snag,Snag,A,A,C,,2,1,2,NA,,12,,NA,,20.3,20.2,,NA,,,,NA,,,,,,NA,NA,NA,NA,NA,NA,389,321,438410.193,135915.497
1693,160170,160170,PIVI2,9.5,3.2,Snag,Log,A,A,C,,2,1,2,NA,,8.6,,NA,,11.5,11.2,,NA,,,,NA,,,,,,NA,NA,NA,NA,NA,NA,389.5,323.2,438410.693,135917.697
1698,160281,160281,QUAL,1.9,5.2,Snag,Snag,A,A,F,,3,2,3,NA,,7.2,,NA,,69.9,66.1,,NA,,,,NA,,,,,,NA,NA,NA,NA,NA,NA,381.9,375.2,438403.093,135969.697
1664,160500,160499,QUAL,4,4.5,Snag,Snag,A,A,F,,4,2,4,NA,,5.4,,NA,,29.8,29.6,,NA,,,,NA,,,,,,NA,NA,NA,NA,NA,NA,354,334.5,438375.193,135928.997
1685,160517,160517,QUVE,2.3,10,Log,Log,B,B,F,,1,1,2,G,,NA,,NA,,71.7,NA,,8,,,,NA,,,,,,52,38.8,NA,NA,NA,NA,372.3,350,438393.493,135944.497
1685,160517,160517,QUVE,2.3,10,Snag,Snag,A,A,F,,1,1,3,NA,,7,,52,,71.7,72.3,,NA,,,,NA,,,,,,NA,NA,NA,NA,NA,NA,372.3,350,438393.493,135944.497
1677,160653,160653,LITU,0.4,5.6,NA,,NA,,NA,,NA,NA,,NA,,NA,,NA,,12.3,NA,,NA,,,,removed stream restoration,,,,,,NA,NA,NA,NA,NA,NA,360.4,365.6,438381.593,135960.097
1645,160800,160800,PLOC,1,4.7,Snag,Log,A,A,F,,4,2,4,NA,,3,,NA,39.5,52.3,50.3,56.1,NA,3,,,NA,,,,,,NA,NA,NA,NA,NA,NA,331,344.7,438352.193,135939.197
1641,160961,160961,CACA18,5.4,0.6,Log,,A,,NA,,NA,NA,,NA,,NA,,NA,,15.1,NA,,NA,,,,in creek,Not found,,,,,NA,NA,NA,NA,NA,NA,335.4,300.6,438356.593,135895.097
1643,160571,160571,PLOC,,,,Log,,A,,,,,3,,,,,,46.2,,,50.9,,10.2,,,,Living stump sprouts: over creek,,,,,,,,,,,,,,
1674,161410,161410,LITU,6.9,2.9,Snag,Log,A,A,F,,3,2,4,NA,,7.6,,NA,,10.8,10.6,,NA,,,,NA,,,,,,NA,NA,NA,NA,NA,NA,366.9,332.9,438388.093,135927.397
1674,161427,161427,LITU,4.9,9.1,Snag,Snag,A,A,F,,1,1,2,NA,,2,,20,,20.9,20.2,,NA,,,,cut,,,,,,NA,NA,NA,NA,NA,NA,364.9,339.1,438386.093,135933.597
1674,161429,161429,LITU,4,9.8,Snag,Snag,A,A,F,,1,1,2,NA,,10,,NA,,16.8,16.5,,NA,,,,L,,,,,,NA,NA,NA,NA,NA,NA,364,339.8,438385.193,135934.297
1623,161441,161441,CACA18,6,4.3,Log,,A,,F,,4,2,,G,,NA,,NA,,23.1,NA,,3,,,,NA,Not found,,,,,22.9,20.6,NA,NA,NA,NA,316,314.3,438337.193,135908.797
1636,161567,161567,QUPA2,8.5,1,Snag,Log,A,A,F,,3,2,4,NA,,NA,,NA,52.6,117.3,114.7,100,NA,20,,,NA,,,,,,NA,NA,NA,NA,NA,NA,328.5,351,438349.693,135945.497
1612,161938,161938,LIST2,12.1,3.4,Stump,,NA,,NA,,NA,NA,,NA,,NA,,NA,,18.8,NA,,NA,,,,NA,,,,,,NA,NA,NA,NA,NA,NA,312.1,313.4,438333.293,135907.897
1614,162074,162074,LIST2,8.7,7.1,Snag,Log,A,A,F,,2,1,3,NA,,20.6,,NA,41.2,78.4,75.9,71.7,NA,16.8,,,NA,,,,,,NA,NA,NA,NA,NA,NA,308.7,337.1,438329.893,135931.597
16109,162431,162431,QUAL,6.5,8,Snag,Snag,A,A,F,,4,2,3,NA,,6,,NA,,69.5,75.8,,NA,,,,NA,,,,,,NA,NA,NA,NA,NA,NA,396.5,388,438417.693,135982.497
16109,162435,162435,UNKN,3.8,8.4,Snag,Snag,A,A,F,,4,2,3,NA,,5,,NA,,50,49.8,,NA,,,,NA,,,,,,NA,NA,NA,NA,NA,NA,393.8,388.4,438414.993,135982.897
1699,162457,162457,FAGR,5.3,8,NF,,NA,,NA,,NA,NA,,NA,,NA,,NA,,30.5,NA,,NA,,,,NA,Not found,,,,,NA,NA,NA,NA,NA,NA,385.3,388,438406.493,135982.497
1699,162458,162458,QUAL,1.9,5.4,NF,,NA,,NA,,NA,NA,,NA,,NA,,NA,,36,NA,,NA,,,,NA,Not found,,,,,NA,NA,NA,NA,NA,NA,381.9,385.4,438403.093,135979.897
1678,162491,162491,FAGR,4.8,8.9,Consumed,,NA,,NA,,5,3,,NA,,NA,,NA,,10.5,NA,,NA,,,,NA,,,,,,NA,NA,NA,NA,NA,NA,364.8,378.9,438385.993,135973.397
1657,162608,162608,ULAM,5.8,6.4,NA,,NA,,NA,,NA,NA,,NA,,NA,,NA,,27,NA,,NA,,,,trees removed summer 2014,,,,,,NA,NA,NA,NA,NA,NA,345.8,366.4,438366.993,135960.897
1657,162608,162609,ULAM,5.8,6.4,NA,,NA,,NA,,NA,NA,,NA,,NA,,NA,,21.2,NA,,NA,,,,trees removed summer 2014,,,,,,NA,NA,NA,NA,NA,NA,345.8,366.4,438366.993,135960.897
1689,162685,162685,FAGR,7,7.4,Consumed,,NA,,NA,,5,3,,NA,,NA,,NA,,16.2,NA,,NA,,,,NA,,,,,,NA,NA,NA,NA,NA,NA,377,387.4,438398.193,135981.897
1689,162693,162693,FAGR,0.8,3.7,Consumed,,NA,,NA,,5,3,,NA,,NA,,NA,,11.9,NA,,NA,,,,NA,,,,,,NA,NA,NA,NA,NA,NA,370.8,383.7,438391.993,135978.197
1689,162696,162696,ACRU,1.1,9.9,NF,,NA,,NA,,NA,NA,,NA,,NA,,NA,,27.1,NA,,NA,,,,NA,,,,,,NA,NA,NA,NA,NA,NA,371.1,389.9,438392.293,135984.397
1679,162701,162701,FAGR,7.9,1.3,Consumed,,NA,,NA,,5,3,,NA,,NA,,NA,,23.3,NA,,NA,,,,NA,,,,,,NA,NA,NA,NA,NA,NA,367.9,381.3,438389.093,135975.797
1679,162706,162706,ACRU,9.8,6.4,Consumed,,NA,,NA,,5,3,,NA,,NA,,NA,,23.5,NA,,NA,,,,NA,,,,,,NA,NA,NA,NA,NA,NA,369.8,386.4,438390.993,135980.897
1679,162707,162707,ULAM,10,9.1,Consumed,,NA,,NA,,5,3,,NA,,NA,,NA,,17.6,NA,,NA,,,,NA,,,,,,NA,NA,NA,NA,NA,NA,370,389.1,438391.193,135983.597
1669,162748,162748,PLOC,0.4,1.6,Log,Log,A,A,F,,1,1,3,G;A,,NA,,NA,,82.4,NA,,15,,,,top cut to clear path,,,,,,80.7,32.3,NA,NA,NA,NA,350.4,381.6,438371.593,135976.097
1669,162752,162752,PLOC,1.4,5.8,Snag,Snag,A,A,F,,4,2,4,NA,,4,,NA,,75.7,67.5,,NA,,,,NA,,,,,,NA,NA,NA,NA,NA,NA,351.4,385.8,438372.593,135980.297
161010,162765,162765,UNKN,3.8,1.5,NF,Log,NA,A,NA,,NA,NA,3,NA,,NA,,NA,,42.4,NA,,NA,,,,NA,Underwater,,,,,NA,NA,NA,NA,NA,NA,393.8,391.5,438414.993,135985.997
16810,162771,162771,ACRU,6.8,7,Snag,,A,,F,,4,2,,NA,,4.5,,NA,,52.4,NA,,NA,,,,Marsh,,,,,,NA,NA,NA,NA,NA,NA,376.8,397,438397.993,135991.497
1693,162991,162991,PITA,0.4,4.6,Snag,Log,A,A,C,,2,1,2,NA,,15,,NA,,17.3,17.3,,NA,,,,NA,,,,,,NA,NA,NA,NA,NA,NA,380.4,324.6,438401.593,135919.097
312,NA,NA,UNKN,NA,NA,Log,,A,,NA,,4,2,,G,,NA,,NA,,NA,NA,,NA,,,,no tag,,,,,,24.8,13.6,8,6,NA,NA,NA,NA,NA,NA
418,NA,NA,UNKN,NA,NA,Log,,A,,NA,,NA,NA,,NA,,NA,,NA,,NA,NA,,NA,,,,not found,"Likely consumed, not found",,,,,NA,NA,2,373.2,4.9,374.9,NA,NA,NA,NA
456,NA,NA,UNKN,NA,NA,Log,,A,,NA,,NA,NA,,NA,,NA,,NA,,NA,NA,,NA,,,,not found,,,,,,NA,NA,44,354.6,42.9,357,NA,NA,NA,NA
467,NA,NA,UNKN,NA,NA,Log,,A,,NA,,4,2,,G,,NA,,NA,,NA,NA,,NA,,,,no tag,,,,,,22.2,11.3,53.1,363.6,61.3,376.8,NA,NA,NA,NA
469,NA,NA,UNKN,NA,NA,Log,,A,,NA,,4,2,,G,,NA,,NA,,NA,NA,,NA,,,,no tag,,,,,,36.9,28.9,57.4,387.8,NA,NA,NA,NA,NA,NA
469,NA,NA,UNKN,NA,NA,Log,,A,,NA,,4,2,,G,,NA,,NA,,NA,NA,,NA,,,,no tag,,,,,,53,36.3,58.7,388.1,54.5,398.7,NA,NA,NA,NA
474,NA,NA,UNKN,NA,NA,Log,,A,,NA,,5,3,,G,,NA,,NA,,NA,NA,,NA,,,,no tag,,,,,,22.7,8.9,64.1,337.1,69.5,340.5,NA,NA,NA,NA
478,NA,NA,UNKN,NA,NA,Log,,A,,NA,,4,2,,G,,NA,,NA,,NA,NA,,NA,,,,no tag,,,,,,18.5,11,64.3,376.8,58.3,373,NA,NA,NA,NA
488,NA,NA,UNKN,NA,NA,Log,,A,,C,,4,2,,G,,NA,,NA,,NA,NA,,NA,,,,no tag,,,,,,30.8,14.3,NA,NA,NA,NA,NA,NA,NA,NA
814,NA,NA,UNKN,NA,NA,Log,,A,,F,,4,2,,G,,NA,,NA,,NA,NA,,NA,,,,"previously recorded, no tag",,,,,,71.5,75.4,4.4,3,1.1,4.7,NA,NA,NA,NA
822,NA,NA,UNKN,NA,NA,Log,,A,,F,,5,3,,G,,NA,,NA,,NA,NA,,NA,,,,"previously recorded, no tag",,,,,,82.9,11.2,0,3,2,3.5,NA,NA,NA,NA
831,NA,NA,UNKN,NA,NA,Log,,A,,F,,5,3,,G,,NA,,NA,,NA,NA,,NA,,,,"previously recorded, no tag",,,,,,33.8,19.6,0.5,9,NA,NA,NA,NA,NA,NA
854,NA,NA,UNKN,NA,NA,Log,,A,,F,,4,2,,G,,NA,,NA,,NA,NA,,NA,,,,"new, no tag",,,,,,25,14.5,NA,NA,NA,NA,NA,NA,NA,NA
855,NA,NA,UNKN,NA,NA,Log,,B,,F,,4,2,,G,,NA,,NA,,NA,NA,,NA,,,,"new, no tag",,,,,,12,9.6,NA,NA,NA,NA,NA,NA,NA,NA
868,NA,NA,UNKN,NA,NA,Log,,A,,C,,4,2,,G,,NA,,NA,,NA,NA,,NA,,,,"previously recorded, no tag",,,,,,32.6,22,2.6,2.9,1.8,8.7,NA,NA,NA,NA
868,NA,NA,UNKN,NA,NA,Log,,A,,F,,4,2,,G,,NA,,NA,,NA,NA,,NA,,,,"previously recorded, no tag",,,,,,22.7,21.4,8.7,9,0.9,7.6,NA,NA,NA,NA
868,NA,NA,UNKN,NA,NA,Log,,B,,F,,4,2,,G,,NA,,NA,,NA,NA,,NA,,,,"new, no tag",,,,,,19.8,18.6,NA,NA,NA,NA,NA,NA,NA,NA
892,NA,NA,UNKN,NA,NA,Log,,A,,C,,5,3,,G,,NA,,NA,,NA,NA,,NA,,,,"previously recorded, no tag",,,,,,31.2,20.8,9.6,2,3.9,3.1,NA,NA,NA,NA
4710,NA,NA,UNKN,NA,NA,Log,,A,,NA,,4,2,,G,,NA,,NA,,NA,NA,,NA,,,,no tag,,,,,,28.9,18.5,66.8,396.5,67.7,397.6,NA,NA,NA,NA
4710,NA,NA,UNKN,NA,NA,Log,,B,,NA,,NA,NA,,NA,,NA,,NA,,NA,NA,,NA,,,,not found,,,,,,NA,NA,67.7,397.6,65.2,400.4,NA,NA,NA,NA
4810,NA,NA,UNKN,NA,NA,Log,,A,,NA,,4,2,,G,,NA,,NA,,NA,NA,,NA,,,,no tag,,,,,,33.6,28.2,78.8,399.1,NA,NA,NA,NA,NA,NA
8910,NA,NA,UNKN,NA,NA,Log,,A,,C,,4,2,,G,,NA,,NA,,NA,NA,,NA,,,,"previously recorded, no tag",,,,,,63.2,47,4.8,5,3.7,0.4,NA,NA,NA,NA
8910,NA,NA,UNKN,NA,NA,Log,,A,,F,,4,2,,G,,NA,,NA,,NA,NA,,NA,,,,"previously recorded, no tag",,,,,,25.8,20.9,6.4,1.7,NA,NA,NA,NA,NA,NA