tag,h,x,y,quadrat,bottom.corrx,bottom.corry,top.corrx,top.corry,species,sp.num,stem.id,piece.id,windthrow,cut,decay,type,dbh,ht.m,top.dbh,end.dbh,length,notes,
10220,1,3,5,135,26.2,43.6,,,,,,A,N,N,3,standing broken,20.7,2.5,16.3,,,,
10220,1,3,5,135,25.2,43.6,20.1,46.1,,,,B,N,N,3,standing broken,16.3,,,9.8,5.4,,
10121,1,1,4,114,7.1,34.8,7.4,25.1,,,,A,W,N,1,live buds,29.6,,,,8.7,live buds,
10117,1,1,4,114,2.3,33.4,11.1,33.6,,,,A,W,N,1,live buds,23.8,,,11.3,8.7,live buds,
10216,1,3,4,134,23.7,31.8,,,,,,A,N,N,2,standing dead,15.7,,,,,,
10213,1,3,3,133,27,27.1,,,,,,A,N,N,2,standing dead,30.9,,,,,,
10323,1,4,4,144,38.6,32.3,37.2,35.4,,,,A,N,N,2,lying whole,12.6,,,8,3.2,,
10337,1,4,5,145,38.6,44.2,,,,,,A,N,N,3,stump,,,,,,,
10430,1,5,3,153,40.7,26.2,23.3,35.8,,,,A,W,N,1,live buds,30,,,11.3,18.7,live buds,
no tag,1,2,2,122,16.7,19.1,5.1,16.9,,,,A,N,N,3,lying whole,47,,,19.4,11.4,,
10302,1,4,1,141,34.8,3.8,,,,,,A,N,N,3,standing broken,39.4,6.1,25.3,,,,
10302,1,4,1,141,36.4,0.7,44.6,0.8,,,,B,N,N,3,standing broken,25.3,,,23.3,7.8,,
10304,1,4,1,141,33,1.5,,,,,,A,N,N,3,standing dead,41,,,,,,
10408,1,5,1,151,45.7,2.1,,,,,,A,N,N,3,standing broken,30,4.6,28,,,,
10408,1,5,1,151,43.2,1.9,45.3,19.9,,,,B,N,N,3,standing broken,28,,,11.1,17.1,,
no tag,1,4,2,142,39.3,14.5,,,,,,A,N,N,3,stump,,,,,,,
10312,1,4,2,142,37.1,15.6,,,,,,A,N,N,3,standing broken,38,7.3,24.1,,,,
10312,1,4,2,142,37.5,18.1,45.3,18.3,,,,B,N,N,3,standing broken,24.1,,,15.3,7.7,,
no tag,1,5,3,153,43.8,20.5,,,,,,A,N,N,3,stump,,,,,,,
10426,1,5,3,153,40.5,26.2,,,,,,A,W,N,1,live buds,,,,,,,
10425,1,5,3,153,46.9,25.8,46.2,35.9,,,,A,N,N,3,lying whole,59.3,,,50.6,9.4,,
10453,1,5,5,155,48.1,47.9,,,,,,A,N,N,3,standing broken,31.5,3,27,,,,
10453,1,5,5,155,46.8,48.2,37.1,48.8,,,,B,N,N,3,standing broken,27,,,15.7,9.4,,
no tag,1,1,10,1110,0,93,3.5,93.8,,,,A,N,N,3,lying whole,14.5,,,9,4.1,,
no tag,1,1,10,1110,2,94.7,3.8,95.4,,,,A,N,N,3,lying whole,5.2,,,4.2,2.2,,
no tag,1,1,10,1110,8.3,92.2,9.1,96,,,,A,N,N,3,lying broken,11.1,,,8.7,4.2,,
no tag,1,1,10,1110,8.9,97.2,10.2,96.6,,,,B,N,N,3,lying broken,7.9,,,6.7,1.8,,
10509,1,1,10,1110,9.8,96,,,,,,A,N,N,2,standing dead,14.8,,,,,,
10277,1,3,10,1310,20.2,90.3,,,,,,A,N,N,2,standing broken,6.5,2.3,5.3,,,,
10277,1,2,9,129,19.3,89.5,20.8,89.7,,,,B,N,N,2,standing broken,5.3,,,4,1.6,,
no tag,1,3,10,1310,29,91.1,30.7,97.7,,,,A,N,N,3,lying whole,20.1,,,17.2,7,,
no tag,1,3,9,139,21.4,86.4,,,,,,A,N,N,3,stump,,,,,,,
no tag,1,3,9,139,29.6,82,28.1,87.6,,,,A,N,N,2,lying whole,7.6,,,3.5,5.9,,
10199,1,1,9,119,8.7,89.4,14.7,84.2,,,,A,N,N,2,lying broken,16.2,,,12.8,8.4,,
10199,1,2,9,129,15.2,80.7,14.9,82.1,,,,B,N,N,2,lying broken,12.2,,,11.6,1.4,,
10199,1,2,9,129,16.1,80.6,15.5,82,,,,C,N,N,2,lying broken,11.7,,,11.4,2,,
no tag,1,1,8,118,3.3,77.9,,,,,,A,N,N,3,stump,,,,,,,
no tag,1,3,8,138,22.2,71.8,3.1,67,,,,A,N,N,3,lying whole,43.6,,,11.5,21.5,,
no tag,1,3,8,138,25.3,72.4,37.1,60.1,,,,A,N,N,3,lying whole,35,,,26.9,17.9,,
10069,1,2,7,127,14.8,66.3,,,,,,A,N,N,3,standing dead,61.2,,,,,,
no tag,1,1,6,116,4.6,58.1,29.5,49.1,,,,A,W,N,3,lying whole,53.1,,,25.5,28.3,,
no tag,1,2,6,126,19,59.8,33.7,58.7,,,,A,W,N,3,lying whole,41.3,,,18.5,16,,
no tag,1,3,6,136,21.1,56.8,22.9,55.1,,,,A,N,N,3,lying whole,12.5,,,9.3,2.5,,
no tag,1,2,7,127,19.8,60.8,20.9,54.6,,,,A,N,N,3,lying whole,21,,,10.9,6.7,,
no tag,1,2,7,127,19.9,61.4,29.5,60.1,,,,A,W,N,3,lying whole,39,,,34.1,10.4,,
no tag,1,4,6,146,38.6,51.8,45.3,53,,,,A,W,N,3,lying whole,18,,,9.2,7.4,,
10454,1,5,6,156,46.2,53.8,,,,,,A,N,N,3,stump,,,,,,,
10455,1,5,6,156,46.8,53.5,,,,,,A,N,N,2,standing broken,13.1,2.5,,,,no top,
no tag,1,4,7,147,39.7,61.9,43.3,42.8,,,,A,N,N,3,lying whole,38.8,,,8.5,19,,
10353,1,4,7,147,36.2,66.7,,,,,,A,N,N,2,standing broken,13.5,2.5,12.1,,,,
10353,1,4,7,147,36.7,65.8,40.4,63.6,,,,B,N,N,2,standing broken,12.1,,,8.2,7.4,,
no tag,1,4,7,147,36.7,69.7,,,,,,A,N,N,3,stump,,,,,,,
no tag,1,4,7,147,35.6,67.7,,,,,,A,N,N,3,stump,,,,,,,
no tag,1,3,8,138,28.2,77.6,35.9,68.6,,,,A,N,N,3,lying whole,27.7,,,17.5,12.4,,
no tag,1,3,8,138,30,77.6,,,,,,A,N,N,3,lying whole,34.9,,,18.5,19.5,,
no tag,1,4,8,148,32.5,78.1,39.9,70.8,,,,A,N,N,3,lying whole,22.7,,,4.9,11,,
10470,1,5,9,159,47.1,83.7,,,,,,A,W,N,1,live buds,,,,,,,
no tag,1,5,9,159,45,83.7,45.6,71.3,,,,A,W,N,3,lying whole,52.2,,,43.8,13,,
no tag,1,4,9,149,37.8,82.9,,,,,,A,N,N,3,stump,,,,,,,
no tag,1,4,9,149,38.6,84.3,50.5,95.5,,,,A,W,N,3,lying whole,34.4,,,20.2,17.2,,
no tag,1,4,9,149,39.2,82.8,50,90.2,,,,A,W,N,3,lying whole,32.6,,,24.4,22.9,,
no tag,1,4,9,149,32.3,83.4,36.6,100.1,,,,A,W,N,3,lying whole,55.4,,,31,22.4,,
10384,1,4,9,149,30.8,82.1,,,ARSP2,,,A,N,N,2,standing dead,2.7,,,,,,
10688,1,4,9,149,31.8,83.1,,,,,,A,N,N,2,standing dead,1.7,,,,,,
10628,1,6,4,164,54.7,38,,,,,,A,N,N,3,standing broken,24.7,2.8,20.8,,,,
10628,1,6,4,164,54.6,38.9,54.3,44.7,,,,B,N,N,3,standing broken,20.8,,,14.3,6.2,,
10627,1,6,4,164,54.1,36.7,54,38.4,,,,A,N,N,2,standing dead,1.4,,,,,,
10572,1,7,5,175,61.9,47.4,,,,,,A,N,N,3,standing broken,39.8,9.1,31.8,,,,
10572,1,7,5,175,61.1,49.6,59.1,49.9,,,,B,N,N,3,standing broken,31.8,,,27.7,2.5,,
10570,1,7,5,175,67.7,46.3,,,,,,A,N,N,2,standing dead,16.2,,,,,,
no tag,1,8,4,184,74.1,37,74,45.8,,,,A,N,N,3,lying whole,39.7,,,19.3,9.1,,
no tag,1,8,4,184,78.1,37.2,85.8,43.8,,,,A,N,N,3,lying whole,13.4,,,5.6,10.7,,
11014,1,8,4,184,76.3,32.3,,,,,,A,N,N,3,standing dead,31.8,,,,,,
11015,1,8,4,184,71.1,32.3,,,,,,A,N,N,2,standing broken,17.6,4,,,,no top,
no tag,1,9,4,194,81.8,36.9,,,,,,A,N,N,3,stump,,,,,,,
10871,1,9,4,194,84,30.7,,,,,,A,N,N,3,standing broken,13.3,1.3,,,,no top,
no tag,1,6,3,163,54.3,26.3,42.8,41.3,,,,A,W,N,3,lying whole,35.3,,,19.2,14.3,,
10555,1,7,3,173,66.2,22.1,,,,,,A,N,N,1,standing broken,55.8,17,38.6,,,,
10555,1,7,3,173,69.9,21.3,60,23.6,,,,B,N,N,1,standing broken,38.6,,,13,10.9,,
10554,1,7,3,173,62.4,21.1,,,,,,A,N,N,2,standing broken,9.2,1.7,,,,no top, 
10610,1,6,2,162,58.5,14.4,,,,,,A,N,N,3,standing broken,68.9,15,43.3,,,,
10610,1,6,2,162,55.6,13.9,55.8,16.4,,,,B,N,N,3,standing broken,43.3,,,43.3,2.5,"end very decayed, using only 1 dbh",
10801,1,9,1,191,81.2,0.8,,,,,,A,N,N,3,standing broken,36.9,2.1,29.6,,,,
10801,1,9,1,191,81,1.6,87.3,14.8,,,,B,N,N,3,standing broken,29.6,,,21.1,15.6,,
no tag,1,10,3,1103,98.1,20.2,94.3,18,,,,A,N,N,3,lying whole,22.4,,,16.6,4.6,,
no tag,1,6,10,1610,57.6,92.2,57.4,86.1,,,,A,N,N,3,lying whole,15.3,,,5.7,6.1,,
no tag,1,6,10,1610,57,90.9,64.8,71,,,,A,N,N,3,lying whole,30.8,,,9.7,20.6,,
10599,1,7,10,1710,62.4,90.8,,,,,,A,N,N,2,standing broken,17.5,2,16.8,,,,
10599,1,7,10,1710,63.4,90,58.5,83.7,,,,B,N,N,2,standing broken,16.8,,,5.2,7.9,,
10656,1,6,9,169,57.6,85.1,64.7,69.4,,,,A,W,N,2,lying whole,35.6,,,18,17,,
10585,1,7,9,179,63.2,83.7,,,,,,A,N,N,3,standing broken,33.4,13.7,25.7,,,,
10585,1,7,8,178,64.6,77.7,64.7,73.2,,,,B,N,N,3,standing broken,25.7,,,21.2,4.4,,
no tag,1,8,9,189,74.5,89.2,78,86.2,,,,A,N,N,3,lying whole,8.9,,,2.5,4.4,,
no tag,1,8,9,189,74.4,87.8,75.7,72.7,,,,A,N,N,3,lying whole,16.3,,,10,14.4,,
no tag,1,8,9,189,73.7,87.8,76.2,62.3,,,,A,N,N,3,lying whole,55.5,,,24.8,24.6,,
no tag,1,6,9,169,57.1,80.1,,,,,,A,N,N,3,stump,,,,,,,
10647,1,6,8,168,54.9,72.5,,,,,,A,N,N,2,live buds,19.1,,,,,,
11064,1,8,8,188,70.9,71.4,73.2,55.1,,,,A,N,N,2,standing broken,32,2,9.5,,,"stump split, dbh measured at second piece",
11051,1,8,7,187,76.2,60.6,73.8,60.6,,,,A,N,N,3,lying whole,16.5,,,14.8,2.6,,
11207,1,9,6,196,89.6,58.1,,,,,,A,N,N,3,standing dead,10,,,,,,
no tag,1,9,7,197,87.3,61.2,,,,,,A,N,N,3,stump,,,,,,,
no tag,1,9,8,198,83.4,79.6,84,61.1,,,,A,N,N,2,lying whole,47.5,,,39.8,17.7,,
no tag,1,9,8,198,82.4,79.9,,,,,,A,N,N,2,stump,,,,,,,
no tag,1,9,8,198,84.1,75.8,84,71.3,,,,A,N,N,2,lying whole,29,,,22,4.4,,
no tag,1,9,9,199,82.5,88.1,80.1,79.3,,,,A,N,N,3,lying whole,36,,,30.6,8.5,,
no tag,1,10,9,1109,91.7,85.4,,,,,,A,N,N,3,stump,,,,,,,
no tag,1,10,9,1109,97.8,83.6,96.2,73.3,,,,A,N,N,3,lying whole,61.5,,,50,9.9,,
70002,2,10,9,2109,100.2,187.8,99.8,186.4,,,,E,N,N,2,standing broken,23,,,21.9,,,
70002,2,10,9,2109,99.3,183.2,98.4,184.3,,,,F,N,N,6,standing broken,22.5,,,21.2,,,
no tag,2,1,5,215,9.8,146.9,29.2,147.7,,,,A,N,N,3,lying whole,21,,,10.3,18.8,,
20132,2,2,4,224,17.1,137.8,,,,,,A,N,N,2,standing broken,9.8,2.5,,,,,
20132,2,2,4,224,17.3,138.3,20.5,139.4,,,,B,N,N,2,standing broken,9.7,,,9.5,3.2,,
no tag,2,4,4,244,32.8,139.5,,,,,,A,N,N,3,stump,,,,,,,
21541,2,4,4,244,30.5,134.5,,,,,,A,N,N,2,standing dead,39.7,,,,,,
no tag,2,3,3,233,21.6,126.2,,,,,,A,N,N,3,stump,,,,,,,
no tag,2,3,3,233,24,120.5,13.1,120.7,,,,A,N,N,3,lying whole,16.7,,,15.1,10.5,,
no tag,2,3,3,233,27.7,122.9,19.1,114.2,,,,A,N,N,2,lying whole,14.6,,,7.2,11.1,,
21529,2,3,2,232,20.8,115.8,15.2,120.2,,,,A,N,N,2,lying whole,7.6,,,5.3,6.9,,
20109,2,2,2,222,15.8,117.7,5.6,120.2,,,,A,N,N,2,lying whole,11.7,,,5.1,10.4,,
20321,2,3,2,232,29.9,116.4,16.2,110.8,,,,A,N,N,3,lying whole,15.8,,,4.4,13.8,,
20006,2,1,1,211,8.5,105.7,1,104.1,,,,A,N,N,2,lying whole,12.5,,,7.8,9.1,,
20306,2,3,1,231,29.3,104.3,41,99.4,,,,A,N,N,2,lying whole,24.8,,,17.3,12,,
20239,2,4,2,242,33.1,110.6,,,,,,A,N,N,2,standing dead,70.4,,,,,,
20450,2,5,5,255,48.2,140.8,51.7,142.7,,,,A,N,N,2,lying whole,7.9,,,2.9,4.5,,
no tag,2,5,5,255,48.1,148,52.9,152.7,,,,A,N,N,3,lying whole,10.5,,,7.7,6.9,,
20207,2,1,9,219,3.7,183.4,5.6,181.2,,,,A,N,N,2,lying whole,9.7,,,9.4,2.7,,
20223,2,1,10,2110,5.5,196.9,,,,,,A,N,N,2,standing broken,8.3,0.95,8,,,,
20223,2,1,10,2110,5.8,196.5,5.7,195.8,,,,B,N,N,2,standing broken,8,,,7.4,0.9,,
20223,2,1,10,2110,6.2,195.7,5,194.1,,,,C,N,N,2,standing broken,7.4,,,6.1,2,,
20222,2,1,10,2110,5.5,196.9,,,,,,A,N,N,2,standing broken,11.2,1.4,11.1,,,,
20222,2,1,10,2110,5,196.5,8.3,190.6,,,,B,N,N,2,standing broken,11.1,,,4.3,6.7,,
20180,2,2,9,229,13.2,187.6,,,CACA18,14,,A,N,N,2,standing broken,8.3,1.3,7.5,,,,
20180,2,2,9,229,13.6,188,17.1,187.6,CACA18,14,,B,N,N,2,standing broken,7.5,,,5.7,3.3,,
no tag,2,2,9,229,15.4,183.6,,,,,,A,N,N,3,stump,,,,,,,
no tag,2,3,8,238,15.4,179.3,27.7,178.2,,,,A,N,N,2,lying whole,5,,,2.3,5.5,,
no tag,2,3,8,238,24.7,178.7,25.2,174.4,,,,A,N,N,2,lying whole,3.3,,,2.2,4,,
20527,2,4,9,249,33.2,180.4,35.6,178.1,,,,A,N,N,2,lying whole,11.3,,,5.3,3.4,,
20516,2,4,8,248,35.5,174.1,36.7,167.7,,,,A,N,N,2,lying whole,5.9,,,2.1,6.2,,
20552,2,4,10,2410,38.7,199.3,,,,,,A,N,N,2,standing broken,11.9,,,,,no top,
20587,2,5,10,2510,49.3,197.6,,,,,,A,N,N,2,standing dead,10.9,,,,,,
20488,2,5,8,258,40.8,178.5,,,,,,A,N,N,1,standing dead,13,,,,,,
20342,2,3,6,236,22.3,154.5,16,154.3,,,,A,N,N,2,lying whole,5.4,,,2.9,6.6,,
20288,2,4,6,246,31,157.9,23.7,155.4,,,,A,N,N,2,lying whole,21.8,,,5.7,7.9,,
20145,2,2,6,226,18.8,154.1,,,,,,A,N,N,1,standing broken,49.2,7,32.3,,,,
20145,2,2,6,226,18.4,153.7,9.3,138.7,,,,B,N,N,1,standing broken,32.3,,,7.3,16.2,,
20462,2,5,6,256,45,152.4,56.2,149.1,,,,A,N,N,2,lying whole,18.4,,,11.1,11.6,,
20759,2,6,5,265,51.7,145.7,53.8,146,,,,A,N,N,2,lying whole,4.3,,,4.2,2.2,,
20756,2,6,5,265,55.3,146.9,,,,,,A,N,N,2,standing dead,4.9,,,,,,
20743,2,6,4,264,57.4,137.3,56.5,141.7,,,,A,N,N,2,lying whole,4.7,,,2.8,4.4,,
no tag,2,6,5,265,57.7,141.3,,,,,,A,N,N,3,stump,,,,,,,
no tag,2,6,4,264,58.2,139.5,48.9,128.2,,,,A,N,N,3,lying whole,71.4,,,54,14.5,,
20645,2,7,4,274,63.6,134.8,63.6,132.8,,,,A,N,N,2,lying whole,6.4,,,,2,leaning,
21555,2,7,4,274,64.9,131.2,,,,,,A,N,N,2,standing broken,10.5,3,7.6,,,,
21555,2,7,4,274,64.2,129.9,64.1,126.8,,,,B,N,N,2,standing broken,7.6,,,6.1,3.2,,
20635,2,7,3,273,62.9,128.2,64.4,124.1,,,,A,N,N,2,lying whole,5,,,3.2,4.2,,
21558,2,8,4,284,75.6,131.7,76.5,136.1,,,,A,N,N,2,lying whole,5.7,,,4.6,4.8,,
20835,2,8,3,283,74.9,126.2,69,125.8,,,,A,N,N,2,lying whole,14.1,,,9.3,6,,
20718,2,6,3,263,51.1,121.1,,,,,,A,N,N,2,standing broken,12.9,4,9.6,,,,
20718,2,6,3,263,50.5,121,46.1,116.9,,,,B,N,N,2,standing broken,9.6,,,6.4,6.4,,
20718,2,5,2,252,46.1,115.9,45.6,114.4,,,,C,N,N,2,standing broken,5.5,,,2.4,1.9,,
20827,2,8,2,282,77.8,118.5,,,,,,A,N,N,2,standing dead,54.7,,,,,,
20820,2,8,2,282,76.8,114,,,,,,A,N,N,2,standing broken,21.7,4,17.8,,,,
20820,2,8,2,282,76.9,112.6,69.9,102.3,,,,B,N,N,2,standing broken,17.8,,,3.6,12.3,,
no tag,2,8,1,281,71.1,102.1,76.8,113.7,,,,A,N,N,2,lying whole,25.8,,,,13,,
20808,2,8,1,281,72.2,107.3,77,103.8,,,,A,N,N,1,lying whole,6,,,2.2,5.6,,
no tag,2,8,1,281,73.1,102.1,,,,,,A,N,N,3,stump,,,,,,,
20803,2,8,1,281,79.3,101.5,,,,,,A,N,N,2,standing dead,12.9,,,,,,
20625,2,7,2,272,67.2,111.7,68.5,110.8,,,,A,N,N,2,lying broken,6.2,,,5.1,2,,
20625,2,7,2,272,68.9,110.3,69.6,111.1,,,,B,N,N,2,lying broken,4.8,,,4.7,1.3,,
no tag,2,7,2,272,67.1,110,66.1,116.7,,,,A,N,N,3,lying whole,23.5,,,14,6.2,,
20708,2,6,2,262,53.9,111.9,,,,,,A,N,N,2,standing dead,33.2,,,,,,
no tag,2,6,1,261,58,107.8,55.5,104.5,,,,A,N,N,2,lying whole,8.8,,,8,4,,
20927,2,9,1,291,89.7,103,,,,,,A,N,N,2,standing dead,20.9,,,,,,
no tag,2,9,1,291,81.4,101.5,74.4,99.7,,,,A,N,N,3,lying whole,35.6,,,32.5,,,
no tag,2,10,2,2102,95.6,114.1,,,,,,A,N,N,3,stump,,,,,,,
20954,2,9,3,293,87.9,124.6,87.4,121.4,,,,A,N,N,2,lying whole,3.8,,,3,3.5,,
no tag,2,10,4,2104,98.6,129.9,98.3,126.5,,,,A,N,N,3,lying whole,19.6,,,13.2,2.9,,
20964,2,9,4,294,81.9,132.9,85.2,129,,,,A,N,N,2,lying whole,9.3,,,5.2,5.1,,
21566,2,9,4,294,82.4,136.2,84.8,134.5,,,,A,N,N,2,lying whole,6.1,,,6,2.9,,
20962,2,9,4,294,88.7,133.9,,,,,,A,N,N,2,standing dead,9,,,,,,
20970,2,9,4,294,85.6,139.5,,,,,,A,N,N,2,standing dead,6,,,,,,
20980,2,9,5,295,88.3,149.3,,,,,,A,N,N,2,standing broken,25.7,2.4,19.6,,,,
20980,2,9,5,295,86.1,149.8,82.3,138.9,,,,B,N,N,2,standing broken,19.6,,,13.1,10.8,,
20904,2,6,10,2610,53.3,190.8,,,LITU,41,,A,N,N,2,standing dead,17.1,,,,stump sprouts,,
20782,2,6,10,2610,49.9,190.2,,,,,,A,N,N,2,standing dead,5.4,1.3,,,,,
no tag,2,8,9,289,77.1,190.2,69,201,,,,A,N,N,3,lying whole,36.7,,,22.8,23.1,,
no tag,2,8,9,289,77.3,188.1,,,,,,A,N,N,3,stump,,,,,,,
21032,2,9,10,2910,86.7,192.7,83.8,192.5,,,,A,N,N,2,lying whole,4.7,,,3.7,3.2,,
21033,2,9,10,2910,85.2,193,89.8,195.8,,,,A,N,N,2,lying whole,5.1,,,2.1,5.6,,
21119,2,8,9,289,69.8,182.9,67.2,176.8,,,,A,N,N,3,lying whole,15.9,,,7.7,7.3,,
20690,2,7,8,278,69.8,172.9,87.7,168.8,,,,A,N,N,2,lying broken,24,,,13.2,19.7,,
20690,2,9,7,297,87.3,168.6,85.2,168.5,,,,B,N,N,2,lying broken,14.8,,,10.8,2.5,,
20878,2,8,8,288,76.4,170.3,,,,,,A,N,N,2,standing broken,5.6,1.5,5.5,,,,
20878,2,8,8,288,77,170.3,80,172.1,,,,B,N,N,2,standing broken,5.5,,,3.8,3.8,,
20875,2,8,7,287,70.4,166.9,,,CACA18,14,,A,N,N,2,stump,,,,,,,
20887,2,8,8,288,72.1,175.4,,,,,,A,N,N,2,standing broken,42.3,14,31.7,,,,
20887,2,8,8,288,70.7,177.9,71.3,167,,,,B,N,N,2,standing broken,31.7,,,21.5,11.2,,
20887,2,8,7,287,71.3,166.3,70.1,163.9,,,,C,N,N,2,standing broken,20.8,,,17.4,3,,
20887,2,8,7,287,72.8,162.3,69.9,162,,,,D,N,N,2,standing broken,15.7,,,14.3,3.1,,
no tag,2,7,7,277,68.2,166.1,,,,,,A,N,N,3,stump,,,,,,,
no tag,2,7,6,276,64.8,151,61.3,153.8,,,,A,N,N,3,lying whole,68.9,,,39.5,4.7,,
no tag,2,8,6,286,74.1,151.5,80,158.4,,,,A,N,N,3,lying whole,12.5,,,10.6,9.8,,
20988,2,9,3,293,88,151.8,,,,,,A,N,N,2,standing broken,,,,,,live buds,
21098,2,10,6,2106,91.4,155.2,93.2,153,,,,A,N,N,2,lying whole,5.4,,,3.7,3,,
21005,2,9,7,297,89.1,162.2,91.1,164.4,,,,A,N,N,2,lying whole,9.8,,,8.8,2.9,,
21233,2,10,8,2108,97.4,170.7,,,,,,A,N,N,2,standing broken,7.8,1.5,6.4,,,,
21233,2,10,8,2108,97,171.3,100.7,172.9,,,,B,N,N,2,standing broken,6.4,,,5.7,4.3,,
21253,2,10,9,2109,90.9,180.9,,,,,,A,N,N,2,standing broken,20.2,6,16.5,,,,
21253,2,10,9,2109,91.7,181.4,89.9,179,,,,B,N,N,2,standing broken,16.5,,,14.8,3,,
21253,2,9,8,298,89.2,178.8,84.9,175.1,,,,C,N,N,2,standing broken,14.8,,,8.2,6.1,,
21256,2,10,9,2109,93.5,181,,,,,,A,N,N,2,standing dead,16.5,,,,,,
21257,2,10,9,2109,93.5,181,,,,,,A,N,N,2,standing dead,6,,,,,,
30050,3,1,5,315,1.4,240.5,9.2,248.2,,,,A,N,N,2,lying whole,34.7,,,20.4,10,,
30145,3,2,5,325,11.7,244.4,,,,,,A,N,N,3,standing dead,26.5,,,,,leaning on 030142,
30154,3,2,5,325,18.9,248.2,,,,,,A,N,N,3,standing broken,20.8,,15.5,,,,
30154,3,2,5,325,16.8,246.5,13.1,246.1,,,,B,N,N,3,standing broken,15.5,,,13.1,3.8,,
30154,3,2,5,325,12.6,246.5,10.8,246.8,,,,C,N,N,3,standing broken,12.8,,,11.2,1.8,,
30243,3,3,5,335,23.3,245.7,20.7,252.4,,,,A,N,N,3,lying whole,50.9,,,44.5,6.5,,
no tag,3,3,5,335,24.4,241.6,41.6,235.1,,,,A,N,N,3,lying whole,22.2,,,13.2,17.6,,
no tag,3,4,4,344,39.2,234.3,45.1,225.8,,,,A,N,N,2,lying whole,16.8,,,11.7,9.6,,
no tag,3,5,3,353,47.1,223.5,39.9,217.7,,,,A,N,N,3,lying whole,19.3,,,15.7,8.3,,
no tag,3,4,2,342,30,210.4,49,214.7,,,,A,N,N,3,lying whole,59,,,42.6,18.6,,
no tag,3,3,5,335,20.3,245.7,12,232.3,,,,A,N,N,3,lying whole,27,,,14.6,14.4,,
no tag,3,2,4,324,12.9,235.1,2.8,227.3,,,,A,N,N,3,lying whole,32.7,,,8.4,11.9,,
no tag,3,2,3,323,11.6,226.3,,,,,,A,N,N,3,standing broken,,,19.1,,,stump,
no tag,3,2,3,323,8.1,229.2,7.6,232.9,,,,B,N,N,3,standing broken,19.1,,,16.6,3.3,,
no tag,3,2,3,323,7.7,233.7,8.3,235.1,,,,C,N,N,3,standing broken,16,,,15.7,1.9,,
no tag,3,1,2,312,7.9,216.1,9.1,204.1,,,,A,N,N,3,lying whole,24.2,,,15,10.9,,
no tag,3,3,2,332,29.6,213.4,,,,,,A,N,N,3,lying whole,30.8,,,11.8,19.4,,
30201,3,3,1,331,21.7,201.3,20.9,204.9,,,,A,N,N,2,lying whole,7.7,,,6.9,3.6,,
30209,3,3,1,331,26.4,206.3,23.5,205.4,,,,A,N,N,3,lying broken,16.7,,,16.2,2.8,,
30209,3,3,1,331,25.5,206.5,15,210,,,,B,N,N,3,lying broken,16.5,,,7.6,10.6,,
30424,3,5,1,351,43.4,200.8,74,206.7,,,,A,W,N,1,lying whole,93.4,,,14.6,6.4,,
no tag,3,1,10,3110,8.6,297.9,,,,,,A,N,N,3,stump,,,,,,,
no tag,3,1,10,3110,9.6,293.1,,,,,,A,N,N,3,stump,,,,,,,
30610,3,2,10,3210,14.7,295.8,12,295.8,CACA18,14,,A,N,N,3,lying whole,12.8,,,10.2,2.6,,
30606,3,2,10,3210,18.3,290.5,20.4,293.8,,,,A,N,N,3,lying broken,12.8,,,12.7,4.1,,
30606,3,2,10,3210,20.8,294.6,23.2,297.4,,,,B,N,N,3,lying broken,10.7,,,9.8,3.4,,
30606,3,2,10,3210,22.7,297.7,24.5,299.8,,,,C,N,N,3,lying broken,9.8,,,9.3,2.4,,
30198,3,2,9,329,13.8,287.8,22.1,285.4,,,,A,N,N,3,lying whole,21.2,,,8.3,8.8,,
no tag,3,2,8,328,18.5,279.3,,,,,,A,N,N,3,stump,,,,,,,
no tag,3,1,8,318,8,276.8,11.9,261.7,,,,A,N,N,3,lying whole,23.8,,,12.5,14.9,,
no tag,3,4,7,347,30.1,263,22.1,270.8,,,,A,N,N,2,lying whole,12.2,,,7.7,11.4,,
30911,3,4,7,347,30.8,263.9,25.7,269.7,,,,A,N,N,3,lying whole,22.8,,,13.2,7.4,,
30073,3,1,6,316,8.5,256.8,,,,,,A,W,N,1,lying whole,42.5,,,,9.24,,
30066,3,1,6,316,0.4,254.6,,,,,,A,W,N,1,lying whole,35.3,,,24.4,4.2,,
no tag,3,3,6,336,20.9,255.2,,,,,,A,N,N,3,stump,,,,,,,
no tag,3,3,6,336,26.5,255.2,,,,,,A,N,N,3,stump,,,,,,,
30259,3,3,6,336,27.9,259.4,,,,,,A,N,N,1,live buds,,,,,,,
30822,3,5,6,356,41.7,255.1,45.7,266.9,,,,A,N,N,2,lying whole,33.2,,,22.8,11.6,,
30832,3,5,6,356,41.1,258.4,41,271.6,,,,A,N,N,2,lying whole,11.6,,,5.1,12.8,,
30837,3,5,7,357,41.1,262.6,34,262.3,,,,A,N,N,2,lying whole,7.9,,,3.8,7.3,,
no tag,3,5,7,357,41.9,264.8,,,,,,A,N,N,3,stump,,,,,,,
30871,3,5,8,358,44.1,273.8,32.3,268.5,,,,A,N,N,2,lying whole,35.7,,,20.8,13.3,,
30915,3,4,7,347,36.8,269.6,42.6,268.3,,,,A,N,N,2,standing broken,8.5,,,3.3,6.2,connected,
30941,3,4,8,348,37.5,276.6,34.3,276.5,,,,A,N,N,3,lying broken,12.4,,,12.3,3.4,,
30941,3,4,8,348,34.6,277.7,31.6,275.7,,,,B,N,N,3,lying broken,12.3,,,9.7,2.9,,
30883,3,5,10,3510,49.4,292.5,45.9,283.1,,,,A,N,Y,2,lying broken,,,,13.8,9.7,,
30498,3,4,9,349,32,280.6,35,284,,,,A,N,N,3,lying broken,14.2,,,13.8,4.4,,
30498,3,4,9,349,34.6,285,35.5,285.8,,,,B,N,N,3,lying broken,13.5,,,12.9,1.3,,
30498,3,4,9,349,35,286.4,36.1,287,,,,C,N,N,3,lying broken,12.9,,,9.6,1.2,,
no tag,3,9,4,394,81.4,234.2,81.4,237,,,,A,N,N,3,lying whole,55.9,,,,2.5,,
31477,3,10,5,3105,95.5,245.7,93.1,245.5,,,,A,N,N,2,lying whole,4.7,,,4,2.4,,
31472,3,10,5,3105,98,243.5,,,,,,A,N,N,2,standing dead,11.2,,,,,,
31455,3,10,4,3104,95.5,237.6,,,,,,A,N,N,2,standing dead,10.7,4,,,,,
no tag,3,10,4,3104,94,238.7,94.3,235.3,,,,A,N,N,3,lying whole,8.3,,,5.9,3.1,,
31077,3,9,4,394,85.8,233.9,78.1,216.1,,,,A,N,N,3,lying broken,97,,,74.4,17.5,,
31077,3,8,2,382,77,215.2,79.5,212.2,,,,B,N,N,3,lying broken,60.5,,,55.5,3.6,,
31077,3,8,2,382,77.3,211.9,77,208.4,,,,C,N,N,3,lying broken,38.6,,,36,3.5,,
31077,3,8,1,381,80,210,78.7,209.7,,,,D,N,N,3,lying broken,37.4,,,37,1.2,,
31077,3,9,1,391,80.2,205.6,80.4,208.4,,,,E,N,N,3,lying broken,36.3,,,36.3,2.4,,
30618,3,6,1,361,53.5,200.3,,,,,,A,W,N,1,lying whole,45.3,,,,28,leaning,
30622,3,6,1,361,58.8,202.3,,,,,,A,W,N,1,lying whole,33,,,,20,leaning,
30528,3,7,1,371,62.7,204.4,61.7,205.4,,,,A,N,N,1,standing broken,37.1,3,30.7,,,,
30528,3,7,1,371,61.7,205.4,72.9,203.8,,,,B,N,N,1,standing broken,30.7,,,20.6,10.8,,
30624,3,6,1,361,53.9,202.1,54.7,202.9,,,,A,N,N,1,standing broken,32.4,4,25.7,,,,
30624,3,6,1,361,54.7,202.9,70.1,203.2,,,,B,N,N,1,standing broken,25.7,,,18.7,14.8,,
31169,3,7,10,3710,67.2,294.4,66,296.6,COFL2,22,,A,N,N,2,lying whole,7.9,,,7.5,2.8,,
no tag,3,10,10,31010,92.7,291.6,96.2,298.3,,,,A,N,N,3,lying whole,9.5,,,5.6,7.8,,
no tag,3,9,10,3910,87.8,297.4,92.9,294.6,,,,A,N,N,3,lying whole,12.4,,,8.9,6.1,,
no tag,3,10,9,3109,92.7,282.3,88.6,280.9,,,,A,N,N,3,lying whole,12.9,,,10.5,4.7,,
31340,3,8,9,389,72.2,289.5,,,,,,A,N,N,2,standing dead,20.9,,,,,,
31343,3,8,10,3810,73.8,290.9,,,,,,A,N,N,2,standing broken,9.7,3,,,,,
31343,3,8,10,3810,74.1,290.5,72,287.1,,,,B,N,N,2,standing broken,,,,4.9,,,
no tag,3,10,8,3108,97.6,276.6,94.1,274.9,CACA18,14,,A,N,N,3,lying broken,9,,,7.2,4.4,,
no tag,3,10,8,3108,94.1,274.9,97.8,272.7,CACA18,14,,B,N,N,3,lying broken,7.2,,,4.7,4.6,,
31614,3,10,7,3107,96.7,269.1,,,,,,A,N,N,2,standing dead,5.2,,,,,,
no tag,3,7,8,378,68,272.1,62.6,275.4,,,,A,N,N,3,lying whole,8.5,,,5.2,6.6,,
31137,3,7,8,378,67,272.1,69.8,274,,,,A,N,N,2,lying whole,8.9,,,8.2,3.8,,
31303,3,8,7,387,74,269.7,,,,,,A,N,N,3,stump,,,,,,,
31303,3,8,8,388,73.8,271.6,73.7,267.8,,,,B,N,N,3,lying broken,9.8,,,7.8,3.8,,
no tag,3,6,6,366,57.7,253.2,60.2,257.4,,,,A,N,N,3,lying whole,12.2,,,10,4.8,,
no tag,3,7,6,376,68.4,260.1,75.3,259.8,,,,A,N,N,3,lying whole,30.7,,,28,7.5,,
31120,3,7,7,377,61,264.1,60.7,264.7,,,,A,N,N,2,standing broken,9,1.5,9,,,,
31120,3,7,7,377,60.7,264.7,62.5,265.3,,,,B,N,N,2,standing broken,9,,,7.1,2.2,,
31129,3,7,7,377,66.2,261.5,65.5,261.7,,,,A,N,N,2,standing broken,8,2,6.6,,,,
31129,3,7,7,377,65.5,261.7,61.9,262.5,,,,B,N,N,2,standing broken,6.6,,,5,3.9,,
no tag,3,9,10,3910,,,79.2,314.2,,,,A,N,N,3,lying whole,28.3,,,10.4,14,,
40263,4,3,4,434,21.9,332.9,,,CACA18,14,1,A,N,N,3,stump,,,,,,,
40203,4,3,1,431,19.9,303,,,,,1,A,W,Y,1,lying cut,46.5,1.3,,,,,
40203,4,3,1,431,20.5,304.9,22.8,304.9,,,,B,W,Y,1,lying cut,46.5,,,39.7,2.3,,
40203,4,2,1,421,19.2,306.3,21,307.9,,,,C,W,Y,1,lying cut,43.8,,,40.5,2.5,,
40203,4,3,1,431,23.4,298.6,22.8,300.7,,,,D,W,Y,1,lying cut,39.1,,,38.4,2,,
40203,4,3,1,431,26.5,301.3,27.8,299.7,,,,E,W,Y,1,lying cut,39.1,,,37.6,2,,
40203,4,3,1,431,26.3,302.3,27.4,300.7,,,,F,W,Y,1,lying cut,38.9,,,35.6,2,,
40203,4,3,1,431,29.8,304.8,30,306,,,,G,W,Y,1,lying cut,38.2,,,37.7,1.5,,
40203,4,3,1,431,28.9,301.5,34.7,311.1,,,,H,W,Y,1,lying cut,36.1,,,32.3,10.4,,
40772,4,4,3,443,36.8,329.8,38.3,321.3,,,,A,N,N,2,standing broken,66,13,31.9,,,,
40772,4,4,3,443,38.3,321.3,38.3,325.8,,,,B,N,N,2,standing broken,31.9,,,30.2,4.2,,
40772,4,4,3,443,38.5,320.8,39.5,319.9,,,,C,N,N,2,standing broken,31.9,,,24.1,1.2,,
no tag,4,4,4,444,39.2,332,39.5,338.1,,,,A,N,N,2,lying whole,32.6,,,25.1,5.6,,
40782,4,4,4,444,41.6,336.5,,,,,,A,N,N,2,standing broken,3.5,2.5,,,,no top,
no tag,4,6,1,461,50.2,307.1,43.2,289.4,,,,A,N,N,3,lying whole,55.8,,,20.3,18.3,,
40633,4,2,10,4210,11.2,391.6,,,,,,A,N,N,2,standing dead,23.7,,,,,,
40626,4,2,9,429,13.6,388.9,14.4,388.6,,,,A,N,N,2,standing broken,20.1,2.3,19.3,,,,
40626,4,2,9,429,14.4,388.6,27.8,395.7,,,,B,N,N,2,standing broken,19.3,,,6.5,14.3,,
no tag,4,1,8,418,2,373.2,4.9,374.9,CACA18,14,,A,N,N,3,lying whole,17.2,,,15.8,3.2,,
40511,4,1,7,417,4.6,364.4,15.4,352.7,,,,A,N,N,2,lying broken,38.3,,,24.6,15.2,,
40511,4,2,6,426,,,19.3,349.9,,,,B,N,N,2,lying whole,22.3,,,17.8,1.8,,
40093,4,1,6,416,8.6,356.5,,,,,,A,N,N,2,standing dead,45.8,10.7,33.7,,,,
40093,4,2,6,426,13,359.8,14,357.9,,,,B,N,N,2,standing broken,33.7,,,29.2,1.5,,
40093,4,2,6,426,14.9,358.1,18.3,353.8,,,,C,N,N,2,standing broken,28.9,,,17.7,5.2,,
40327,4,2,6,426,19.3,353.7,26.1,360.1,,,,A,N,N,3,lying whole,12.5,,,10.8,8.7,,
40501,4,1,7,417,2.2,361.2,8.3,353.7,,,,A,N,N,2,lying whole,32.8,,,24.7,9,,
40501,4,1,6,416,2.5,355.2,3.9,355.1,,,,B,N,N,2,lying whole,24.7,,,23.4,1.5,,
40501,4,1,6,416,2.2,355.9,1.7,356.2,,,,C,N,N,2,lying whole,26,,,25,0.7,,
40501,4,1,6,416,1.9,357,0.9,357.4,,,,D,N,N,2,lying whole,22.2,,,22.1,1.2,,
40501,4,1,6,416,1.5,359.7,,,,,,E,N,N,2,lying whole,21.6,,,20.4,0.9,,
no tag,4,5,6,456,44,354.6,42.9,357,,,,A,N,N,3,lying whole,10.9,,,10.5,2.7,,
41351,4,5,10,4510,41.4,393.9,,,,,,A,N,N,1,standing dead,8,,,,,,
41230,4,4,8,448,33.1,375.1,34.1,369.1,,,,A,N,Y,2,lying whole,12.2,,,6.7,5.5,,
40990,4,5,7,457,47.7,366.7,37.1,368.6,,,,A,N,N,3,lying whole,31.6,,,14.9,10.3,,
40997,4,5,8,458,48.8,370.3,,,,,,A,N,N,3,standing dead,17.7,,,,,,
41306,4,5,8,458,49,374.6,,,,,,A,N,N,3,stump,,,,,,,
no tag,4,5,8,458,42.1,371.4,52.6,368.1,,,,A,N,N,3,lying whole,20.2,,,14.3,10.4,,
no tag,4,1,6,416,5,351,,,,,,A,N,N,3,stump,,,,,,,
41106,4,6,5,465,58,347.9,,,,,,A,N,N,3,standing dead,21.8,2.4,,,,no top,
no tag,4,7,5,475,70,343,,,,,,A,N,N,3,stump,,,,,,,
no tag,4,6,4,464,58.2,335.9,45.3,331.4,,,,A,N,N,3,lying whole,49,,,19.7,12,,
no tag,4,7,4,474,64.1,337.1,69.5,340.5,COFL2,22,,A,N,N,2,lying whole,10,,,5.4,6.3,,
41657,4,8,4,484,75.8,333.9,,,,,,A,N,N,2,standing broken,54,5,44.2,,,,
41657,4,8,4,484,73.8,331.4,59.4,325.5,,,,B,N,N,2,standing broken,44.2,,,32.7,15.3,,
41657,4,6,3,463,58.2,324.7,55.5,324,,,,C,N,N,2,standing broken,33.4,,,23.2,2.7,,
40866,4,6,3,463,55.5,325.1,53.9,307.6,,,,A,W,N,1,standing broken,58.8,,,24.7,16.5,,
40862,4,6,2,462,53.4,315.5,,,,,,A,W,N,1,standing broken,34.6,,,22.7,16.1,,
40857,4,6,1,461,52,310,,,,,,A,W,N,1,standing broken,20,,,10.5,9.1,,
41634,4,8,2,482,71.9,317.7,72.1,319.4,,,,A,N,N,2,standing broken,26.1,12,18.1,,,,
41634,4,8,2,482,72.1,319.4,66.4,324,,,,B,N,N,2,standing broken,18.1,,,10.1,7.1,,
41017,4,7,3,473,67.6,324.1,89.8,330.9,,,,A,N,N,2,lying whole,31.6,,,12.1,23.2,,
41646,4,8,3,483,75.3,325.8,70.9,324.3,,,,A,N,N,2,lying whole,4.6,,,2.6,4.6,,
41500,4,10,3,4103,92.9,327.4,91.4,323.3,,,,A,N,N,2,lying whole,5.7,,,5.5,4.1,,
no tag,4,10,2,4102,94.6,319.4,93.1,323.2,,,,A,N,N,3,lying whole,6.9,,,5.2,3.8,,
41548,4,9,2,492,87.5,319.1,91.6,313,,,,A,N,N,3,lying whole,21.7,,,21.1,6.9,,
41490,4,10,2,4102,94,314.8,87.8,305.1,,,,A,N,N,3,lying whole,56.9,,,46,10.9,,
no tag,4,6,9,469,58.7,388.1,54.5,398.7,,,,A,N,N,3,lying whole,43,,,42.4,10.7,,
no tag,4,6,9,469,57.4,387.8,,,,,,A,N,N,3,lying whole,37,,,19.4,24.5,,
41135,4,6,8,468,52.7,374,51.1,373.6,,,,A,N,N,2,standing broken,45.6,5,35.8,,,,
41135,4,6,8,468,51.1,373.6,52.6,378.2,,,,B,N,N,2,standing broken,35.8,,,31.3,4.3,,
41135,4,6,9,469,51,383.1,49,387.8,,,,C,N,N,2,standing broken,29,,,28.2,5,,
41135,4,5,9,459,50.2,387.3,49.3,388.1,,,,D,N,N,2,standing broken,23.2,,,21,1.3,,
no tag,4,6,7,467,53.1,363.6,61.3,376.8,,,,A,N,N,3,lying whole,21.3,,,8,15.2,,
no tag,4,7,8,478,64.3,376.8,58.3,373,,,,A,N,N,3,lying whole,20,,,11.1,7.1,,
41077,4,7,7,477,66.7,369.9,64.1,375.1,,,,A,N,N,3,lying whole,28.3,,,25,5.4,,
41901,4,8,7,487,72.2,372.1,,,,,,A,N,N,2,standing dead,35.5,,,,,,
41083,4,7,8,478,67.2,376.3,69.3,379.2,,,,A,N,N,1,standing broken,3.5,,,2.4,3.5,,
no tag,4,7,8,478,69.2,375.7,,,,,,A,N,N,3,stump,,,,,,,
41906,4,8,7,487,77.5,371,60.2,380.6,,,,A,N,N,2,lying whole,35.2,,,22.3,19.5,,
41075,4,7,7,477,67.3,366.6,59.1,357.9,,,,A,N,N,3,lying whole,32.2,,,15.2,11.8,,
41067,4,7,6,476,62.9,359.2,,,,,,A,N,N,2,lying whole,24.3,,,20.4,12.5,,
41686,4,8,7,487,74.9,361.8,,,,,,A,N,N,2,standing broken,4,3.5,,,,,
no tag,4,8,10,4810,78.8,399.1,,,,,,A,N,N,3,lying whole,31.6,,,12.7,10.9,,
41459,4,7,10,4710,66.4,399.4,69.1,397.7,,,,A,N,N,3,standing broken,22.9,6,18.5,,,,
41459,4,7,10,4710,69.1,397.7,75.5,395.2,,,,B,N,N,3,standing broken,18.5,,,15,7,,
no tag,4,7,10,4710,66.8,396.5,67.7,397.6,,,,A,N,N,3,lying broken,15.6,,,14.5,1.4,,
no tag,4,7,10,4710,67.7,397.6,65.2,400.4,,,,B,N,N,3,lying broken,14.5,,,14.2,4,,
41934,4,8,10,4810,76.2,390.9,78.9,391.9,,,,A,N,N,2,standing broken,49.8,11,40.4,,,,
41934,4,8,10,4810,78.9,391.9,,,,,,B,N,N,2,standing broken,40.4,,,24.6,18.4,,
41871,4,9,10,4910,,,81.6,390.9,,,,A,N,N,1,standing broken,24.1,6,16.6,,,,
41871,4,9,10,4910,81.6,390.9,85.2,398,,,,B,N,N,1,standing broken,16.6,,,9.2,7.7,,
no tag,4,10,7,4107,97.5,364.8,,,,,,A,N,N,3,stump,,,,,,,
no tag,4,9,8,498,84.6,370.3,,,,,,A,N,N,3,stump,,,,,,,
no tag,4,10,9,4109,95.5,385.6,,,,,,A,N,N,3,lying whole,21.5,,,14,15.6,,
80339,4,10,9,4109,92.7,388,94.4,387.6,,,,B,N,N,1,standing broken,59.4,,,53.7,1.8,,
80339,4,10,9,4109,94.9,388,95.2,374.3,,,,C,N,N,1,standing broken,49.7,,,32.5,12.7,,
61008,5,9,10,5910,,,,,,,,B,N,N,2,standing broken,48.2,,,45.3,2,,
61008,5,9,10,5910,,,,,,,,C,N,N,2,standing broken,35.7,,,28,9.5,,
no tag,5,10,5,5105,,,,,,,,B,N,N,3,lying broken,46.2,,,36.4,5.3,,
50193,5,1,5,515,109.6,44.1,,,,,,A,N,N,2,standing dead,2.4,,,,,,
50194,5,1,5,515,109.6,44.1,,,,,,A,N,N,2,standing dead,3.2,,,,,,
50071,5,3,5,535,127.4,41.7,129.8,42.5,,,,A,N,N,2,lying whole,5,,,3.3,2.8,,
no tag,5,4,4,544,133.6,32.5,,,,,,A,N,N,3,stump,,,,,,,
50651,5,4,5,545,134.6,46.3,,,,,,A,N,N,2,standing dead,1.7,,,,,,
50652,5,4,5,545,134.6,46.3,,,,,,A,N,N,2,standing dead,1.4,,,,,,
no tag,5,4,6,546,139.5,52.6,136.2,45,,,,A,W,N,3,lying whole,31.1,,,30.9,7.6,,
50401,5,5,1,551,142.6,7.6,141,12.2,COFL2,22,,A,N,N,2,lying whole,8.1,,,5.5,4.6,,
50402,5,5,1,551,145.7,2.6,,,,,,A,N,N,3,standing dead,48.3,,,,,,
50103,5,2,1,521,112.8,5.4,,,,,,A,N,N,2,standing dead,4.4,,,,,,
no tag,5,1,1,511,102,5.7,102.8,13.1,,,,A,N,N,3,lying whole,7.3,,,4.9,7.7,,
50007,5,1,1,511,101.7,8.7,104.1,11.7,,,,A,N,N,1,lying whole,5.3,,,4.9,4.2,stump sprouts,
50343,5,2,9,529,114.7,82.8,,,,,,A,N,N,3,stump,,,,,,,
50901,5,3,10,5310,126.7,93.8,,,,,,A,N,N,3,standing broken,19,2.1,,,,no top,
no tag,5,3,9,539,126.8,88.1,125.7,85.9,,,,A,N,N,3,lying whole,5.7,,,4.6,2.4,,
50592,5,4,10,5410,139.6,95.2,139.5,97.1,,,,A,N,N,3,standing broken,22.8,5,17.1,,,,
50592,5,4,10,5410,139.5,97.1,139.2,99.6,,,,B,N,N,3,standing broken,17.1,,,16,2.7,,
50592,5,4,10,5410,137,97.2,138.4,98.3,,,,C,N,N,3,standing broken,15.4,,,15.2,2,,
50961,5,5,10,5510,145.8,90.3,,,,,,A,N,N,2,standing dead,3.9,,,,,,
no tag,5,5,8,558,146.1,78.8,,,,,,A,W,N,3,lying whole,58.4,,,51.8,13,,
no tag,5,5,8,558,147,74.3,145,58.7,,,,A,N,N,3,lying whole,59.6,,,31.2,15.1,,
no tag,5,6,6,566,,,149.3,40.8,,,,A,N,N,3,lying whole,43.6,,,18.9,2,,
no tag,5,6,5,565,153.5,45.8,144.5,48.7,,,,A,N,N,3,lying broken,31.5,,,23.6,9.6,,
no tag,5,5,5,555,145,49.1,146.9,49.8,,,,B,N,N,3,lying broken,22.6,,,19.9,2.4,,
no tag,5,6,4,564,153.3,33.1,,,,,,A,N,N,3,standing broken,36.7,1.3,,,,no top,
no tag,5,8,5,585,177.4,41.4,176.8,37.8,,,,A,N,N,3,lying whole,18,,,,,,
no tag,5,9,4,594,,,181.1,37.6,,,,A,N,N,3,lying whole,14,,,12,5.6,,
53663,5,8,4,584,179.4,37.2,,,,,,A,N,N,2,standing dead,10.5,,,,,,
53840,5,9,4,594,182.4,37.5,,,,,,A,N,N,2,standing dead,3,,,,,,
53841,5,9,4,594,181.9,37,,,,,,A,N,N,2,standing dead,7.3,,,,,,
53842,5,9,4,594,181.2,37,,,,,,A,N,N,2,standing dead,22,,,,,,
no tag,5,7,3,573,162.6,23.3,169,23.3,,,,A,N,N,3,lying whole,33.8,,,10.5,6.3,,
50871,5,7,4,574,169.6,39.8,167.7,48.7,,,,A,N,N,2,lying whole,12.2,,,6.8,8.8,,
51161,5,9,3,593,185,21.1,,,,,,A,N,N,2,stump,,,,,,,
no tag,5,9,2,592,183,17.8,196.2,8.4,,,,A,N,N,3,lying whole,37.1,,,27.4,16.1,,
51208,5,9,1,591,188.9,9.2,,,,,,A,N,N,2,standing dead,4.3,,,,,,
50898,5,10,1,5101,197.4,2.1,,,,,,A,N,N,3,standing dead,20.2,,,,,,
51127,5,8,1,581,171.9,9,,,,,,A,N,N,2,standing dead,9.5,,,,,,
50804,5,7,1,571,169.3,0.5,170.4,6.2,COFL2,22,,A,N,N,3,lying whole,7.5,,,4.7,5.4,,
50807,5,7,1,571,163.1,3.8,,,,,,A,N,N,3,stump,44.5,2,,,,,
50495,5,6,1,561,154.1,6.8,,,,,,A,N,N,3,standing broken,69.4,,,,,no top,
no tag,5,8,10,5810,175.9,98.2,168.7,94.2,,,,A,N,N,3,lying whole,8.4,,,2,8.8,,
no tag,5,8,10,5810,174.6,94.4,177.5,93.9,,,,A,N,N,3,lying whole,5.1,,,3.8,3.4,,
no tag,5,6,9,569,156.2,82.3,164.6,82.1,,,,A,W,N,3,lying whole,31.5,,,31.3,8.3,,
no tag,5,6,8,568,158.8,79.3,174.3,78.5,,,,A,W,N,3,lying whole,45.4,,,30.2,15.6,,
53952,5,6,7,567,158.1,68.3,,,,,,A,N,N,2,standing dead,11.5,,,,,,
no tag,5,7,8,578,160.4,70.5,,,,,,A,N,N,3,stump,,,,,,,
51361,5,8,7,587,175.8,68.8,178.3,82.9,,,,A,N,N,2,lying whole,19.8,,,9.2,13.9,,
51258,5,8,9,589,174.3,88.1,,,,,,A,N,N,2,standing dead,20.5,,,,,,
50753,5,9,10,5910,188.1,96,179.3,93.3,,,,A,N,N,3,lying whole,22.8,,,10.3,9.5,,
50271,5,10,10,51010,194.3,97.7,,,,,,A,N,N,3,standing dead,11.4,,,,,leaning,
50267,5,10,10,51010,190.8,93.9,,,,,,A,N,N,3,stump,7.8,1.3,,,,,
53660,5,10,8,5108,191.7,75.7,192.3,75.1,,,,A,N,N,3,standing broken,13.6,3,10,,,,
53660,5,10,8,5108,192.3,75.1,195,74.3,,,,B,N,N,3,standing broken,10,,,6.6,2.7,,
51031,5,9,9,599,189.3,89.4,,,,,,A,N,N,3,standing broken,49.5,5,24.7,,,,
51031,5,9,9,599,187.9,87.5,200.2,90.6,,,,B,N,N,3,standing broken,24.7,,,18.4,12.6,,
no tag,5,10,9,5109,198.8,81.7,181.6,83.2,,,,A,W,N,3,lying whole,20.8,,,10.3,17.6,,
53566,5,10,7,5107,190.4,68.9,192.8,60.4,,,,A,N,N,3,lying whole,29.3,,,22.2,8.3,,
53882,5,9,6,596,788.1,50,178.2,56.2,,,,A,N,N,2,lying whole,19,,,3.7,11.6,,
70002,6,1,10,6110,106.9,199.1,,,,,,B,N,N,2,standing broken,28.9,,,23.9,,,
70002,6,1,10,6110,,,,,,,,C,N,N,2,standing broken,23.9,,,22.7,,,
70002,6,1,10,6110,,,,,,,,D,N,N,2,standing broken,19.8,,,19.3,,,
60060,6,1,5,615,103.3,142.1,,,,,,A,N,N,2,standing dead,8.9,,,,,,
no tag,6,1,5,615,105.3,146.9,102,125.7,,,,A,N,N,2,lying whole,77.9,,,39,19.4,,
60173,6,2,5,625,117.3,149.8,112.4,152.6,,,,A,N,N,2,lying broken,22.5,,,19.6,4.8,,
60173,6,2,6,626,111.3,152.7,110,154.1,,,,B,N,N,2,lying broken,17.3,,,17,1.9,,
60173,6,1,6,616,110,155.4,109.1,154.5,,,,C,N,N,2,lying broken,15,,,14.6,1.2,,
60173,6,1,6,616,107,155.6,107.5,157.1,,,,D,N,N,2,lying broken,14.2,,,13.9,1.8,,
60173,6,1,6,616,106.8,157.4,106.3,158.7,,,,E,N,N,2,lying broken,13.5,,,13.2,1.3,,
60173,6,1,6,616,106.5,159.8,105.9,161.1,,,,F,N,N,2,lying broken,10.8,,,10.6,1.4,,
60179,6,2,7,627,114.1,162.5,113.8,149.8,,,,A,N,N,2,lying whole,53.5,,,44,11.6,,
60390,6,4,5,645,132.3,145.7,120.5,144.1,,,,A,N,N,3,lying whole,17.2,,,15,11.8,,
60393,6,4,5,645,132.9,145.8,,,,,,A,N,N,2,standing dead,16.2,,,,,,
60453,6,3,5,635,124.4,142.4,123.9,137.8,CACA18,14,,A,N,N,3,lying whole,9.1,,,8.3,4.2,,
no tag,6,2,4,624,111.9,138.9,102.8,136.1,,,,A,N,N,2,lying whole,15.6,,,10,9.5,,
60054,6,1,4,614,102.1,136.5,,,,,,A ,N,N,3,standing broken,20,3,,,,no top,
60138,6,2,4,624,114.8,131,110.2,129.8,COFL2,22,,A,N,N,2,lying whole,4.6,,,3.5,4.6,,
60430,6,3,3,633,122.9,121.9,,,CACA18,14,,A,N,N,2,stump,,,,,,,
no tag,6,1,3,613,109.5,122.4,112.2,121.8,,,,A,N,N,2,lying broken,17.8,,,17.7,2.9,,
no tag,6,2,3,623,112.2,121.8,115.8,113.4,,,,B,N,N,2,lying broken,17.7,,,8.7,8.8,,
no tag,6,2,2,622,113.1,115.9,110.5,100.4,,,,A,N,N,3,lying whole,23.4,,,18.2,15.3,,
no tag,6,1,2,612,101.6,113.7,,,,,,A,N,N,3,stump,,,,,,,
no tag,6,5,1,651,140.1,101.9,,,,,,A,N,N,3,stump,,,,,,,
no tag,6,2,10,6210,115.8,193.8,119.9,200.7,,,,A,N,N,2,lying whole,12.7,,,4,7.5,,
no tag,6,4,10,6410,132.8,199.6,134.4,181.5,,,,A,N,N,3,lying whole,94.6,,,20.3,16.5,,
60321,6,2,9,629,118.2,186.2,122.2,187.6,,,,A,N,N,2,lying broken,11.1,,,10.1,4.4,,
60321,6,3,9,639,122.2,187.6,120.3,185.3,,,,B,N,N,2,lying broken,10.1,,,4.5,2.9,,
60291,6,1,10,6110,108.2,199,108.7,198.3,,,,A,N,N,2,standing broken,16,1.4,14.6,,,,
60291,6,1,10,6110,108.7,198.3,104.7,189.4,,,,B,N,N,2,standing broken,14.6,,,13,8.9,,
60282,6,1,10,6110,107.7,194.4,108.7,191.4,,,,A,N,N,2,standing broken,42.3,8,36.9,,,,
60282,6,1,10,6110,108.7,191.4,111,187.2,,,,B,N,N,2,standing broken,36.9,,,34.2,4.4,,
60282,6,1,9,619,109.5,186.2,110.1,174.4,,,,C,N,N,2,standing broken,32.1,,,20.7,10.7,,
60261,6,1,9,619,109.6,184.8,104.4,184.3,,,,A,N,N,1,lying whole,5.5,,,2.7,5,,
60255,6,1,9,619,107.7,181.2,104.6,181.4,,,,A,N,N,1,lying whole,4.6,,,3.4,3.2,,
60243,6,1,8,618,103.8,175.4,106.8,180.1,,,,A,N,N,1,lying whole,10.5,,,4.4,4.9,leaning,
60233,6,1,8,618,103.9,171.3,104.9,177.3,,,,A,N,N,1,lying whole,6.5,,,3.7,5.6,,
no tag,6,3,7,637,121.3,169.4,111.2,171.4,,,,A,N,N,3,lying whole,15.8,,,10.7,10.1,,
60207,6,1,7,617,103.2,161.7,,,,,,A,N,N,1,standing dead,2.2,,,,,leaning,
60227,6,1,7,617,107.6,168,,,,,,A,N,N,1,lying whole,74.9,,,49.2,22.3,,
60604,6,4,6,646,131.6,157,138.4,151.2,,,,A,N,N,2,lying whole,11.6,,,4.5,8.5,,
60782,6,5,8,658,145.7,171,147.5,162.8,,,,A,N,N,2,lying whole,13.2,,,5.2,8.4,,
60617,6,4,7,647,138.4,168.8,141,164.7,,,,A,N,N,2,lying whole,11,,,9.3,4.6,,
60613,6,4,7,647,133.7,167.8,134.1,166.9,,,,A,N,N,2,standing broken,13.3,2,11,,,,
60613,6,4,7,647,134.1,166.9,137.9,164.4,,,,B,N,N,2,standing broken,11,,,10.8,4.6,,
no tag,6,5,10,6510,139.9,198.8,,,,,,A,N,N,3,lying whole,39.2,,,25.6,12.8,,
60958,6,7,5,675,164.8,144.7,163.5,150.7,,,,A,N,N,2,lying whole,11.5,,,8.5,5.5,,
60950,6,7,5,675,168.9,140.6,173.8,139.5,,,,A,N,N,3,lying whole,18.8,,,11.1,4.9,,
no tag,6,6,4,664,156.8,133.6,156.9,129.6,,,,A,N,N,3,lying whole,9.6,,,6.8,3.9,,
no tag,6,7,4,674,163.6,133.2,173.3,126.5,,,,A,N,N,3,lying whole,28.2,,,17.4,11.4,,
no tag,6,7,4,674,168.4,133.9,174.1,127,,,,A,N,N,3,lying broken,39.1,,,39,8.6,,
no tag,6,9,3,693,180.6,124.4,175.5,126.6,,,,B,N,N,3,lying broken,37.2,,,35,5.4,,
61032,6,8,3,683,177,125.4,,,,,,A,N,N,2,standing dead,17.6,,,,,,
no tag,6,8,2,682,172.9,117.8,,,,,,A,N,N,3,stump,,,,,,,
61015,6,8,1,681,179.9,109.5,,,,,,A,N,N,2,standing dead,29.3,,,,,,
61010,6,8,1,681,177.4,106.7,,,,,,A,N,N,2,stump,,,,,,,
61011,6,8,1,681,177.4,106.7,,,,,,A,N,N,2,stump,,,,,,,
61008,6,8,1,681,173.6,104.3,,,,,,A,N,N,2,standing broken,76.9,,48.2,,,top?,
no tag,6,7,1,671,168.2,104.6,167.8,100.8,,,,A,N,N,3,lying whole,12,,,8.2,3.4,,
60686,6,6,2,662,152.8,117.4,,,,,,A,N,N,2,standing dead,13.1,,,,,,
60683,6,6,2,662,151.9,112.6,,,,,,A,N,N,2,standing dead,18.9,,,,,,
60671,6,6,2,662,157.3,111.2,149.9,98.8,,,,A,N,N,2,lying whole,92.1,,,59,13,,
no tag,6,10,3,6103,194.9,122.7,195.1,117.4,,,,A,N,N,3,lying whole,9.3,,,6.5,5,,
61276,6,10,2,6102,194.7,118.1,,,,,,A,N,N,2,standing dead,20.3,,,,,,
no tag,6,10,3,6103,191.3,125.4,,,,,,A,N,N,3,stump,,,,,,,
61174,6,9,3,693,188,128.2,189.5,129.2,,,,A,N,N,3,lying whole,7.2,,,3.2,1.8,,
no tag,6,9,3,693,187,129.6,,,,,,A,N,N,3,stump,,,,,,,
no tag,6,9,4,694,187.1,135.8,190.9,134.8,,,,A,N,N,3,lying whole,8.3,,,6.2,3.8,,
61185,6,9,5,695,189,141.4,178.4,129.3,,,,A,N,N,2,lying whole,18.3,,,5.1,14.6,,
no tag,6,9,5,695,187.2,147.6,187.3,144.1,,,,A,N,N,3,lying whole,11,,,7.7,3.4,,
no tag,6,9,5,695,189.9,146,184.2,148.8,,,,A,N,N,3,lying whole,20.1,,,5.3,6.3,,
61044,6,8,4,684,179.6,133.1,182.5,129.8,,,,A,N,N,2,lying whole,4,,,3.7,4.2,,
61179,6,9,4,694,180.1,133.4,,,,,,A,N,N,2,standing dead,6.5,,,,,,
61364,6,9,10,6910,,,,,COFL2,22,,A,N,N,2,lying whole,8.8,,,6.1,5.2,,
61348,6,9,9,699,,,,,CACA18,14,,A,N,N,3,lying whole,13.9,,,12.3,2.4,,
no tag,6,9,9,699,,,,,,,,A,N,N,3,lying whole,11.6,,,9.3,5.2,,
no tag,6,9,8,698,,,,,,,,A,N,N,3,lying whole,15.5,,,11,6.7,,
no tag,6,7,8,678,,,,,,,,A,N,N,3,lying whole,15.3,,,10,7.1,,
no tag,6,9,7,697,,,,,,,,A,N,N,3,stump,,,,,,,
61321,6,9,7,697,,,,,,,,A,N,N,2,lying whole,10,,,5.9,5.6,,
61095,6,8,7,687,,,,,,,,A,N,N,2,lying broken,7.5,,,7.2,3.4,,
61095,6,8,7,687,,,,,,,,B,N,N,2,lying broken,7.1,,,5.2,2.3,,
no tag,6,7,6,676,,,,,,,,A,N,N,3,stump,,,,,,,
60971,6,7,6,676,,,,,,,,A,N,N,2,lying whole,8.2,,,6.4,3.5,,
60830,6,6,7,667,,,,,,,,A,N,N,2,standing broken,10.6,3,8.8,,,,
60830,6,6,6,666,,,,,,,,B,N,N,2,standing broken,8.8,,,3.1,7.3,,
60826,6,6,6,666,,,,,,,,A,N,N,2,lying whole,13.6,,,8.3,4.3,,
61440,6,10,6,6106,,,,,,,,A,N,N,2,standing broken,51.2,16,33,,,,
61440,6,10,6,6106,,,,,,,,B,N,N,2,standing broken,33,,,12.6,13.9,,
61442,6,10,6,6106,,,,,,,,A,N,N,2,standing dead,48,,,,,,
61451,6,10,7,6107,,,,,,,,A,W,N,1,lying whole,81.6,,,67.4,10.7,,
61479,6,10,9,6109,,,,,CACA18,14,,A,N,N,2,lying whole,7.6,,,7.3,2.9,,
61491,6,10,10,61010,,,,,,,,A,N,N,2,lying whole,10.1,,,8.3,3.7,,
no tag,7,5,5,755,,,,,,,,A,W,N,2,lying whole,66.6,,,29.3,24.3,,
no tag,7,1,3,713,,,96.6,211.5,,,,A,W,N,3,lying broken,97,,,94.1,16.7,,
no tag,3,10,2,3102,96.6,211.5,92.5,201.8,,,,B,W,N,3,lying broken,94.1,,,21.2,10.4,large branches,
no tag,3,10,2,3102,96.6,211.5,83.4,203.8,,,,C,W,N,3,lying broken,94.1,,,13.8,15.4,large branches,
no tag,7,6,6,766,,,,,,,,A,W,N,2,lying whole,,,,53.4,23.5,,
no tag,7,6,5,765,,,,,LITU,41,,A,N,N,2,lying whole,76.9,,,10.4,12.1,LITU,
no tag,7,6,4,764,,,,,,,,A,N,N,2,lying whole,12.7,,,,5,,
no tag,7,8,2,782,,,,,,,,A,N,N,2,lying whole,18.2,,,6.1,21.8,,
no tag,7,9,5,795,,,,,,,,A,N,N,3,lying whole,58.6,,,13.6,35.1,,
no tag,7,6,7,767,,,,,,,,A,N,N,3,lying whole,38.2,,,35.7,4,,
70670,7,4,5,745,,,,,,,,A,N,N,2,lying whole,10.3,,,6.1,6.6,leaning on 070678,
no tag,7,6,7,767,,,,,,,,A,N,N,2,lying whole,27.4,,,16.2,24.5,,
70755,7,5,5,755,,,,,,,,A,N,Y,3,lying whole,57.7,,,45,13.5,end cut due to road,
70300,7,3,6,736,,,,,,,,A,N,N,1,standing broken,13.8,,,3.3,8.7,connected,
70256,7,3,4,734,,,,,,,,A,N,N,3,lying broken,47.6,,,35.3,14.9,,
70256,7,3,5,735,,,,,,,,B,N,N,3,lying broken,44.3,,,42.1,1.2,,
70256,7,3,5,735,,,,,,,,C,N,N,3,lying broken,33,,,31.9,2.2,,
70277,7,3,5,735,,,,,,,,A,N,N,2,standing dead,2.9,,,,,,
no tag,7,4,4,744,,,,,,,,A,N,N,3,lying whole,38,,,27,17.2,,
no tag,7,5,4,754,,,,,,,,A,N,N,2,lying whole,62.5,,,34.8,22.1,,
70626,7,4,2,742,,,,,,,,A,W,N,3,lying whole,53.5,,,28.2,17.7,,
70619,7,4,2,742,,,,,,,,A,N,N,2,lying whole,7.8,,,6.9,3.9,,
no tag,7,5,3,753,,,,,,,,,,,,,,,,,,,
70610,7,4,1,741,,,,,,,,A,N,N,2,lying whole,9.7,,,7.7,4.2,,
no tag,7,3,4,734,,,,,,,,A,N,N,3,lying whole,11.1,,,10.2,3.8,,
no tag,7,4,1,741,,,,,,,,A,N,N,3,lying whole,43.9,,,40,17.7,,
70202,7,3,1,731,,,,,,,,A,N,N,2,lying broken,22.5,,,17,8.4,,
70202,7,3,1,731,,,,,,,,B,N,N,2,lying broken,14.5,,,12,3.9,,
no tag,7,3,1,731,,,,,,,,A,N,N,2,lying whole,4.8,,,4.1,1.6,,
70002,7,1,1,711,,,,,,,,A,N,N,2,standing broken,35.7,8,,,,,
70378,7,2,9,729,,,,,,,,A,N,N,1,standing broken,5.3,,,3.8,4.8,connected,
70567,7,3,10,7310,,,,,,,,A,N,N,1,standing broken,10.2,,,6.3,5.9,connected,
no tag,7,3,9,739,,,,,,,,A,N,N,2,lying whole,7.7,,,4.7,4.5,branch?,
70430,7,1,8,718,,,,,,,,A,N,N,2,standing dead,4,,,,,,
no tag,7,3,8,738,,,,,,,,A,N,N,3,lying whole,16,,,14.8,6.5,,
70563,7,3,9,739,,,,,,,,A,N,N,2,lying whole,11,,,7,9.4,,
70558,7,3,9,739,,,,,,,,A,N,N,2,standing broken,6.1,2,,,,no top,
no tag,7,3,6,736,,,,,,,,A,N,N,3,lying whole,9.8,,,6.5,8.1,,
70840,7,6,4,764,,,,,,,,A,N,N,2,standing dead,10.6,,,,,,
no tag,7,6,4,764,,,,,,,,A,N,N,3,lying whole,14,,,12.6,3.9,,
no tag,7,6,4,764,,,,,,,,A,N,N,3,lying whole,50.6,,,11.3,25.8,,
no tag,7,6,1,761,,,,,,,,A,N,N,3,lying whole,20.8,,,12.8,11.5,,
71044,7,7,3,773,,,,,,,,A,N,N,2,standing dead,9.2,,,,,,
71138,7,8,3,783,,,,,,,,A,N,N,2,standing broken,55.3,6,,34.7,,,
71138,7,8,3,783,,,,,,,,B,N,N,2,standing broken,34.7,,,40.9,9.2,,
no tag,7,9,1,791,,,,,,,,A,N,N,2,lying whole,5.5,,,4.8,4.1,,
no tag,7,10,1,7101,,,,,,,,A,N,N,3,lying whole,12.2,,,9.6,5.8,,
71614,7,10,2,7102,,,,,,,,A,N,N,2,lying whole,12.1,,,8.8,5.1,,
71219,7,9,2,792,,,,,,,,A,N,N,3,lying whole,9.5,,,6,5.2,,
no tag,7,10,2,7102,,,,,,,,A,N,N,3,lying whole,10,,,9.8,4.9,,
no tag,7,10,2,7102,,,,,,,,A,N,N,3,lying whole,12,,,9.3,3.1,,
no tag,7,10,4,7104,,,,,,,,A,N,N,3,lying whole,10.1,,,6.8,7.6,,
no tag,7,6,4,764,,,,,,,,A,N,Y,3,lying whole,63.7,,,54.7,8,,
71448,7,9,10,7910,,,,,,,,A,N,N,2,lying whole,,,,4.7,6.7,,
71313,7,8,9,789,,,,,,,,A,N,Y,3,standing broken,45.3,,,35.5,,fragments cut,
71313,7,8,10,7810,,,,,,,,B,N,Y,3,standing broken,35.5,,,29,3.9,,
71313,7,8,10,7810,,,,,,,,C,N,Y,3,standing broken,32.9,,,32.9,4.3,,
71313,7,8,10,7810,,,,,,,,D,N,Y,3,standing broken,31.6,,,31.1,4.2,,
71313,7,8,10,7810,,,,,,,,E,N,Y,3,standing broken,28.4,,,27.2,2.8,,
no tag,7,8,10,7810,,,,,,,,A,N,N,2,lying whole,9,,,8.6,1.8,,
no tag,7,8,10,7810,,,,,,,,A,N,N,2,lying whole,7.8,,,5.7,5.3,,
71534,7,7,10,7710,,,,,,,,A,N,Y,2,standing broken,53.7,9,,40.1,fragments cut,,
71534,7,7,10,7710,,,,,,,,B,N,Y,2,standing broken,40.1,,,34.4,,,
71534,7,7,10,7710,,,,,,,,C,N,Y,2,standing broken,38.8,,,35.5,,,
71534,7,7,10,7710,,,,,,,,D,N,Y,2,standing broken,34.8,,,32,,,
71534,7,7,10,7710,,,,,,,,E,N,Y,2,standing broken,33.5,,,30.6,,,
no tag,7,7,8,778,,,,,,,,A,N,N,2,lying whole,35.6,,,15,24.6,,
no tag,7,7,6,776,,,,,,,,A,N,N,2,lying whole,73.5,,,54.1,20.4,,
no tag,7,8,8,788,,,,,,,,A,N,N,2,lying broken,51.7,,,35.9,14.4,,
no tag,7,9,8,798,,,,,,,,B,N,N,2,lying broken,37,,,26.9,6.5,,
no tag,7,9,9,799,,,,,,,,A,N,Y,2,lying broken,53.3,,,37.3,16.5,,
no tag,7,10,7,7107,,,,,,,,B,N,Y,2,lying broken,28,,,23.5,3.1,,
no tag,7,10,8,7108,,,,,,,,A,N,Y,2,lying broken,27.9,,,27.3,1.9,fragment?,
no tag,8,9,4,894,,,,,,,,A,N,N,3,lying whole,23.5,,,17,9.7,,
no tag,8,9,5,895,,,,,,,,A,N,N,3,lying whole,19,,,,2.5,no top,
80339,8,1,9,819,,,,,,,,A,N,N,1,standing broken,59.6,7,59.4,,,,
no tag,8,1,5,815,,,,,,,,A,N,N,1,lying whole,11,,,11,4.6,,
80267,8,3,5,835,,,,,,,,A,N,N,2,standing dead,14,,,,,,
no tag,8,1,4,814,,,,,,,,A,N,N,2,lying broken,69.1,,,79.7,6.3,,
no tag,8,2,4,824,,,,,,,,B,N,N,2,lying broken,79.7,,,32.9,14.8,,
no tag,8,2,4,824,,,,,,,,C,N,N,2,lying broken,45.4,,,44.5,2.8,,
no tag,8,2,4,824,,,,,,,,D,N,N,2,lying broken,42.9,,,39.5,3.7,,
no tag,8,2,4,824,,,,,,,,E,N,N,2,lying broken,79.7,,,42.9,3.9,,
no tag,8,1,4,814,,,,,,,,A,N,N,2,lying whole,14.3,,,3.7,9.9,,
no tag,8,3,3,833,,,,,,,,A,N,N,2,lying whole,19,,,10.5,8,,
no tag,8,5,3,853,,,,,CACA18,14,,A,N,N,3,lying whole,19,,,11,9.8,,
80671,8,5,5,855,,,,,,,,A,N,N,2,standing broken,13,,11,,,,
80671,8,5,5,855,,,,,,,,B,N,N,2,standing broken,11,,,11,4.3,,
80650,8,5,4,854,,,,,,,,A,N,N,3,lying broken,32,,,12,12.6,,
no tag,8,5,5,855,,,,,,,,A,N,N,3,stump,,,,,,,
no tag,8,2,2,822,,,,,,,,A,N,N,3,lying whole,95,,,28,24.8,,
no tag,8,3,2,832,,,,,,,,A,N,N,3,lying whole,25,,,19,8.7,,
no tag,8,3,1,831,,,,,,,,A,N,N,3,lying broken,34.7,,,28.4,7.4,,
no tag,8,3,1,831,,,,,,,,B,N,N,3,lying broken,28.4,,,26.2,4.6,,
no tag,8,4,1,841,,,,,,,,A,N,N,3,lying whole,20.5,,,18.3,1.6,,
no tag,8,4,1,841,,,,,,,,A,N,N,3,lying whole,13.8,,,12,6.4,,
80528,8,2,8,828,,,,,,,,A,N,N,2,lying whole,29,,,13,13.5,,
80436,8,3,7,837,,,,,,,,A,N,N,2,standing broken,110.8,4,100,,,,
80436,8,3,7,837,,,,,,,,B,N,N,2,standing broken,100,,,70,7.7,,
no tag,8,1,5,815,,,,,,,,A,N,N,3,lying whole,50,,,40,10.5,,
no tag,8,5,6,856,,,,,,,,A,N,N,3,lying whole,53,,,32.2,7.6,,
no tag,8,8,1,881,,,,,,,,A,N,N,3,lying whole,28.7,,,12.1,19.2,,
80999,8,7,5,875,,,,,CACA18,,,A,N,N,3,standing dead,9.5,1.5,,,,,
80971,8,7,2,872,,,,,CACA18,,,A,N,N,3,standing dead,2.1,2,,,,,
no tag,8,7,3,873,,,,,COFL2,22,,A,N,N,3,lying whole,12,,,5.2,5.9,,
80701,8,6,1,861,,,,,,,,A,N,N,1,lying whole,54.9,,,34,30.7,,
81021,8,8,1,881,,,,,,,,A,N,N,2,standing dead,10.5,,,,,,
81264,8,9,2,892,,,,,,,,A,N,N,3,lying whole,12.6,,,9.2,4.7,,
no tag,8,9,2,892,,,,,,,,A,N,N,3,lying whole,30.3,,,14,15.8,,
no tag,8,10,5,8105,,,,,,,,A,N,N,3,lying whole,41.6,,,23.7,6,,
no tag,8,7,10,8710,,,,,,,,A,N,N,3,lying whole,43.3,,,34,9.7,,
no tag,8,6,8,868,,,,,,,,A,N,N,3,lying whole,31.2,,,22.5,15.9,,
80749,8,6,6,866,,,,,,,,A,N,N,2,standing broken,11,1.5,10.9,,,,
80749,8,6,6,866,,,,,,,,B,N,N,2,standing broken,10.9,,,7,,,
no tag,8,10,6,8106,,,,,,,,A,N,N,3,lying whole,29.8,,,26,17.2,,
no tag,8,6,8,868,,,,,,,,A,N,N,3,lying whole,22.8,,,12.3,12.9,,
no tag,8,7,9,879,,,,,,,,A,N,N,3,lying whole,18.3,,,12.3,10.8,,
no tag,8,9,10,8910,,,,,,,,A,N,N,3,lying whole,63.5,,,43.4,16.6,,
no tag,8,9,10,8910,,,,,,,,A,N,N,3,lying whole,26.2,,,20,9.2,,
no tag,8,8,7,887,,,,,,,,A,N,N,3,lying whole,19.7,,,11.5,19.2,,
no tag,9,5,8,958,,,,,,,,A,N,N,1,lying whole,15,,,4.3,6.1,,
90658,9,7,1,971,,,,,,,,A,N,N,2,standing dead,15.8,,,,,,
91495,9,6,10,9610,,,,,,,,A,N,N,2,standing dead,21.9,,,,,leaning,
91054,9,7,10,9710,,,,,,,,A,W,N,1,lying whole,,,,,,live buds,
100433,9,4,10,9410,,,,,,,,B,N,N,3,lying broken,23.8,,,19.8,4.3,,
no tag,9,1,5,915,,,,,,,,A,N,N,3,lying whole,56.6,,,29.3,24.7,,
no tag,9,1,5,915,,,,,,,,A,N,N,3,lying whole,46.2,,,,2.1,,
no tag,9,1,5,915,,,196.1,43.5,,,,A,N,N,3,lying broken,50.6,,,49.5,,,
no tag,5,10,5,5105,193.8,43.8,188.9,45,,,,B,N,N,3,lying broken,46.2,,,36.4,,,
91812,9,2,5,925,,,,,,,,A,N,N,2,lying whole,11.6,,,4.9,7.6,,
no tag,9,4,6,946,,,,,,,,A,N,N,3,lying whole,42.7,,,35.1,7.4,,
no tag,9,4,5,945,,,,,,,,A,N,N,3,stump,,,,,,,
92132,9,4,5,945,,,,,,,,A,N,N,3,lying whole,42.8,,,28.5,11.9,,
91409,9,5,3,953,,,,,,,,A,N,N,2,lying broken,23.1,,,21.3,5.8,,
91409,9,4,4,944,,,,,,,,B,N,N,2,lying broken,21.3,,,18.4,2.1,,
91409,9,4,4,944,,,,,,,,C,N,N,2,lying broken,19.2,,,17.8,1.7,,
91874,9,5,2,952,,,,,,,,A,N,N,2,lying whole,10,,,9.8,3.5,,
90880,9,5,2,952,,,,,,,,A,N,N,3,lying whole,16.8,,,13.7,4.9,,
no tag,9,4,2,942,,,,,,,,A,N,N,3,lying whole,23.4,,,18.8,10.4,,
91770,9,1,4,914,,,,,COFL2,22,,A,N,N,2,standing dead,8.2,,,,,,
no tag,9,2,5,925,,,,,,,,A,N,N,3,lying whole,16.4,,,9.2,14.1,,
no tag,9,2,4,924,,,,,,,,A,N,N,2,lying whole,6.4,,,5.8,4.1,,
no tag,9,2,4,924,,,,,,,,A,N,N,2,stump,,,,,,,
no tag,9,2,4,924,,,,,,,,A,N,N,3,lying whole,32.3,,,30.7,4.4,,
no tag,9,1,4,914,,,,,,,,A,N,N,3,lying whole,22.7,,,14.8,15.7,,
91731,9,1,3,913,,,,,,,,A,N,N,2,standing broken,5,1.5,,,,no top,
no tag,9,2,3,923,,,,,,,,A,N,N,2,lying whole,4.5,,,1.4,3.9,,
91707,9,1,2,912,,,,,,,,A,N,N,3,lying whole,25.8,,,15.3,17.6,,
92378,9,2,1,921,,,,,,,,A,N,N,2,lying whole,5,,,1.8,5.5,,
no tag,9,2,10,9210,,,,,,,,A,W,N,1,lying whole,62.5,,,46.4,15.7,live buds,
92767,9,1,9,919,,,,,,,,A,N,N,2,standing dead,12,,,,,,
no tag,9,1,8,918,,,,,,,,A,N,N,3,lying whole,65,,,57.3,10,,
no tag,9,1,8,918,,,,,,,,A,N,N,3,lying whole,37,,,24.2,9,,
90994,9,3,9,939,,,,,,,,A,N,N,2,standing dead,51.9,,,,,live buds,
92545,9,1,7,917,,,,,,,,A,N,N,2,standing broken,26.8,6,18.3,,,,
92545,9,1,7,917,,,,,,,,B,N,N,2,standing broken,18.3,,,13.2,7.7,,
no tag,9,4,6,946,,,,,,,,A,N,N,3,lying whole,40.4,,,36.7,9.1,,
no tag,9,4,6,946,,,,,,,,A,W,N,2,lying whole,70.2,,,33.5,19.3,,
no tag,9,4,6,946,,,,,,,,A,W,N,2,lying whole,10.3,,,,12.1,,
no tag,9,3,6,936,,,,,,,,A,W,N,2,lying whole,15.6,,,,5.6,,
no tag,9,4,6,946,,,,,,,,A,N,N,3,lying whole,57.2,,,52.8,14.7,,
no tag,9,8,6,986,,,,,,,,A,N,N,3,lying whole,57.7,,,32.1,16.7,,
90257,9,8,4,984,,,,,,,,A,N,N,3,lying whole,16.9,,,6.6,12.4,,
90140,9,9,3,993,,,,,,,,A,N,N,3,standing dead,25.6,,,,,leaning,
no tag,9,8,4,984,,,,,,,,A,N,N,3,lying whole,10.7,,,5.1,6.5,,
no tag,9,8,4,984,,,,,,,,A,N,N,3,lying whole,8.5,,,6.2,7.8,,
no tag,9,9,2,992,,,,,,,,A,N,N,3,stump,,,,,,,
90105,9,9,1,991,,,,,,,,A,N,N,3,lying whole,18.3,,,16.6,2.7,,
90108,9,9,1,991,,,,,,,,A,N,N,2,standing dead,18.5,,,,,,
no tag,9,9,1,991,,,,,,,,A,N,N,3,stump,,,,,,,
no tag,9,10,1,9101,,,,,,,,A,N,N,3,lying whole,11.8,,,7,2.5,,
90201,9,8,1,981,,,,,,,,A,N,N,3,lying whole,12,,,9.6,6.8,,
no tag,9,7,2,972,,,,,,,,A,N,N,3,lying whole,14.5,,,10.1,10.4,,
no tag,9,7,1,971,,,,,,,,A,N,N,3,lying whole,11.7,,,9.7,7.5,,
no tag,9,6,2,962,,,,,,,,A,N,N,3,lying whole,19.6,,,13,8.9,,
90930,9,6,2,962,,,,,,,,A,N,N,2,standing broken,24.2,7,18.4,,,,
90930,9,6,2,962,,,,,,,,B,N,N,2,standing broken,18.4,,,17.7,2.1,,
90930,9,6,2,962,,,,,,,,C,N,N,2,standing broken,15.8,,,15.8,3.8,,
90930,9,6,2,962,,,,,,,,D,N,N,2,standing broken,15.3,,,13.7,2.1,,
no tag,9,6,3,963,,,,,,,,A,N,N,3,lying whole,12.6,,,10.6,3.5,,
no tag,9,6,3,963,,,,,,,,A,N,N,3,lying whole,13.6,,,10.2,8,,
90942,9,6,3,963,,,,,,,,A,N,N,2,standing dead,16.8,,,,,,
no tag,9,6,4,964,,,,,,,,A,N,N,2,lying whole,17.8,,,14.2,11.1,PRAV or Betula,
90683,9,7,3,973,,,,,,,,A,N,N,3,standing broken,16.9,2.5,,,,no top,
no tag,9,7,3,973,,,,,,,,A,N,N,3,stump,,,,,,,
no tag,9,7,4,974,,,,,,,,A,N,N,3,lying whole,17.6,,,9.2,5.1,,
no tag,9,7,4,974,,,,,,,,A,N,N,3,lying broken,17.8,,,10.8,7.2,,
no tag,9,8,4,984,,,,,,,,B,N,N,3,lying broken,9.2,,,4.2,4,,
no tag,9,8,10,9810,,,,,,,,A,N,N,3,stump,,,,,,,
no tag,9,7,9,979,,,,,,,,A,N,N,3,stump,,,,,,,
no tag,9,6,9,969,,,,,,,,A,N,N,3,lying whole,22.1,,,8.9,12.1,,
91023,9,7,9,979,,,,,,,,A,N,N,2,standing dead,11.1,,,,,,
no tag,9,8,8,988,,,,,,,,A,N,N,3,lying whole,35.9,,,21.3,19.6,,
no tag,9,10,9,9109,,,,,,,,A,N,N,3,lying whole,21.4,,,12.1,8.3,,
91011,9,7,8,978,,,,,,,,A,N,N,1,standing broken,40.2,2,29.5,,,live buds,
91011,9,7,8,978,,,,,,,,B,N,N,1,standing broken,29.5,,,12.7,25.4,live buds,
91011,9,10,9,9109,,,,,,,,C,N,N,1,standing broken,12.3,,,4.2,4.5,live buds,
no tag,9,8,6,986,,,,,,,,A,N,N,3,lying whole,75.2,,,50.1,19.7,,
no tag,9,10,7,9107,,,,,,,,A,N,N,3,lying whole,11.8,,,7.3,6,,
no tag,9,10,6,9106,,,,,,,,A,N,N,3,lying whole,40.6,,,37,19.9,,
no tag,9,1,5,915,,,,,,,,A,N,N,3,lying broken,50.6,,,49.5,5.9,,
100771,10,5,8,1058,,,,,,,,A,W,N,2,lying whole,81.6,,,65.8,7.2,,
100772,10,6,9,1069,,,,,,,,B,W,N,2,lying whole,65.8,,,20.7,,,
100773,10,6,9,1069,,,,,,,,C,W,N,2,lying whole,65.8,,,28.4,,,
100774,10,6,9,1069,,,,,,,,D,W,N,2,lying whole,65.8,,,33.2,,,
101735,10,9,5,1095,,,,,,,,A,N,N,2,standing dead,5.8,,,,,,
101222,10,10,3,10103,,,,,,,,A,N,N,2,standing dead,3.3,,,,,,
101813,10,9,7,1097,,,,,,,,A,N,N,3,lying whole,36,,,35,9.9,,
102128,10,10,6,10106,,,,,,,,A,N,N,2,lying whole,44.7,,,29.4,15.3,,
102026,10,9,10,10910,,,,,,,,A,W,N,1,lying broken,74.4,,,45.7,18.9,,
no tag,10,1,4,1014,,,,,,,,A,N,N,3,lying whole,41,,,,5.8,,
no tag,10,2,5,1025,,,,,,,,A,N,N,3,lying whole,15.3,,,11.8,5.5,,
100301,10,3,5,1035,,,,,,,,A,N,N,3,standing broken,108.1,21,54.1,,,,
100301,10,4,5,1045,,,,,,,,B,N,N,3,standing broken,54.1,,,43.3,6,,
100301,10,4,5,1045,,,,,,,,C,N,N,3,standing broken,42,,,38.3,3.5,,
100286,10,3,4,1034,,,,,,,,A,N,N,2,standing dead,56,,,,,,
no tag,10,3,4,1034,,,,,,,,A,N,N,2,lying whole,13.8,,,6.9,6.8,,
100715,10,5,4,1054,,,,,,,,A,N,N,3,lying whole,31.2,,,,1.5,,
no tag,10,5,4,1054,,,,,,,,A,N,N,3,stump,,,,,,,
no tag,10,2,3,1023,,,,,,,,A,N,N,3,lying whole,17.7,,,11.7,10.9,,
100266,10,3,3,1033,,,,,,,,A,N,N,2,standing dead,10.2,,,,,,
no tag,10,3,2,1032,,,,,,,,A,N,N,3,lying whole,10.7,,,3.9,4.4,,
no tag,10,3,1,1031,,,,,,,,A,N,N,3,lying whole,8.5,,,8.3,3.7,,
no tag,10,2,1,1021,,,,,,,,A,N,N,3,standing dead,6.9,,,,,leaning,
100128,10,2,2,1022,,,,,,,,A,N,N,2,lying whole,11.3,,,6.7,9.5,,
no tag,10,2,2,1022,,,,,,,,A,N,N,3,stump,,,,,,,
100433,10,4,1,1041,,,,,,,,A,N,N,3,lying broken,27.5,,,21.7,9.2,,
no tag,10,5,1,1051,,,,,,,,A,N,N,3,lying whole,17.6,,,13.5,5.4,,
100544,10,5,1,1051,,,,,,,,A,N,N,3,standing dead,6.2,,,,,,
no tag,10,2,2,1022,,,,,,,,A,N,N,2,lying whole,7,,,4.2,5.3,,
no tag,10,2,9,1029,,,,,,,,A,N,N,2,lying whole,9,,,5.8,4.9,,
no tag,10,1,9,1019,,,,,,,,A,N,N,3,stump,,,,,,,
no tag,10,2,9,1029,,,,,,,,A,N,N,3,lying whole,21,,,16.3,11.8,,
no tag,10,2,9,1029,,,,,,,,A,N,N,3,lying whole,23.3,,,17.7,14.2,,
no tag,10,2,9,1029,,,,,,,,A,N,N,3,lying whole,21.5,,,15.2,6.1,,
no tag,10,4,9,1049,,,,,,,,A,N,N,3,lying whole,17.2,,,10.4,10,,
100781,10,5,9,1059,,,,,COFL2,22,,A,N,N,2,lying whole,8.5,,,2.8,4.7,,
100790,10,5,10,10510,,,,,,,,A,N,N,2,standing dead,85.4,,,,,,
100782,10,5,9,1059,,,,,,,,A,N,N,2,standing broken,44.7,17,23.3,,,,
100782,10,5,9,1059,,,,,,,,B,N,N,2,standing broken,23.3,,,20.7,6,,
no tag,10,1,7,1017,,,,,,,,A,N,N,2,lying whole,37.7,,,32,11.5,,
no tag,10,1,7,1017,,,,,,,,A,N,N,2,lying whole,13.7,,,13.7,2.6,,
no tag,10,3,6,1036,,,,,,,,A,N,N,3,lying whole,15,,,7,5.5,,
no tag,10,4,6,1046,,,,,,,,A,N,N,3,stump,,,,,,,
100754,10,5,6,1056,,,,,,,,A,N,N,2,lying whole,6.5,,,3.7,4.1,,
no tag,10,6,6,1066,,,,,,,,A,N,N,3,lying whole,29,,,26.7,5.5,,
no tag,10,5,6,1056,,,,,,,,A,N,N,3,lying whole,18.2,,,7.7,3.9,,
101256,10,7,4,1074,,,,,,,,A,N,N,2,lying whole,5.8,,,4.6,5.4,,
101626,10,8,5,1085,,,,,,,,A,N,N,2,lying whole,8.1,,,3,5.1,,
no tag,10,9,5,1095,,,,,,,,A,N,N,3,lying whole,37.9,,,34,12.8,,
no tag,10,8,5,1085,,,,,,,,A,N,N,3,stump,,,,,,,
101732,10,9,5,1095,,,,,,,,A,N,N,2,lying whole,5,,,3.6,3.9,,
no tag,10,10,5,10105,,,,,,,,A,N,N,3,lying whole,25.2,,,17.8,16.7,,
no tag,10,10,3,10103,,,,,,,,A,N,N,3,lying whole,10.5,,,7.1,4.5,,
101362,10,9,4,1094,,,,,,,,A,N,N,2,lying whole,4.1,,,2.6,3.6,broken,
101357,10,9,4,1094,,,,,,,,A,N,N,2,standing dead,7.7,,,,,,
100953,10,7,2,1072,,,,,,,,A,N,N,2,lying whole,4.5,,,3,3.2,,
no tag,10,6,2,1062,,,,,,,,A,N,N,3,standing dead,12.1,,,,,,
no tag,10,6,1,1061,,,,,,,,A,N,N,3,lying whole,35.8,,,35.3,7.8,,
100905,10,7,1,1071,,,,,,,,A,N,N,2,standing dead,59,,,,,,
101646,10,8,6,1086,,,,,,,,A,N,N,1,lying whole,42.1,,,28.8,7.5,,
101445,10,7,7,1077,,,,,,,,A,W,N,1,lying whole,18.1,,,,9.8,live buds,
101443,10,7,7,1077,,,,,,,,A,W,N,1,lying whole,78.2,,,38.7,17.1,live buds,
101029,10,6,6,1066,,,,,,,,A,N,N,2,standing dead,,,,,,,
101664,10,8,6,1086,,,,,,,,A,N,N,2,standing dead,3,,,,,,
101661,10,8,6,1086,,,,,,,,A,N,N,2,standing dead,5.6,,,,,,
101657,10,8,6,1086,,,,,,,,A,N,N,2,lying whole,7,,,2.9,3.5,,
no tag,10,8,6,1086,,,,,,,,A,N,N,3,lying whole,28.5,,,24.1,7.8,,
101761,10,9,6,1096,,,,,,,,A,N,N,2,standing dead,16.3,,,,,,
101777,10,9,6,1096,,,,,,,,A,N,N,2,standing dead,4.8,,,,,,
101804,10,9,7,1097,,,,,,,,A,N,N,2,standing dead,36.4,,,,,,
102129,10,10,6,10106,,,,,,,,A,N,N,2,lying whole,5.5,,,3.4,3.2,broken,
101903,10,8,10,10810,,,,,,,,A,N,N,2,standing dead,12.8,,,,,,
101467,10,7,9,1079,,,,,,,,A,N,N,2,standing dead,52.7,,,,,,
101911,10,10,10,101010,,,,,,,,A,N,N,3,lying whole,52.2,,,36.1,12.1,,
no tag,10,10,9,10109,,,,,,,,A,N,N,2,lying whole,6.7,,,2.8,3.6,,
110614,11,1,10,11110,,,,,,,,B,N,Y,1,standing broken,27.3,,,26.9,1,rearranged from sketch,
110614,11,1,10,11110,,,,,,,,C,N,Y,1,standing broken,26.2,,,24.9,1.1,rearranged from sketch,
110614,11,1,10,11110,,,,,,,,D,N,Y,1,standing broken,25.3,,,24.5,1,rearranged from sketch,
110614,11,1,10,11110,,,,,,,,E,N,Y,1,standing broken,25.2,,,23.2,0.8,rearranged from sketch,
110614,11,2,9,1129,,,,,,,,F,N,Y,2,standing broken,24.6,,,21,2.2,rearranged from sketch,
110614,11,2,9,1129,,,,,,,,G,N,Y,2,standing broken,23.5,,,22.8,1.3,rearranged from sketch,
110614,11,2,9,1129,,,,,,,,H,N,Y,2,standing broken,19.4,,,16.4,1.5,rearranged from sketch,
110614,11,2,9,1129,,,,,,,,I,N,Y,2,standing broken,19.2,,,15.3,1.5,rearranged from sketch,
,11,6,8,1168,,,,,,,,A,N,N,3,lying whole,,,,12.9,3.5,,
no tag,11,5,5,1155,,,,,,,,A,N,N,3,lying whole,30.9,,,5.9,15.3,,
no tag,11,8,10,11810,,,,,,,,A,N,N,3,lying whole,28.5,,,20.7,,,
no tag,11,1,5,1115,,,,,,,,A,N,N,3,lying whole,29.5,,,8.1,17.1,,
110148,11,2,4,1124,,,,,,,,A,N,N,3,lying whole,19.6,,,18.7,3.4,,
110143,11,2,3,1123,,,,,,,,A,N,N,1,standing dead,6.1,,,,,,
110353,11,4,4,1144,,,,,,,,A,N,N,3,standing dead,21.4,,,,,,
111021,11,6,6,1166,,,,,,,,A,N,N,2,lying whole,23.7,,,12.1,,,
110833,11,5,4,1154,,,,,,,,A,N,N,1,lying broken,32,,,13.5,8,,
110833,11,6,5,1165,,,,,,,,B,N,N,1,lying broken,9.4,,,3.7,,,
no tag,11,4,4,1144,,,,,,,,A,N,N,3,lying whole,39.5,,,38.3,10.4,,
110022,11,1,3,1113,,,,,,,,A,N,N,2,lying whole,9.5,,,7.3,5.3,,
110124,11,2,2,1122,,,,,,,,A,N,N,2,lying whole,4.2,,,4,2.4,,
no tag,11,3,2,1132,,,,,,,,A,N,N,2,lying whole,8.9,,,7.3,4.5,,
110235,11,3,3,1133,,,,,,,,A,N,N,2,lying whole,5,,,4.5,2,,
110301,11,4,2,1142,,,,,,,,A,N,N,2,standing dead,8.8,,,,,,
no tag,11,5,1,1151,,,,,,,,A,N,N,3,lying whole,19,,,14.3,4.3,,
no tag,11,1,1,1111,,,,,COFL2,22,,A,N,N,3,lying whole,9.2,,,6.6,7.4,,
110816,11,5,3,1153,,,,,,,,A,N,N,2,standing dead,1.2,,,,,,
110817,11,5,3,1153,,,,,,,,A,N,N,2,standing dead,1.3,,,,,,
110818,11,5,3,1153,,,,,,,,A,N,N,2,standing dead,1.9,,,,,,
110819,11,5,3,1153,,,,,,,,A,N,N,2,standing dead,2,,,,,,
110623,11,1,10,11110,,,,,,,,A,N,N,2,standing dead,29.6,,,,,,
110614,11,1,10,11110,,,,,,,,A,N,Y,1,standing broken,46.6,18,27.3,,,,
no tag,11,1,9,1119,,,,,,,,A,N,N,2,lying whole,11.5,,,5.2,6.1,,
no tag,11,3,9,1139,,,,,,,,A,N,N,3,stump,,,,,,,
110429,11,3,9,1139,,,,,,,,A,N,N,3,lying whole,7.2,,,5.2,3.1,,
111156,11,5,9,1159,,,,,,,,A,N,N,2,lying whole,2.7,,,2,1.7,,
111158,11,5,9,1159,,,,,,,,A,N,N,2,lying whole,1.5,,,0.8,3.5,broken,
111129,11,5,9,1159,,,,,,,,A,N,N,2,lying whole,1.2,,,1.2,1.4,broken,
110881,11,5,8,1158,,,,,,,,A,N,N,2,standing dead,78.5,,,,,,
111115,11,5,8,1158,,,,,,,,A,N,N,2,lying whole,2.7,,,1.3,3.1,,
110398,11,4,8,1148,,,,,,,,A,N,N,2,standing dead,7.2,,,,,,
111066,11,6,8,1168,,,,,,,,A,N,N,2,lying whole,10.3,,,9.9,3.9,,
no tag,11,1,8,1118,,,,,,,,A,N,N,3,stump,,,,,,,
no tag,11,1,6,1116,,,,,,,,A,W,N,3,lying whole,36.5,,,17.1,8.1,,
no tag,11,1,6,1116,,,,,,,,A,N,N,3,lying whole,16.3,,,6,9.4,,
110165,11,2,6,1126,,,,,,,,A,N,N,2,standing broken,12.7,,9.7,,,,
110165,11,2,6,1126,,,,,,,,B,N,N,2,standing broken,9.7,,,6.6,2.6,,
no tag,11,1,4,1114,,,,,,,,A,N,N,3,lying whole,29.5,,,8.1,21.8,,
110075,11,1,7,1117,,,,,,,,A,N,N,1,standing dead,15,,,,,,
110197,11,2,7,1127,,,,,CACA18,14,,A,N,N,3,lying whole,10.7,,,8.2,4.9,,
110297,11,3,7,1137,,,,,,,,A,N,N,2,standing dead,6.8,,,,,,
no tag,11,5,6,1156,,,,,,,,A,N,N,3,lying whole,20,,,13.6,5.9,,
no tag,11,5,6,1156,,,,,,,,A,N,N,3,lying whole,7.5,,,4.7,4.1,,
no tag,11,5,7,1157,,,,,,,,A,N,N,3,stump,,,,,,,
110855,11,5,6,1156,,,,,,,,A,N,N,2,standing broken,11.6,2,8.7,,,,
110855,11,5,6,1156,,,,,,,,B,N,N,2,standing broken,8.7,,,6,3,,
no tag,11,8,5,1185,,,,,FAGR,,,A,N,N,3,standing broken,85.5,2,80.6,,,,
no tag,11,8,5,1185,,,,,,,,B,N,N,3,standing broken,80.6,,,59.2,11.6,,
no tag,11,8,4,1184,,,,,,,,C,N,N,3,standing broken,51.8,,,47.2,5.3,,
no tag,11,8,4,1184,,,,,,,,A,N,N,3,lying whole,54.1,,,30.5,21.1,,
no tag,11,9,4,1194,,,,,,,,A,N,N,2,lying whole,12,,,7.9,4.6,,
110947,11,7,4,1174,,,,,,,,A,N,N,2,standing broken,28.8,,22.3,,,,
110947,11,7,4,1174,,,,,,,,B,N,N,2,standing broken,22.3,,,21.6,1.1,,
110947,11,7,4,1174,,,,,,,,C,N,N,2,standing broken,22,,,18.7,9.3,,
110947,11,8,4,1184,,,,,,,,D,N,N,2,standing broken,17.7,,,12.4,3.3,,
no tag,11,9,5,1195,,,,,,,,A,N,N,3,lying whole,14.1,,,12.5,13,,
no tag,11,6,3,1163,,,,,,,,A,N,N,2,lying whole,6.5,,,5,3.5,,
no tag,11,7,3,1173,,,,,,,,A,N,N,2,lying whole,8,,,6.4,2.3,,
no tag,11,7,2,1172,,,,,,,,A,N,N,3,lying whole,23.2,,,15.3,15.3,110585?,
no tag,11,7,2,1172,,,,,,,,A,N,N,3,stump,,,,,,,
no tag,11,7,2,1172,,,,,,,,A,N,N,2,lying whole,6.3,,,4.3,3.8,,
110867,11,7,1,1171,,,,,COFL2,22,,A,N,N,2,lying whole,9.6,,,7.8,4.9,,
110574,11,6,2,1162,,,,,,,,A,N,N,2,lying whole,10.6,,,4.8,6.6,,
no tag,11,6,2,1162,,,,,,,,A,N,N,3,lying whole,8.9,,,7.4,3.8,,
110580,11,6,2,1162,,,,,,,,A,N,N,2,lying whole,6,,,4.6,5.4,,
111345,11,9,1,1191,,,,,,,,A,N,N,1,lying whole,24.5,,,12.1,14.1,,
102026,11,10,2,11102,,,,,,,,B,W,N,1,lying broken,36.1,,,17.2,7.2,,
no tag,11,8,9,1189,,,,,,,,A,N,N,3,lying whole,21,,,13,10.7,,
112141,11,10,10,111010,,,,,,,,A,N,N,2,standing broken,10.1,1.8,8,,,,
112141,11,10,10,111010,,,,,,,,B,N,N,2,standing broken,8,,,6.3,3.2,,
no tag,11,10,10,111010,,,,,,,,A,N,N,3,stump,,,,,,,
no tag,11,9,8,1198,,,,,,,,A,N,N,3,lying whole,6.6,,,4.6,3.1,,
no tag,11,10,9,11109,,,,,,,,A,N,N,2,lying whole,36.3,,,19.9,12.4,,
111727,11,9,7,1197,,,,,,,,A,N,N,2,lying whole,13.2,,,6.8,5.5,,
no tag,11,9,7,1197,,,,,,,,A,N,N,2,lying whole,81,,,67.8,13.3,,
no tag,11,9,7,1197,,,,,,,,A,N,N,3,stump,,,,,,,
111590,11,9,6,1196,,,,,,,,A,N,N,1,standing dead,3.7,,,,,leaning,
111595,11,9,6,1196,,,,,CACA18,14,,A,N,N,2,lying whole,14,,,5,2.7,,
111587,11,9,6,1196,,,,,,,,A,N,N,2,lying whole,5.5,,,3.2,2.5,,
111628,11,8,7,1187,,,,,,,,A,N,N,2,lying whole,14.1,,,10.7,4.6,,
111620,11,8,7,1187,,,,,,,,A,N,N,2,standing broken,12.2,,,9.4,2.8,connected,
no tag,11,8,8,1188,,,,,,,,A,N,N,2,lying whole,41.9,,,24,23.3,,
no tag,11,7,6,1176,,,,,,,,A,N,N,3,lying whole,48.3,,,22,11.2,,
110985,11,7,7,1177,,,,,,,,A,N,N,2,lying whole,5,,,2.7,4.4,,
111035,11,6,7,1167,,,,,,,,A,N,N,2,lying whole,10,,,5.1,6.4,,
111030,11,6,6,1166,,,,,,,,A,N,N,2,standing dead,10.1,,,,,leaning,
111019,11,6,6,1166,,,,,,,,A,N,N,2,standing dead,10.4,,,,,leaning,
111021,11,6,6,1166,,,,,,,,A,N,N,2,lying whole,23.7,,,12.1,11.3,,
no tag,11,6,8,1168,,,,,,,,A,N,N,3,stump,,,,,,,
no tag,11,6,8,1168,,,,,,,,A,N,N,3,stump,,,,,,,
123427,12,9,9,1299,,,,,COFL2,,,A,N,N,2,lying whole,6.6,,,3.2,4.3,,
122365,12,2,5,1225,,,,,,,,A,N,N,1,lying whole,2.3,,,0.9,2.6,broken,
no tag,12,2,4,1224,,,,,,,,A,N,N,3,lying whole,,,,24.9,,,
no tag,12,1,3,1213,,,,,,,,A,N,N,3,lying whole,32.6,,,25,11.9,,
122346,12,2,3,1223,,,,,,,,A,N,N,2,lying whole,10.8,,,10.2,2.5,,
122426,12,4,1,1241,,,,,,,,A,N,N,2,standing dead,6.3,,,,,,
no tag,12,4,1,1241,,,,,CACA18,14,,A,N,N,2,stump,,,,,,,
122646,12,5,1,1251,,,,,,,,A,N,N,2,standing dead,,,,,,stump sprouts,
122643,12,5,1,1251,,,,,,,,A,N,N,2,lying whole,4,,,3.2,2.2,,
122637,12,5,1,1251,,,,,,,,A,N,N,2,lying whole,11.1,,,9,8.1,,
122439,12,4,3,1243,,,,,,,,A,N,N,3,standing broken,15.8,1.7,,,,no top,
122226,12,4,3,1243,,,,,,,,A,N,N,2,standing dead,10.7,,,,,,
no tag,12,3,3,1233,,,,,,,,A,N,N,3,lying whole,12.2,,,9.8,3.4,,
no tag,12,3,3,1233,,,,,COFL2,22,,A,N,N,2,standing broken,4.5,1.7,4.5,,,,
no tag,12,3,3,1233,,,,,COFL2,22,,B,N,N,2,standing broken,4.5,,,1.8,2.8,,
no tag,12,4,4,1244,,,,,,,,A,N,N,3,stump,,,,,,,
no tag,12,5,5,1255,,,,,,,,A,N,N,3,stump,,,,,,,
no tag,12,4,3,1243,,,,,,,2,A,N,Y,3,lying cut,54.9,,,,1.7,no top,
no tag,12,4,3,1243,,,,,,,1,A,N,Y,3,lying cut,62.4,,65.6,,1.8,,
no tag,12,4,4,1244,,,,,,,1,B,N,Y,3,lying cut,65.6,,,34.4,15.1,,
no tag,12,5,3,1253,,,,,,,,D,N,Y,3,lying cut,47.9,,,45.2,2.3,,
no tag,12,5,3,1253,,,,,,,,E,N,Y,3,lying cut,46.2,,,45.1,1.9,,
no tag,12,5,2,1252,,,,,,,,F,N,Y,3,lying cut,39.7,,,26.7,12,,
no tag,12,1,10,12110,,,,,,,,A,N,N,3,lying whole,12.6,,,11,3.9,,
no tag,12,2,10,12210,,,,,,,,A,N,N,3,lying whole,14,,,7.7,9.8,,
no tag,12,2,10,12210,,,,,,,,A,N,N,3,lying whole,6,,,4.3,4.4,,
122528,12,2,10,12210,,,,,,,,A,N,N,2,lying broken,28,,,16.5,19,,
122528,12,4,10,12410,,,,,,,,B,N,N,2,lying broken,16,,,11.6,5.1,,
no tag,12,2,9,1229,,,,,,,,A,N,N,3,lying ,14,,,6.5,8.1,,
no tag,12,3,10,12310,,,,,,,,A,N,N,3,lying whole,13,,,10.5,10.9,,
122186,12,1,8,1218,,,,,,,,A,N,N,2,lying whole,22.7,,,12,18,,
no tag,12,2,8,1228,,,,,,,,A,N,N,3,lying whole,22.7,,,14.4,8.5,,
no tag,12,2,8,1228,,,,,,,,A,N,N,3,stump,,,,,,,
no tag,12,4,10,12410,,,,,,,,A,N,N,3,lying whole,28.8,,,9.6,19.1,,
no tag,12,5,10,12510,,,,,,,,A,N,N,3,lying whole,42.6,,,38,9.2,,
no tag,12,5,10,12510,,,,,,,,A,N,N,3,lying whole,18.3,,,15.7,3.1,,
122835,12,5,8,1258,,,,,,,,A,N,N,3,standing broken,24.8,1.9,19.7,,,,
122835,12,6,8,1268,,,,,,,,B,N,N,3,standing broken,19.7,,,18.2,2.3,,
122835,12,6,7,1267,,,,,,,,C,N,N,3,standing broken,18.2,,,13.5,3.1,,
no tag,12,7,9,1279,,,,,,,,A,N,N,3,lying whole,63.8,,,35.3,22.2,,
122841,12,6,9,1269,,,,,,,,A,N,N,3,standing dead,45,,,,,,
no tag,12,5,8,1258,,,,,,,,A,N,N,3,lying whole,23.8,,,9.9,15.2,,
122802,12,5,6,1256,,,,,,,,A,N,N,2,lying whole,7.2,,,5.4,,,
122706,12,4,7,1247,,,,,,,,A,N,N,2,standing broken,46.5,16,,,,no top,
no tag,12,3,7,1237,,,,,,,,A,N,N,3,lying whole,24.3,,,12.3,14.6,,
no tag,12,3,6,1236,,,,,,,,A,N,N,3,lying whole,7.6,,,5.8,3,,
no tag,12,2,7,1227,,,,,,,,A,N,N,3,lying whole,11.7,,,10.6,3.1,,
no tag,12,7,6,1276,,,,,,,,A,N,Y,3,lying cut,13,,,4.3,9.3,,
no tag,12,8,5,1285,,,,,,,,A,N,N,3,lying whole,49,,,48.3,9.4,,
no tag,12,8,5,1285,,,,,,,,A,N,N,3,lying whole,44.5,,,38.2,5.3,,
no tag,12,8,5,1285,,,,,,,,B,N,N,3,lying whole,38.2,,,12.6,11.9,,
no tag,12,8,5,1285,,,,,,,,C,N,N,3,lying whole,38.2,,,12.2,9.7,,
123045,12,7,4,1274,,,,,COFL2,22,,A,N,N,2,lying whole,5.1,,,3.3,4,,
no tag,12,6,4,1264,,,,,,,,A,N,Y,3,lying cut,55.2,,,51.5,1.7,,
no tag,12,6,3,1263,,,,,,,,A,N,Y,3,lying cut,51.3,,,49.5,1.9,,
no tag,12,8,3,1283,,,,,COFL2,22,,A,N,N,2,lying whole,5.5,,,,3.5,leaning on 123254,
123110,12,8,2,1282,,,,,,,,A,N,N,3,lying whole,3.3,,,3.2,3.1,,
122549,12,6,1,1261,,,,,,,,A,N,N,2,standing broken,6.3,2.5,5,,,,
122549,12,6,1,1261,,,,,,,,B,N,N,2,standing broken,5,,,4.2,1.4,,
122549,12,6,1,1261,,,,,,,,C,N,N,2,standing broken,4.1,,,1.6,2.5,,
123218,12,9,1,1291,,,,,,,,A,N,N,2,lying whole,7.5,,,6.3,2.4,,
123223,12,9,1,1291,,,,,,,,A,N,N,2,standing dead,4,,,,,,
123231,12,9,1,1291,,,,,,,,A,N,N,3,standing broken,46.5,1.5,30.4,,,,
123231,12,10,1,12101,,,,,,,,B,N,N,3,standing broken,30.4,,,23.2,11,,
no tag,12,10,3,12103,,,,,,,,A,N,N,3,lying whole,5.3,,,4.3,3.3,,
no tag,12,10,5,12105,,,,,,,,A,N,N,3,stump,,,,,,,
no tag,12,10,4,12104,,,,,,,,A,N,N,3,lying whole,41.1,,,34.5,9.2,,
no tag,12,10,5,12105,,,,,,,,A,N,N,3,lying whole,46.5,,,32.3,10,,
no tag,12,10,5,12105,,,,,,,,A,N,N,3,lying whole,40,,,16,11.3,,
no tag,12,9,10,12910,,,,,,,,A,N,N,3,lying whole,34.5,,,6.4,20.4,,
123741,12,10,10,121010,,,,,,,,A,N,N,3,standing broken,37,12,24.2,,,,
123741,12,10,10,121010,,,,,,,,B,N,N,3,standing broken,24.2,,,19.9,1.8,,
123404,12,9,6,1296,,,,,,,,A,N,N,2,lying whole,7.6,,,5.3,4.3,,
123405,12,9,6,1296,,,,,,,,A,N,N,2,lying whole,5.2,,,2.1,4.3,,
no tag,12,8,6,1286,,,,,,,,A,N,N,3,stump,,,,,,,
123159,12,8,6,1286,,,,,,,,A,N,N,2,lying broken,7.8,,,7.6,2.2,,
123159,12,8,6,1286,,,,,,,,B,N,N,2,lying broken,7,,,6.6,2.6,,
no tag,12,8,8,1288,,,,,COFL2,22,,A,N,N,2,lying broken,10.3,,,8.2,3.5,,
no tag,12,8,8,1288,,,,,COFL2,22,,B,N,N,2,lying broken,6.8,,,5.9,1.9,,
122929,12,6,8,1268,,,,,COFL2,22,,A,N,N,2,lying whole,6.7,,,6.6,3.9,,
no tag,13,1,5,1315,,,,,,,,A,N,N,3,lying whole,21,,,15.4,4.4,,
130907,13,1,1,1311,,,,,,,,A,N,N,3,lying whole,15,,,10.7,6.2,,
no tag,13,1,8,1318,,,,,,,,A,N,N,3,lying whole,11,,,7.1,5.1,,
no tag,13,1,5,1315,,,,,,,,A,N,N,3,lying whole,21.5,,,18.7,10.6,,
no tag,13,2,4,1324,,,,,,,,A,N,N,3,stump,,,,,,,
130766,13,3,5,1335,,,,,,,,A,N,N,2,lying whole,6.1,,,4.9,2.7,,
no tag,13,3,4,1334,,,,,,,,A,N,N,3,lying whole,52.4,,,37.2,10.6,,
no tag,13,3,3,1333,,,,,,,,A,N,N,3,lying whole,33.8,,,17.4,9.6,,
130960,13,5,1,1351,,,,,,,,A,N,N,1,standing dead,13.6,,,,,,
130807,13,4,1,1341,,,,,,,,A,N,N,2,lying whole,10.5,,,6.4,7.1,,
130792,13,4,1,1341,,,,,,,,A,N,N,2,standing dead,2.1,,,,,,
no tag,13,3,1,1331,,,,,,,,A,N,N,3,lying whole,11.8,,,8.2,5.6,,
130003,13,3,1,1331,,,,,,,,A,N,N,2,standing dead,13.2,,,,,,
no tag,13,3,2,1332,,,,,,,,A,N,N,2,lying whole,18,,,9.1,9.8,,
130423,13,2,1,1321,,,,,,,,A,N,N,3,lying whole,14.6,,,9.2,13.1,,
130445,13,2,1,1321,,,,,,,,A,N,N,3,standing broken,15,1.7,12.7,,,,
130445,13,2,1,1321,,,,,,,,B,N,N,3,standing broken,12.7,,,9.4,8,,
130429,13,2,1,1321,,,,,,,,A,N,N,2,standing dead,16.4,,,,,,
130889,13,1,10,13110,,,,,,,,A,N,N,3,standing dead,10,,,,,,
no tag,13,1,8,1318,,,,,,,,A,N,N,3,lying whole,35.4,,,32.5,8,,
no tag,13,1,8,1318,,,,,,,,A,N,N,3,lying whole,30.8,,,14.7,8.8,,
130297,13,3,8,1338,,,,,,,,A,N,N,2,standing dead,2,,,,,,
130296,13,3,8,1338,,,,,,,,A,N,N,2,standing dead,11.3,,,,,,
no tag,13,3,8,1338,,,,,,,,A,N,N,3,lying whole,54.5,,,46.1,15.3,,
no tag,13,3,6,1336,,,,,,,,A,N,N,3,lying whole,25.7,,,,4.8,,
130551,13,4,6,1346,,,,,,,,A,N,N,3,standing dead,45.7,,,,,leaning,
130559,13,4,6,1346,,,,,,,,A,N,N,2,lying whole,6,,,4.9,2.4,,
130560,13,4,6,1346,,,,,,,1,A,N,N,2,lying whole,46.1,,,33.6,18.1,,
130560,13,4,6,1346,,,,,,,2,A,N,N,2,lying broken,38.4,,,38.3,1.7,,
130560,13,3,6,1336,,,,,,,2,B,N,N,2,lying broken,31.5,,,30.6,6.6,,
130560,13,3,7,1337,,,,,,,2,C,N,N,2,lying broken,31.1,,,22.7,5.3,,
130567,13,4,6,1346,,,,,,,,A,N,N,1,standing dead,3.6,,,,,,
131285,13,5,6,1356,,,,,,,,A,W,N,1,lying whole,47.3,,,40.1,14.5,,
131292,13,5,7,1357,,,,,,,,A,N,N,2,lying whole,27.8,,,21,,broken below dbh,
131291,13,5,7,1357,,,,,,,,A,N,N,2,standing dead,30.3,,,,,,
no tag,13,5,7,1357,,,,,,,,A,N,N,3,stump,,,,,,,
no tag,13,4,8,1348,,,,,,,,A,N,N,3,lying whole,20.8,,,14.2,11.5,,
no tag,13,4,9,1349,,,,,,,,A,N,N,2,lying whole,54,,,34,16.8,,
130528,13,4,9,1349,,,,,,,2,A,N,N,1,standing broken,65,3.5,45,,,,
130528,13,4,9,1349,,,,,,,2,B,N,N,1,standing broken,45,,,17.1,21.6,,
no tag,13,4,10,13410,,,,,,,,A,N,N,3,lying whole,30.7,,,24,9.2,,
131333,13,5,10,13510,,,,,,,,A,N,N,3,standing broken,43.3,13.1,30.2,,,,
131333,13,5,10,13510,,,,,,,,B,N,N,3,standing broken,30.2,,,24,7,,
no tag,13,5,9,1359,,,,,,,,A,N,N,3,lying whole,62.1,,,32.7,17.5,,
131306,13,5,9,1359,,,,,,,,A,N,N,3,lying whole,28.8,,,20.9,7.7,,
131307,13,5,9,1359,,,,,,,,A,N,N,3,lying whole,46.8,,,33.5,14.8,,
131987,13,7,6,1376,,,,,,,,A,N,N,2,standing broken,25.2,16.5,12.7,,,,
131987,13,7,5,1375,,,,,,,,B,N,N,2,standing broken,12.7,,,5.9,5.6,,
131955,13,7,5,1375,,,,,,,,A,N,N,2,standing dead,3,,,,,,
no tag,13,7,5,1375,,,,,,,,A,N,N,3,stump,,,,,,,
no tag,13,6,5,1365,,,,,,,,A,N,N,3,lying whole,14.9,,,14.4,9,,
131049,13,6,5,1365,,,,,,,,A,N,N,1,lying whole,1.6,,,1.3,1.7,,
no tag,13,6,4,1364,,,,,,,,A,N,N,2,lying whole,31.2,,,14.4,23.8,,
132001,13,8,4,1384,,,,,,,,A,N,N,2,standing dead,3.2,,,,,,
no tag,13,8,4,1384,,,,,,,,A,N,Y,3,lying cut,44.5,,,41.2,6.4,,
no tag,13,8,4,1384,,,,,,,,A,N,N,3,stump,,,,,,,
no tag,13,7,4,1374,,,,,,,,A,N,N,3,lying whole,21.9,,,15.2,6.7,,
no tag,13,8,4,1384,,,,,,,,A,N,Y,3,lying cut,60.7,,,51.2,12.5,,
no tag,13,8,3,1383,,,,,,,,A,N,Y,3,lying cut,74.6,,,63.8,8.5,,
131493,13,8,1,1381,,,,,,,,A,N,N,2,standing dead,3.2,,,,,,
131351,13,7,1,1371,,,,,,,,A,N,N,2,standing dead,2.6,,,,,,
131356,13,7,1,1371,,,,,,,,A,N,N,2,standing dead,0.8,,,,,,
130655,13,6,1,1361,,,,,,,,A,N,N,2,standing dead,2.9,,,,,,
130660,13,6,1,1361,,,,,,,,A,N,N,2,standing broken,6.5,,,3.7,,connected,
131134,13,6,2,1362,,,,,,,,A,N,N,2,standing dead,5.2,,,,,,
131157,13,6,2,1362,,,,,,,,A,N,N,2,lying whole,5.2,,,4.9,2.6,,
132472,13,10,2,13102,,,,,,,,A,N,N,1,standing broken,36.4,,,,,live buds,
133171,13,10,3,13103,,,,,PLOC,,,A,N,Y,3,standing cut,139.8,1.5,54.8,,,,
133171,13,10,3,13103,,,,,PLOC,,1,B,N,Y,3,standing cut,54.8,,,37.3,14.1,,
133171,13,10,3,13103,,,,,PLOC,,2,B,N,Y,3,standing cut,52.9,,,41.2,20.2,,
132289,13,10,3,13103,,,,,,,,A,N,N,2,standing dead,2.7,,,,,,
no tag,13,10,4,13104,,,,,,,,A,N,N,3,lying broken,38.8,,,34.6,8.5,,
no tag,13,9,5,1395,,,,,,,,B,N,N,3,lying broken,34.4,,,29.2,4.3,,
132932,13,9,5,1395,,,,,,,,A,N,N,2,lying whole,6.1,,,4.7,2.6,,
no tag,13,10,5,13105,,,,,,,,A,N,N,3,lying whole,54.8,,,39.8,13,,
132616,13,10,7,13107,,,,,,,1,A,N,N,2,standing broken,39.6,2,,,,no top,
132616,13,10,7,13107,,,,,,,2,A,N,N,2,standing broken,47.5,1.2,,16.8,22.9,,
132676,13,10,5,13105,,,,,,,,A,N,N,2,standing dead,3.5,,,,,,
132697,13,10,5,13105,,,,,,,,A,N,N,2,standing dead,2.3,,,,,,
133028,13,9,10,13910,,,,,,,,A,N,N,2,standing dead,28.8,,,,,,
no tag,13,7,8,1378,,,,,,,,A,N,N,3,lying whole,8.4,,,3.8,6.9,,
no tag,13,8,8,1388,,,,,,,,A,N,N,3,stump,,,,,,,
no tag,13,9,8,1398,,,,,,,,A,N,N,2,standing broken,86,12,50.9,,,,
no tag,13,9,8,1398,,,,,,,,B,N,N,2,standing broken,50.9,,,46.1,9.4,,
no tag,13,8,9,1389,,,,,,,,C,N,N,2,standing broken,45.9,,,42.8,2.3,,
no tag,13,6,7,1367,,,,,,,,A,N,N,3,stump,,,,,,,
132630,13,10,7,13107,,,,,,,,A,N,N,2,standing broken,27.5,2.5,24.2,,,,
132630,13,10,7,13107,,,,,,,,B,N,N,2,standing broken,24.2,,,16.8,3.1,,
132633,13,10,7,13107,,,,,,,,A,N,N,2,standing broken,68.1,1.3,62.6,,,,
132633,13,10,7,13107,,,,,,,,A,N,N,2,standing broken,62.6,,,29.3,26.1,,
no tag,14,9,1,1491,,,,,,,,A,N,N,3,lying whole,22.2,,,19.7,5.7,,
141098,14,5,5,1455,,,,,,,2,A,N,Y,1,standing broken,49.6,,,42.6,14.6,,
141098,14,6,5,1465,,,,,,,2,B,N,Y,1,standing broken,39,,,38.4,1.3,,
141098,14,6,5,1465,,,,,,,2,C,N,Y,1,standing broken,37.1,,,35,3.1,,
141224,14,5,5,1455,,,,,,,,A,N,N,2,standing broken,1.1,0.7,,,,,
141282,14,5,5,1455,,,,,,,,A,N,N,2,standing dead,1.7,,,,,,
141067,14,5,3,1453,,,,,,,,A,N,N,2,lying whole,2,,,1.6,1.9,,
no tag,14,5,2,1452,,,,,,,,A,N,N,3,lying whole,22.8,,,15.6,10.2,,
140738,14,5,1,1451,,,,,,,,A,N,N,2,standing dead,2.5,,,,,,
no tag,14,1,3,1413,,,,,,,,A,N,N,3,lying whole,14.2,,,11,6.8,,
140243,14,3,3,1433,,,,,,,,A,N,N,3,lying whole,17.1,,,12.5,10.8,,
140209,14,3,1,1431,,,,,,,,A,N,N,2,standing dead,25.2,,,,,,
140212,14,3,1,1431,,,,,,,,A,N,N,2,lying whole,30,,,29.9,4.9,,
140101,14,1,1,1411,,,,,,,,A,N,N,3,standing broken,36.4,3,27.7,,,,
140101,14,1,1,1411,,,,,,,,A,N,N,3,standing broken,27.7,,,18,13.3,,
no tag,14,1,1,1411,,,,,,,,A,N,N,3,lying whole,28.9,,,13.2,6.2,,
140835,14,1,5,1415,,,,,,,,A,N,N,3,standing broken,75.9,12,49.3,,,,
140835,14,1,10,14110,,,,,,,1,A,N,N,3,standing broken,49.3,,,39.7,13,,
140835,14,1,10,14110,,,,,,,2,A,N,N,3,standing broken,37.6,,,26.7,14.7,,
140824,14,1,10,14110,,,,,,,,A,N,N,2,standing dead,22,,,,,,
140676,14,1,9,1419,,,,,,,,A,N,N,2,standing broken,17.1,3.2,11.8,,,,
140676,14,1,9,1419,,,,,,,,B,N,N,2,standing broken,11.8,,,8.5,6.3,,
140534,14,3,9,1439,,,,,,,,A,N,N,2,standing broken,2,1.3,,,,top?,
140535,14,3,9,1439,,,,,,,,A,N,N,3,lying broken,8.8,,,6.8,5.7,,
140535,14,3,9,1439,,,,,,,,B,N,N,3,lying broken,6.8,,,6.2,1.3,,
141322,14,5,9,1459,,,,,,,,A,N,N,1,standing broken,,,,,,live buds,
140376,14,2,9,1429,,,,,,,,A,W,N,1,lying whole,51,,,27.8,28,live buds,
140355,14,2,8,1428,,,,,,,,A,N,N,1,standing broken,49.3,5,35.1,,,,
140355,14,2,8,1428,,,,,,,,B,N,N,1,standing broken,35.1,,,33.9,7.1,,
140638,14,3,8,1438,,,,,,,,A,N,N,3,standing broken,59.1,11,44.5,,,,
140638,14,3,8,1438,,,,,,,,B,N,N,3,standing broken,44.5,,,36.6,6.3,,
140638,14,4,8,1448,,,,,,,,C,N,N,3,standing broken,33.7,,,32.3,1.8,,
140638,14,4,8,1448,,,,,,,,D,N,N,3,standing broken,36,,,33.8,1.8,,
140969,14,4,8,1448,,,,,,,,A,N,N,3,lying whole,28.2,,,24.9,7,,
no tag,14,4,7,1447,,,,,,,,A,N,N,3,lying whole,47.3,,,26.7,15.8,,
142038,14,10,5,14105,,,,,,,,A,N,N,2,standing broken,18.5,4,8.6,,,,
142038,14,10,5,14105,,,,,,,,B,N,N,2,standing broken,8.6,,,7.5,3.3,,
141484,14,6,4,1464,,,,,,,,A,N,N,2,standing dead,3.6,,,,,,
141692,14,6,4,1464,,,,,,,,A,N,N,2,lying whole,1.1,,,0.6,2.2,,
141979,14,6,2,1462,,,,,,,,A,N,N,1,standing dead,4.4,,,,,,
no tag,14,8,4,1484,,,,,,,,A,N,N,3,lying whole,53.3,,,34.6,9.8,,
142293,14,8,4,1484,,,,,,,,A,N,N,3,standing broken,16.5,1.8,,,,no top,
142154,14,9,4,1494,,,,,,,,A,N,N,3,lying whole,2.2,,,0.8,,,
142153,14,9,4,1494,,,,,,,,A,N,N,3,standing dead,1.2,,,,,,
no tag,14,10,4,14104,,,,,,,,A,N,N,3,stump,,,,,,,
142010,14,10,3,14103,,,,,,,,A,N,N,2,lying whole,7,,,6.8,2.2,,
142242,14,8,2,1482,,,,,,,,A,N,N,2,standing broken,10.5,3,10,,,,
142242,14,8,2,1482,,,,,,,,B,N,N,2,standing broken,10,,,9.8,1.3,,
142246,14,8,2,1482,,,,,,,,A,N,N,2,standing dead,3.5,,,,,,
no tag,14,8,1,1481,,,,,,,,A,N,N,3,lying whole,43.9,,,36.4,6.1,,
141818,14,8,1,1481,,,,,,,,A,N,N,2,standing dead,1.4,,,,,,
141817,14,8,1,1481,,,,,,,,A,N,N,2,standing dead,3.2,,,,,,
no tag,14,9,1,1491,,,,,,,,A,N,Y,3,lying cut,48,,,49.1,7.7,split at base,
no tag,14,9,1,1491,,,,,,,,B,N,Y,3,lying cut,48.7,,,48.3,1.3,,
no tag,14,9,1,1491,,,,,,,,C,N,Y,3,lying cut,43.3,,,41.2,2,,
no tag,14,10,2,14102,,,,,,,,D,N,Y,3,lying cut,46.3,,,30.5,9.8,,
no tag,14,9,1,1491,,,,,,,,E,N,Y,3,lying cut,44.6,,,42,2.2,,
no tag,14,9,1,1491,,,,,,,,F,N,Y,3,lying cut,45.2,,,41.4,1.6,,
no tag,14,9,1,1491,,,,,,,,G,N,Y,3,lying cut,43.7,,,41.3,1.1,,
no tag,14,9,1,1491,,,,,,,,H,N,Y,3,lying cut,45.9,,,32.3,1.7,,
no tag,14,10,2,14102,,,,,,,,I,N,Y,3,lying cut,25.3,,,22.3,2.4,,
no tag,14,10,2,14102,,,,,,,,J,N,Y,3,lying cut,20.6,,,16,3.4,,
no tag,14,9,1,1491,,,,,,,,A,N,N,3,lying whole,40,,,30.8,13.6,,
no tag,14,9,1,1491,,,,,,,,A,N,Y,3,lying cut,84,,,83.3,8,,
no tag,14,9,1,1491,,,,,,,,A,N,Y,3,lying cut,53.6,,,49.5,8.5,,
141746,14,6,10,14610,,,,,,,,A,N,N,1,standing dead,3.5,,,,,,
142714,14,8,10,14810,,,,,,,,A,N,N,3,lying whole,10.1,,,9.6,2.7,,
no tag,14,7,10,14710,,,,,,,,A,N,N,3,lying whole,47.3,,,39.9,3.6,,
no tag,14,7,10,14710,,,,,,,,A,N,N,3,stump,,,,,,,
no tag,14,7,10,14710,,,,,,,,A,N,N,3,stump,,,,,,,
142442,14,7,9,1479,,,,,,,,A,N,N,1,lying whole,5.5,,,4.5,2.8,,
142443,14,7,9,1479,,,,,,,,A,N,Y,1,lying cut,7,,,6.6,3.5,leaning,
141521,14,6,8,1468,,,,,,,,A,N,N,2,standing broken,41.5,4,31.6,,,,
141521,14,6,8,1468,,,,,,,,B,N,N,2,standing broken,31.6,,,23.2,11.4,,
141521,14,6,7,1467,,,,,,,,C,N,N,2,standing broken,22.3,,,21,3.5,,
no tag,14,6,7,1467,,,,,,,,A,N,N,3,stump,,,,,,,
141641,14,6,7,1467,,,,,,,,A,N,N,2,standing dead,1.3,,,,,,
141913,14,6,6,1466,,,,,,,,A,N,N,2,standing dead,1.3,,,,,,
142324,14,8,6,1486,,,,,,,,A,N,N,3,standing broken,37.4,3,,,,,
142335,14,8,7,1487,,,,,,,,A,N,N,3,lying whole,22.1,,,14.6,4.1,,
no tag,14,9,6,1496,,,,,,,,A,N,N,3,stump,,,,,,,
no tag,14,10,6,14106,,,,,,,,A,N,N,3,stump,,,,,,,
no tag,14,10,9,14109,,,,,,,,A,N,N,2,lying whole,39.8,,,14.1,20,,
no tag,14,9,8,1498,,,,,,,,A,N,N,3,lying broken,41.3,,,36,9.6,,
no tag,14,10,8,14108,,,,,,,,B,N,N,3,lying broken,34.7,,,19.2,9.7,,
no tag,14,9,9,1499,,,,,,,,A,N,N,3,lying whole,19.5,,,11.1,8.5,,
no tag,14,9,9,1499,,,,,,,,A,N,N,3,stump,,,,,,,
no tag,14,10,9,14109,,,,,,,,A,N,N,3,standing dead,42.6,,,,,,
142379,14,9,10,14910,,,,,,,,A,N,N,2,standing dead,12.5,,,,,stump sprouts,
no tag,14,9,10,14910,,,,,,,,B,N,N,2,standing broken,60.7,,,33,18.4,,
no tag,14,10,10,141010,,,,,,,,A,N,N,3,stump,,,,,,,
no tag,14,10,10,141010,,,,,,,,A,N,N,3,lying whole,10.5,,,8.7,8.2,,
142560,14,10,10,141010,,,,,,,,A,N,N,3,standing dead,35,,,,,,
no tag,15,9,1,1591,,,,,,,,A,N,N,2,standing broken,60.7,2.5,60.7,,,dbh from B,
151207,15,5,5,1555,,,,,,,,A,N,N,2,standing broken,7.5,,,6.6,1.9,connected,
153078,15,1,4,1514,,,,,,,,A,N,N,2,standing dead,5.3,,,,,,
153054,15,1,4,1514,,,,,,,,A,N,N,2,lying whole,7.2,,,5.5,4.9,Ulmus?,
152197,15,1,3,1513,,,,,,,,A,N,N,2,standing dead,3.6,,,,,,
152187,15,1,3,1513,,,,,,,,A,N,N,2,standing dead,4.2,,,,,,
no tag,15,1,3,1513,,,,,,,,A,N,N,3,lying whole,32.3,,,17,16.5,,
no tag,15,1,2,1512,,,,,,,,A,N,N,3,lying whole,45.8,,,14.8,14.5,Betula,
no tag,15,2,1,1521,,,,,,,,A,N,N,2,standing dead,21.2,,,,,couldn't find tag,
152566,15,3,2,1532,,,,,,,,A,N,N,2,lying broken,8.7,,,7.4,1.8,,
152566,15,3,2,1532,,,,,,,,B,N,N,2,lying broken,7.4,,,5.1,2.6,,
151620,15,3,2,1532,,,,,,,,A,N,N,2,standing broken,5,,,,,no top,
151675,15,3,3,1533,,,,,,,,A,N,N,2,standing dead,3,,,,,,
151678,15,3,3,1533,,,,,,,,A,N,N,2,standing dead,4.4,,,,,,
151669,15,3,3,1533,,,,,,,,A,N,N,2,standing dead,2.4,,,,,,
152702,15,4,3,1543,,,,,,,,A,N,N,3,lying whole,50,,,34.2,10.6,,
no tag,15,5,5,1555,,,,,,,,A,N,N,3,lying whole,63.3,,,42,10,,
151406,15,1,10,15110,,,,,,,,A,N,N,2,standing dead,2.1,,,,,,
153510,15,1,9,1519,,,,,,,,A,N,N,2,standing dead,5.5,,,,,,
152496,15,2,10,15210,,,,,,,,A,N,N,2,standing dead,4.1,,,,,,
153312,15,2,10,15210,,,,,,,,A,N,N,2,standing dead,4.4,,,,,,
no tag,15,1,7,1517,,,,,,,,A,N,N,3,lying whole,21.9,,,9.2,14,,
no tag,15,2,8,1528,,,,,,,,A,N,N,3,lying whole,59.5,,,28,21.3,,
153336,15,1,7,1517,,,,,,,,A,N,N,2,lying whole,76.5,,,28.6,30.7,,
no tag,15,1,6,1516,,,,,,,,A,N,N,2,lying whole,35,,,12,23.9,,
150748,15,4,7,1547,,,,,,,,A,N,N,2,lying whole,60.2,,,35.1,26.1,stump sprouts,
no tag,15,4,7,1547,,,,,,,,A,N,N,3,lying whole,40.9,,,26.1,16.1,,
150735,15,4,7,1547,,,,,,,,A,N,N,1,standing dead,2,,,,,,
152654,15,5,8,1558,,,,,,,,A,N,N,3,lying broken,14,,,12,7,,
152654,15,5,8,1558,,,,,,,,B,N,N,3,lying broken,10.3,,,7,3.4,,
152794,15,4,10,15410,,,,,,,,A,N,N,2,lying whole,9.3,,,4.8,4.4,,
no tag,15,6,5,1565,,,,,,,,A,N,N,3,lying whole,16.7,,,8.1,10.2,,
150333,15,8,5,1585,,,,,,,,A,N,N,1,standing broken,16,,,9.4,9.6,connected,
no tag,15,8,4,1584,,,,,,,,A,N,N,3,lying whole,30.2,,,23.4,7.2,,
no tag,15,8,3,1583,,,,,,,,A,N,N,3,lying whole,30.9,,,29.8,7.1,,
150944,15,6,2,1562,,,,,,,,A,N,N,2,standing broken,49.2,2,38.4,,,,
150944,15,6,2,1562,,,,,,,,B,N,N,2,standing broken,38.4,,,11.2,22,,
150982,15,6,3,1563,,,,,,,,A,N,N,2,standing dead,2.6,,,,,,
150986,15,6,3,1563,,,,,LIST2,,,A,N,N,2,standing dead,2.5,,,,,,
150971,15,6,3,1563,,,,,,,,A,N,N,2,standing dead,2.6,,,,,,
150945,15,6,3,1563,,,,,,,,A,W,N,2,lying whole,37.2,,,19,22.2,,
no tag,15,6,3,1563,,,,,,,,A,N,N,3,lying whole,39,,,17.1,22.2,,
no tag,15,6,3,1563,,,,,,,,A,N,N,1,lying whole,9.7,,,7.6,5.2,,
150404,15,7,1,1571,,,,,,,,A,W,N,1,lying whole,54.2,,,42.6,17.1,live buds,
no tag,15,6,1,1561,,,,,,,,A,N,N,3,lying whole,26.4,,,22.7,6.3,,
no tag,15,7,2,1572,,,,,,,,A,N,N,3,lying broken,44.6,,,29.6,11.3,,
no tag,15,6,1,1561,,,,,,,,B,N,N,3,lying broken,29,,,27,3.1,,
no tag,15,10,1,15101,,,,,,,,A,N,N,3,stump,,,,,,,
150010,15,10,1,15101,,,,,,,,A,N,N,2,lying whole,8.7,,,5.6,8.1,,
150118,15,10,3,15103,,,,,,,,A,N,N,2,lying whole,2.2,,,1.4,3,,
150213,15,9,4,1594,,,,,,,,A,N,N,2,lying whole,5.1,,,4.9,5.3,,
150210,15,9,3,1593,,,,,,,,A,N,N,1,standing dead,3.1,,,,,,
no tag,15,10,4,15104,,,,,,,,A,N,Y,3,lying cut,50.4,,,40.2,14.3,,
no tag,15,10,5,15105,,,,,,,,B,N,Y,3,lying cut,36.6,,,27.7,2.2,,
150489,15,7,9,1579,,,,,,,,A,N,N,2,standing dead,1.4,,,,,,
151095,15,7,8,1578,,,,,,,,A,N,N,2,standing dead,2.7,,,,,,
151091,15,7,8,1578,,,,,,,,A,N,N,2,standing dead,2.8,,,,,,
150650,15,8,9,1589,,,,,,,,A,N,N,2,standing broken,26.5,8.2,20.8,,,,
150650,15,8,9,1589,,,,,,,,B,N,N,2,standing broken,20.8,,,18.4,4.4,,
no tag,15,8,8,1588,,,,,,,,A,N,N,3,stump,,,,,,,
no tag,15,8,8,1588,,,,,,,,A,N,N,3,stump,,,,,,,
152925,15,6,8,1568,,,,,,,,A,N,N,3,standing broken,13.5,2.5,10.7,,,,
152925,15,6,8,1568,,,,,,,,B,N,N,3,standing broken,10.7,,,8.9,1.7,,
no tag,15,7,7,1577,,,,,,,,A,N,N,3,stump,,,,,,,
150049,15,8,6,1586,,,,,,,,A,N,N,2,lying whole,17,,,7.4,12.7,stump in x9 y6,
no tag,15,10,6,15106,,,,,,,,A,N,N,3,stump,,,,,,,
150253,15,10,7,15107,,,,,,,,A,N,Y,1,lying cut,43.2,,,40.1,7.3,,
150253,15,9,6,1596,,,,,,,,B,N,Y,1,lying cut,39.4,,,36.1,3.8,,
150248,15,10,7,15107,,,,,,,,A,N,Y,1,standing broken,8.8,2.5,8,,,,
150248,15,10,7,15107,,,,,,,,B,N,Y,1,standing broken,8,,,7.7,2.5,,
150280,15,10,9,15109,,,,,,,,A,W,N,1,lying broken,58.7,,,29.2,23.3,,
150280,15,10,7,15107,,,,,,,,B,W,N,1,lying broken,28.9,,,24,2.9,,
150056,15,9,8,1598,,,,,,,,A,N,N,2,standing broken,22.4,11.3,,,,no top,
150264,15,10,8,15108,,,,,,,,A,N,N,2,standing dead,13.7,,,,,,
150269,15,10,9,15109,,,,,,,,A,N,N,2,standing dead,5.7,,,,,,
150080,15,9,10,15910,,,,,,,,A,N,N,2,standing dead,8.6,,,,,,
150077,15,9,10,15910,,,,,,,,A,N,N,3,standing broken,34.6,,30.3,,,,
150077,15,9,10,15910,,,,,,,,B,N,N,3,standing broken,30.3,,,30.3,6.4,,
150089,15,9,10,15910,,,,,,,,A,N,N,3,lying whole,10.4,,,8.9,7.8,,
150091,15,9,10,15910,,,,,,,,A,N,Y,3,lying cut,13.3,,,13.2,4.3,,
160400,16,8,4,1684,,,,,,,,A,N,N,2,lying whole,15.3,,,8.3,12.6,Pinus,
no tag,16,8,7,1687,,,,,,,,A,N,Y,1,lying broken,8.7,,,7.6,4.8,,
no tag,16,8,7,1687,,,,,,,,B,N,Y,1,lying broken,7,,,5.5,2.1,,
no tag,16,2,5,1625,,,,,,,,A,N,N,2,lying whole,15.8,,,5.4,7.3,,
160800,16,4,5,1645,,,,,,,,A,N,N,3,standing broken,52.4,13.4,36.5,,,,
160800,16,4,5,1645,,,,,,,,B,N,N,3,standing broken,36.5,,,27.4,5.9,,
161108,16,4,5,1645,,,,,,,,A,N,N,3,lying whole,25,,,12.5,12,,
no tag,16,5,3,1653,,,,,FAGR,28,,A,N,N,3,lying whole,34.6,,,25.5,7.6,,
no tag,16,5,3,1653,,,,,,,,A,N,N,3,lying whole,16.4,,,13.6,6.1,,
no tag,16,5,2,1652,,,,,,,,A,N,N,3,lying whole,9.9,,,4,10.3,,
no tag,16,5,1,1651,,,,,CACA18,14,,A,N,N,2,lying whole,7.8,,,7.7,7.1,,
160961,16,4,1,1641,,,,,CACA18,14,,A,N,N,1,lying whole,13.8,,,2.8,6.9,,
no tag,16,3,2,1632,,,,,,,,A,N,N,3,lying whole,22.7,,,16.7,10.8,,
161938,16,2,2,1622,,,,,,,,A,N,N,2,standing broken,19.6,11,12.4,,,,
161938,16,1,2,1612,,,,,,,,B,N,N,2,standing broken,12.4,,,7.7,4.1,,
161567,16,3,6,1636,,,,,,,,A,N,N,3,standing dead,117,,,,,,
163184,16,4,2,1642,,,,,,,,A,N,N,2,standing dead,5.2,,,,,,
162633,16,5,8,1658,,,,,,,,A,N,N,2,lying whole,19,,,4.4,9.7,beaver,
no tag,16,5,8,1658,,,,,,,,A,N,N,3,stump,,,,,,,
no tag,16,5,8,1658,,,,,,,,A,N,N,3,stump,,,,,,,
no tag,16,5,8,1658,,,,,,,,A,N,N,3,stump,,,,,,,
no tag,16,5,8,1658,,,,,,,,A,N,Y,3,lying cut,55.2,,,50.3,2.7,cannot tell origin,
no tag,16,5,8,1658,,,,,,,,A,N,Y,3,lying cut,57.1,,,52.1,5,cannot tell origin,
no tag,16,5,8,1658,,,,,,,,A,N,Y,3,lying cut,75.7,,,64,1.3,cannot tell origin,
no tag,16,4,8,1648,,,,,,,,A,N,N,3,lying whole,24.5,,,5.5,9,"beaver, stump split at 1.3",
no tag,16,4,9,1649,,,,,,,,A,N,N,3,stump,,,,,,,
no tag,16,4,9,1649,,,,,,,,A,N,Y,3,lying cut,38.4,,,37,2.8,cannot tell origin,
no tag,16,4,9,1649,,,,,,,,A,N,Y,3,lying cut,43.3,,,38.7,2.6,cannot tell origin,
no tag,16,4,9,1649,,,,,,,,A,N,Y,3,lying cut,51.3,,,49.6,3,cannot tell origin,
no tag,16,4,9,1649,,,,,,,,A,N,Y,3,lying cut,63.5,,,50,2.6,cannot tell origin,
no tag,16,4,9,1649,,,,,,,,A,N,Y,3,lying cut,65,,,63.9,1.7,cannot tell origin,
no tag,16,4,9,1649,,,,,,,,A,N,Y,3,lying cut,64.4,,,64.4,1.4,cannot tell origin,
no tag,16,3,9,1639,,,,,,,,A,N,Y,3,lying cut,34.9,,,32.6,1.9,cannot tell origin,
no tag,16,3,9,1639,,,,,,,,A,N,Y,3,lying cut,32,,,21.9,2.1,cannot tell origin,
no tag,16,3,9,1639,,,,,,,,A,N,Y,3,lying cut,55.1,,,49.6,3.4,cannot tell origin,
no tag,16,3,9,1639,,,,,,,,A,N,Y,3,lying cut,49.4,,,43.8,3.9,cannot tell origin,
no tag,16,3,9,1639,,,,,,,,A,N,N,3,stump,,,,,,,
no tag,16,2,9,1629,,,,,,,,A,N,N,3,lying whole,66.6,,,54,6.6,,
no tag,16,2,9,1629,,,,,,,,A,N,N,3,stump,,,,,,,
no tag,16,3,10,16310,,,,,,,,A,N,N,3,lying whole,42.3,,,34.7,2.5,,
no tag,16,3,10,16310,,,,,,,,A,N,N,3,lying whole,25.6,,,18.3,7,,
no tag,16,2,10,16210,,,,,,,,A,N,N,3,lying whole,29.8,,,20.5,4.8,,
no tag,16,2,10,16210,,,,,,,,A,N,N,3,stump,,,,,,,
no tag,16,2,10,16210,,,,,,,,A,N,N,3,stump,,,,,,,
no tag,16,2,10,16210,,,,,,,,A,N,N,3,stump,,,,,,,
162787,16,2,10,16210,,,,,,,,A,N,N,3,stump,,,,,,,
162785,16,3,10,16310,,,,,,,,A,N,N,3,standing broken,54.7,4,52.5,,,,
162785,16,3,10,16310,,,,,,,,B,N,N,3,standing broken,52.5,,,28.1,18.1,,
no tag,16,6,2,1662,,,,,,,,A,N,N,3,stump,,,,,,,
no tag,16,7,1,1671,,,,,,,,A,N,N,3,lying whole,15.7,,,12,14.7,,
160113,16,9,1,1691,,,,,,,,A,N,N,1,standing broken,12,,8.2,,,,
160113,16,9,1,1691,,,,,,,,B,N,N,1,standing broken,8.2,,,2.7,7.8,,
no tag,16,9,1,1691,,,,,,,,A,N,N,3,lying whole,12.1,,,10.1,7.6,Pinus,
no tag,16,9,1,1691,,,,,,,,A,N,N,2,lying whole,7,,,,9.7,leaning,
160023,16,10,2,16102,,,,,,,,A,N,N,2,lying whole,2.8,,,2,2.2,,
no tag,16,10,2,16102,,,,,,,,A,N,N,3,lying whole,10.6,,,5.6,7.8,,
no tag,16,9,2,1692,,,,,,,,A,N,N,3,lying whole,8.7,,,6.4,6.9,,
160226,16,7,2,1672,,,,,,,,A,N,Y,2,lying cut,16.6,,,10.7,7.5,,
160226,16,7,2,1672,,,,,,,,B,N,Y,2,lying cut,10.2,,,8.8,2.3,,
no tag,16,8,3,1683,,,,,,,,A,N,N,3,stump,,,,,,,
no tag,16,8,3,1683,,,,,,,,A,N,N,3,lying whole,9.1,,,8,2.5,,
160120,16,9,2,1692,,,,,,,,A,N,N,3,standing broken,15.7,1.5,9,,,,
160120,16,9,2,1692,,,,,,,,B,N,N,3,standing broken,9,,,7.8,9.9,,
160028,16,10,2,16102,,,,,,,,A,N,N,3,standing broken,8.4,1.7,,,,top?,
no tag,16,8,4,1684,,,,,,,,A,N,N,3,lying broken,33.5,,,23.5,15.4,,
no tag,16,9,2,1692,,,,,,,,B,N,N,3,lying broken,21.2,,,19,1.9,,
no tag,16,9,2,1692,,,,,,,,C,N,N,3,lying broken,18.5,,,16.5,2.2,,
no tag,16,10,2,16102,,,,,,,,A,N,N,3,lying whole,8.9,,,4.6,10,,
no tag,16,9,3,1693,,,,,,,,A,N,N,3,lying whole,8,,,5.7,6.4,,
160148,16,9,3,1693,,,,,,,,A,N,N,2,standing dead,21.1,,,,,,
no tag,16,10,3,16103,,,,,,,,A,N,N,3,lying whole,16.4,,,13.5,6.2,,
no tag,16,10,3,16103,,,,,,,,A,N,N,3,lying whole,15.4,,,10.4,6.3,,
no tag,16,10,3,16103,,,,,,,,A,N,N,2,lying whole,4,,,2.8,3.2,,
160161,16,9,4,1694,,,,,,,,A,N,N,3,standing dead,17.7,,,,,leaning,
no tag,16,9,4,1694,,,,,,,,A,N,N,3,stump,,,,,,,
no tag,16,9,4,1694,,,,,,,,A,N,N,3,stump,,,,,,,
160407,16,9,4,1694,,,,,,,,A,N,N,2,standing dead,6.6,,,,,stump sprouts,
160186,16,9,5,1695,,,,,,,,A,N,N,2,lying broken,7.8,,,7,2,,
160186,16,9,4,1694,,,,,,,,B,N,N,2,lying broken,7,,,3.3,5.3,,
160644,16,8,7,1687,,,,,,,,A,N,N,1,lying cut,2.3,,,,,,
no tag,16,10,6,16106,,,,,,,,A,N,N,3,stump,,,,,,,
no tag,16,9,7,1697,,,,,,,,A,N,N,3,stump,,,,,,,
no tag,16,9,7,1697,,,,,,,,A,N,N,3,lying whole,43.5,,,33.1,,,
no tag,16,9,7,1697,,,,,,,,A,N,Y,3,stump,,,,,,,
no tag,16,8,7,1687,,,,,,,,A,N,Y,1,lying whole,16.2,,,4.1,13.5,,
160279,16,9,8,1698,,,,,,,,A,N,N,2,standing dead,2.7,,,,,,
160280,16,9,8,1698,,,,,,,,A,N,N,2,standing dead,2.6,,,,,,
162457,16,9,9,1699,,,,,,,,A,N,N,2,standing dead,30.6,,,,,,
162435,16,10,9,16109,,,,,,,,A,N,N,3,standing dead,49.6,,,,,,
162431,16,10,9,16109,,,,,,,,A,N,N,3,standing broken,80.5,6.1,26.2,,,"second stem, but not found",
162431,16,10,9,16109,,,,,,,,B,N,N,3,standing broken,26.2,,,7.2,16.2,,
162765,16,10,10,161010,,,,,,,,A,N,N,3,standing broken,,,,,,no top,
162458,16,9,9,1699,,,,,,,,A,N,N,3,standing broken,36.8,5.5,,,,,
162465,16,9,9,1699,,,,,,,,A,N,N,2,standing dead,1.7,,,,,,
no tag,16,9,9,1699,,,,,,,,A,N,N,3,stump,,,,,,,
162771,16,8,10,16810,,,,,,,,A,N,N,2,standing dead,53.4,,,,,,
162770,16,8,10,16810,,,,,,,,A,N,N,2,standing dead,30.2,,,,,,
162684,16,8,9,1689,,,,,,,,A,N,N,3,standing broken,25.3,3,,,,no top,
162685,16,8,9,1689,,,,,,,,A,N,N,2,standing dead,15.5,,,,,,
162687,16,8,9,1689,,,,,,,,A,N,N,2,standing dead,8.2,,,,,,
162689,16,8,9,1689,,,,,,,,A,N,N,2,standing dead,,,,,,,
162696,16,8,9,1689,,,,,,,,A,N,N,2,standing dead,28.5,,,,,,
162707,16,8,9,1689,,,,,,,,A,N,N,2,standing dead,18.3,,,,,,
162706,16,7,9,1679,,,,,,,,A,N,N,2,standing dead,23.2,,,,,,
162691,16,8,9,1689,,,,,,,,A,N,N,2,standing dead,6.8,,,,,,
162692,16,8,9,1689,,,,,,,,A,N,N,2,standing dead,10,,,,,,
162695,16,8,9,1689,,,,,,,,A,N,N,2,standing dead,7.6,,,,,,
162693,16,8,9,1689,,,,,,,,A,N,N,2,standing dead,11.9,,,,,,
no tag,16,8,9,1689,,,,,,,,A,N,N,3,lying whole,22.9,,,16.4,5.9,,
162752,16,6,9,1669,,,,,,,,A,N,N,3,standing broken,74.4,4,,,,no top,
no tag,16,6,9,1669,,,,,,,,A,N,N,3,lying whole,40.6,,,32.9,2.5,,
no tag,16,7,9,1679,,,,,,,,A,N,N,3,lying whole,35.1,,,27,13,,
no tag,16,7,9,1679,,,,,,,,A,N,N,3,lying whole,46.8,,,20.6,9.5,,
